21.9408,2.44415,310.176,13763071,0.0535822
402.697,2.71151,60.2451,12780031,0.0371644
43.9012,2.75813,178.218,10617343,0.0364362
409.167,3.03958,60.4105,11076095,0.0174191
60.4322,3.37198,23.579,6357503,0.0247166
115.687,3.52817,81.7554,10879487,0.0141716
115.687,3.52817,5.40015,10879487,0.0141716
539.155,3.31513,175.437,6750719,0.0252314
214.198,5.4897,229.939,11928063,0.0330204
461.345,6.52932,65.7466,12714495,0.0238897
326.871,6.79456,244.485,11993599,0.0212873
326.871,6.79456,40.0948,11993599,0.0212873
399.862,7.46798,62.8893,12255743,0.0283643
539.553,7.59031,178.409,12714495,0.0276392
335.179,9.05194,356.779,3146239,0.0382527
734.006,8.9327,351.945,7799295,0.021841
23.2488,9.90445,301.717,10355199,0.0275184
23.2488,9.90445,45.5638,10355199,0.0275184
247.932,10.4468,191.861,11600383,0.0148697
393.937,10.6357,64.6542,10355199,0.0313531
866.127,11.4292,171.17,1442559,0.0749939
866.127,11.4292,6.11328,1442559,0.0749939
57.9648,11.3854,354.045,9961983,0.0243744
539.651,11.9952,178.92,5898751,0.0288979
204.286,14.1388,229.715,9175551,0.0337404
267.953,14.1363,237.798,5374463,0.0209156
267.953,14.1363,20.2156,5374463,0.0209156
387.762,13.7931,60.1997,4522495,0.0285482
303.813,14.4005,181.694,16253439,0.0165107
322.49,14.558,312.391,7733759,0.0143629
322.49,14.558,202.85,7733759,0.0143629
252.588,15.1185,205.349,2228735,0.0264787
18.1489,16.6201,243.021,721407,0.04042
382.54,16.4537,61.9236,10682879,0.028168
832.67,16.4108,249.034,8126975,0.0646959
832.67,16.4108,94.2968,8126975,0.0646959
27.7855,16.8942,336.67,7471615,0.0304799
27.7855,16.8942,227.198,7471615,0.0304799
66.9883,17.2151,170.019,1769983,0.0190219
730.402,17.5366,25.941,10486271,0.0159881
379.456,18.4154,66.8954,12059135,0.0277622
215.401,19.787,50.7609,7733759,0.0240763
305.481,19.5346,11.184,5964287,0.0229231
539.889,19.877,176.911,7340543,0.0299252
285.919,20.5152,278.262,3015167,0.0178094
285.919,20.5152,182.778,3015167,0.0178094
311.272,20.5483,220.268,1180159,0.0258311
730.185,20.8112,0.524963,4653567,0.0169167
8.03825,21.3031,338.097,7733759,0.0476675
733.167,21.4577,1.56494,2687487,0.0325282
35.8435,22.2728,45.6555,1638911,0.052652
194.827,21.9871,230.117,9372159,0.0334917
409.627,21.9073,209.49,4194815,0.029489
342.281,22.4253,241.053,3604991,0.0255305
506.357,22.6256,350.209,7930367,0.0229026
506.357,22.6256,180.255,7930367,0.0229026
896.961,23.3456,175.133,6554111,0.0341409
540.217,24.1751,183.019,14221823,0.0285839
208.837,24.4733,49.3187,328191,0.0259156
243.411,24.345,203.944,12124671,0.0175099
338.744,24.4715,242.175,2228735,0.0252929
730.414,24.3963,357.652,15335935,0.0208413
32.3297,25.1143,43.3828,11338239,0.0615525
35.2234,25.5112,45.9918,2294271,0.0314654
29.5968,26.2077,125.287,6423039,0.0429755
56.1859,25.5218,357.303,15729151,0.0235139
56.1859,25.5218,189.744,15729151,0.0235139
877.464,25.7811,357.498,1835519,0.0464416
877.464,25.7811,180.663,1835519,0.0464416
7.97071,26.6662,314.206,1245695,0.0345246
26.0632,26.5446,6.33237,13304319,0.0492029
540.447,28.2154,176.12,10945023,0.0257738
313.566,28.3264,211.282,9372159,0.0198552
733.667,28.4378,354.059,11731455,0.0259113
203.652,28.9598,48.9084,5964287,0.0256168
799.406,28.9357,3.51669,13107711,0.0723238
799.406,28.9357,174.03,13107711,0.0723238
185.753,29.6737,229.927,6750719,0.032796
356.177,30.2956,62.6012,3211775,0.0341223
27.2752,31.0419,33.3907,6029823,0.0233209
299.018,32.0045,36.7347,3146239,0.0149345
540.502,32.2256,175.508,12452351,0.0268291
14.974,32.6009,95.1523,12845567,0.038134
181.876,33.0679,229.768,1704447,0.0351789
330.646,33.3848,206.831,5571071,0.0269889
2.67191,34.8477,316.699,9044479,0.0391904
234.818,35.693,229.193,11403775,0.0503295
880.088,35.7258,348.276,4325887,0.0358768
540.891,36.0583,171.24,2949631,0.0256937
344.066,37.0071,358.245,5636607,0.0377388
344.066,37.0071,34.6842,5636607,0.0377388
341.627,39.0721,356.084,13763071,0.0263115
802.162,39.277,167.126,8782335,0.0449785
802.162,39.277,82.2355,8782335,0.0449785
173.413,40.1147,232.318,4719103,0.0355176
300.926,40.1168,347.324,1704447,0.0226345
300.926,40.1168,207.159,1704447,0.0226345
310.463,40.3504,153.268,3015167,0.0393817
540.798,40.2554,190.393,8782335,0.0283955
880.367,40.9855,66.7893,11076095,0.031399
880.367,40.9855,12.0243,11076095,0.031399
864.085,42.1586,263.006,7799295,0.0498385
875.313,42.0731,166.648,7143935,0.0351105
54.2615,42.3912,5.28271,15204863,0.0134626
278.367,42.6124,6.57544,11076095,0.0330917
813.092,42.5654,0.345093,13238783,0.0178397
16.0517,42.9311,299.956,16253439,0.0433803
186.482,43.1498,47.274,5964287,0.0190252
223.793,42.9473,54.9302,983551,0.053393
239.099,43.2966,358.248,8978943,0.0573054
808.046,43.4549,176.704,4194815,0.0210646
296.483,44.732,5.50519,7799295,0.0268379
541.091,44.6372,178.818,9306623,0.0262713
733.007,44.9026,348.324,10813951,0.0213936
287.145,45.4943,204.006,3670527,0.0313937
343.411,45.7804,11.0464,10420735,0.0288483
776.003,45.2928,79.1134,14221823,0.0391547
182.261,46.7306,49.9169,14090751,0.0248957
362.036,46.3464,239.769,13369855,0.024656
9.28632,48.1321,355.34,16253439,0.0570659
9.28632,48.1321,112.382,16253439,0.0570659
144.538,49.1937,357.277,3146239,0.0167216
144.538,49.1937,97.036,3146239,0.0167216
541.605,49.1783,175.039,11928063,0.0273297
224.336,49.6447,171.496,16122367,0.038734
224.336,49.6447,62.4718,16122367,0.038734
825.879,50.702,264.226,8716799,0.0501327
263.786,51.2936,191.133,1114623,0.0253564
813.159,50.78,270.626,8389119,0.033465
258.176,51.8015,147.983,2032127,0.0185995
734.507,51.8968,348.914,5374463,0.0219994
808.084,51.7878,247.225,10945023,0.0321985
319.207,53.304,25.1635,131839,0.0291297
541.43,52.9751,179.847,1114623,0.0277766
501.929,54.779,356.649,11993599,0.0250197
803.032,55.5588,252.898,10486271,0.049644
803.032,55.5588,82.3069,10486271,0.049644
762.879,56.078,177.952,786943,0.0170996
813.398,56.1976,66.3707,15008255,0.0312043
150.4,56.3742,282.78,12845567,0.0140998
797.427,56.6926,264.5,4915711,0.0545862
797.427,56.6926,69.0422,4915711,0.0545862
878.144,56.5377,172.162,5571071,0.0456728
878.144,56.5377,6.03253,5571071,0.0456728
262.124,57.0119,55.4318,10813951,0.0304445
308.182,58.1495,234.575,1180159,0.0306899
308.182,58.1495,46.516,1180159,0.0306899
735.653,58.6903,347.818,7799295,0.0200527
14.2032,58.8513,148.975,4522495,0.0679423
14.2032,58.8513,69.4906,4522495,0.0679423
319.841,59.0312,298.377,4063743,0.0211252
233.401,59.8805,176.496,14746111,0.0220845
297.754,59.9434,342.862,2032127,0.0218275
328.027,60.6235,235.953,3604991,0.0192954
542.027,61.05,176.197,6750719,0.0281036
76.6435,61.1629,221.056,8454655,0.0496257
76.6435,61.1629,30.6453,8454655,0.0496257
295.08,61.326,213.759,7275007,0.020687
878.354,62.4741,357.033,6881791,0.0413296
269.688,63.0297,256.099,3670527,0.0259647
269.688,63.0297,130.417,3670527,0.0259647
431.482,63.1225,189.029,1442303,0.0239034
393.101,63.5422,331.861,9110015,0.0244342
763.416,63.4628,179.912,393727,0.0188669
428.968,64.8334,188.134,6095359,0.0509895
428.968,64.8334,10.4257,6095359,0.0509895
307.962,65.4426,153.406,7733759,0.0269806
75.9743,66.3193,26.5714,10551807,0.0310471
740.088,66.639,350.55,4850175,0.027204
763.259,66.973,175.249,4063743,0.0175976
303.392,67.4784,336.55,4522495,0.0358189
895.604,67.9653,183.797,13763071,0.0382361
542.349,69.0858,179.968,197119,0.0267069
345.234,70.5856,200.051,11731455,0.022577
225.379,70.5615,233.023,10093055,0.0718733
225.379,70.5615,91.2089,10093055,0.0718733
428.171,70.5995,183.04,14746111,0.0474588
428.171,70.5995,8.29785,14746111,0.0474588
263.868,71.0251,30.6861,8454655,0.0290002
280.124,71.0439,277.857,4784639,0.023297
284.873,71.1429,36.3155,7930367,0.0229774
881.016,71.0103,345.852,5767679,0.0360616
881.016,71.0103,267.769,5767679,0.0360616
28.4766,72.0363,294.151,5505535,0.0253332
191.596,72.1158,4.19003,5439999,0.0416422
875.803,71.9477,250.056,14549503,0.0330321
875.803,71.9477,192.826,14549503,0.0330321
234.396,72.653,175.025,7275007,0.0203819
220.946,73.3461,240.491,15073791,0.0834069
220.946,73.3461,55.8282,15073791,0.0834069
542.537,73.6033,189.397,9372159,0.0292721
741.097,73.4162,349.406,15925759,0.0203822
186.107,74.0784,177.211,8651263,0.0165172
427.924,73.9506,183.441,12583423,0.0469388
427.924,73.9506,6.03308,12583423,0.0469388
763.535,74.3528,180.692,2818559,0.0187207
217.052,75.734,238.227,13631999,0.0786481
217.052,75.734,58.6283,13631999,0.0786481
864.895,76.9577,263.637,10879487,0.0505577
864.895,76.9577,69.7636,10879487,0.0505577
17.1703,77.2873,221.534,13828607,0.0289243
427.713,77.5016,3.70984,9175551,0.0460446
427.713,77.5016,181.084,9175551,0.0460446
226.165,77.841,197.382,5571071,0.0644739
542.622,77.9995,177.087,4129279,0.0262935
292.011,78.2909,202.848,262655,0.0489513
294.81,78.5553,194.826,8651263,0.0193209
870.842,78.5421,94.1131,2097663,0.0166302
319.428,78.9815,41.6621,13107711,0.0353639
430.181,79.4423,180.188,6423039,0.0234637
775.223,80.7305,0.349304,8520191,0.0419761
775.223,80.7305,239.654,8520191,0.0419761
84.3875,81.7039,171.9,15598079,0.0202538
226.42,81.425,171.944,655871,0.0470864
263.4,81.524,309.143,11076095,0.0228087
263.4,81.524,200.359,11076095,0.0228087
281.442,82.897,137.173,14877183,0.0136702
26.7278,84.1772,75.1928,7275007,0.0474483
814.082,83.7955,272.142,8192511,0.0338797
826.887,84.1501,263.967,12583423,0.0527
87.0387,84.5416,175.123,4588031,0.0202379
169.91,85.0933,354.986,13566463,0.0380969
169.91,85.0933,179.183,13566463,0.0380969
430.024,85.0739,178.341,4784639,0.0246166
276.381,85.5487,345.325,6488575,0.0230858
269.981,85.9142,221.061,10813951,0.0191682
269.981,85.9142,154.515,10813951,0.0191682
269.981,85.9142,58.8838,10813951,0.0191682
503.962,85.7839,357.744,9110015,0.0261551
543.063,85.8777,177.623,9175551,0.0243358
42.0478,88.0637,307.176,3015167,0.025961
803.864,88.2888,81.9904,5964287,0.048404
11.9766,88.8831,120.076,13894143,0.0133836
11.9766,88.8831,57.0876,13894143,0.0133836
503.981,89.6672,357.391,15532543,0.0256837
543.52,89.6839,175.315,15401471,0.0239374
798.433,89.2748,263.346,6029823,0.0528495
798.433,89.2748,73.6137,6029823,0.0528495
41.5289,91.0071,47.8701,5177855,0.0751051
744.544,90.8437,348.268,1049087,0.0184911
430.42,91.9254,176.647,1442303,0.0245689
32.4202,92.2439,57.9577,11338239,0.0517249
32.4202,92.2439,29.7777,11338239,0.0517249
264.028,92.4678,206.15,9110015,0.0234262
264.028,92.4678,104.31,9110015,0.0234262
21.4246,93.6063,205.681,6488575,0.0256731
27.8883,93.3929,320.708,9437695,0.0461781
202.421,93.6992,180.084,10289663,0.0157605
222.331,93.4435,351.016,5505535,0.0543376
543.519,94.1076,180.198,3604991,0.0235625
253.07,95.4059,84.1644,8520191,0.0263932
11.7422,97.7398,60.1912,14746111,0.0344901
267.651,98.7868,138.934,7143935,0.0265209
21.052,99.957,83.679,15008255,0.0308172
21.052,99.957,46.8959,15008255,0.0308172
743.588,99.8692,353.849,13369855,0.0200057
14.5472,100.527,300.215,10748415,0.0679638
14.5472,100.527,130.447,10748415,0.0679638
181.202,100.408,216.991,8782335,0.0557561
746.653,101.489,351.465,8651263,0.0268716
544.052,102.437,179.014,15401471,0.0228237
218.928,103.322,21.359,721407,0.0532156
80.3885,103.536,0.702576,8061439,0.0378354
346.368,104.548,179.965,8454655,0.0464741
544.006,106.219,176.095,11534847,0.0223522
268.735,106.918,186.906,3932671,0.0247514
346.312,106.907,179.95,14287359,0.0442448
213.026,107.329,14.3412,10093055,0.0477968
80.4661,108.027,356.976,11207167,0.0433719
431.284,109.099,176.299,3670527,0.0246094
7.17459,109.392,271.779,5374463,0.0204384
86.5882,109.335,173.739,4588031,0.0215792
883.679,109.398,261.919,1377023,0.0261552
544.388,110.164,179.22,7799295,0.0214556
745.492,109.899,350.114,6881791,0.0200957
748.603,111.357,347.909,11534847,0.019785
21.3561,112.428,27.2617,12190207,0.0577314
249.247,113.579,185.401,983551,0.0199763
268.938,114.523,193.795,7864831,0.0146377
850.594,114.411,259.831,197375,0.0270151
19.0963,115.758,20.7041,16056831,0.0428536
253.987,116.846,39.4502,8651263,0.0280516
268.845,117.083,199.33,12976639,0.0185699
835.025,116.854,259.834,1377023,0.0283679
191.179,118.317,12.786,13238783,0.0424925
775.703,119.013,262.905,12386815,0.0345303
759.328,119.273,69.1613,12059135,0.0211196
87.2416,119.682,176.64,16581119,0.0232521
746.757,120.438,55.9068,12255743,0.0277079
21.334,122.31,350.658,1180159,0.0204893
432.094,122.393,176.308,9830911,0.0214081
518.511,122.592,80.9619,14156287,0.0175298
261.343,122.911,182.977,10289663,0.0295462
794.773,123.479,260.184,6750719,0.0356126
790.876,124.039,260.685,8520191,0.0297266
34.0608,124.897,296.589,10355199,0.0211444
134.312,125.373,296.159,9437695,0.0281721
179.665,126.628,238.937,4653567,0.0445537
774.29,126.655,259.785,9175551,0.0296994
541.934,126.949,175.796,11928063,0.0299739
619.996,127.072,183.383,11403775,0.0134174
619.996,127.072,23.4678,11403775,0.0134174
35.3002,127.955,294.068,8126975,0.0353792
50.9729,127.79,184.564,3342847,0.0467303
176.905,128.156,241.997,786943,0.0407491
737.755,129.561,0.402863,8716799,0.0188669
282.976,130.833,200.716,9110015,0.0185386
21.4845,132.576,301.73,9241087,0.0165785
49.294,132.848,239.543,7275007,0.039618
120.396,134.175,357.837,6488575,0.0141447
120.396,134.175,294.065,6488575,0.0141447
120.396,134.175,238.737,6488575,0.0141447
262.035,133.914,208.572,12845567,0.0223658
157.179,134.565,271.149,13959679,0.0199746
741.421,134.579,4.18103,6291967,0.0231234
663.874,134.965,318.893,4719103,0.0146153
663.874,134.965,273.639,4719103,0.0146153
264.426,135.598,151.829,3670527,0.031381
264.426,135.598,24.7536,3670527,0.031381
347.445,135.343,175.262,8258047,0.0470832
45.2843,138.009,223.583,6488575,0.0244767
45.2843,138.009,152.864,6488575,0.0244767
544.948,138.866,172.435,6881791,0.0270652
47.9885,140.79,291.684,8192511,0.0440496
47.9885,140.79,155.979,8192511,0.0440496
741.492,141.348,357.822,5308927,0.0305773
9.71784,143.153,54.6299,8716799,0.013703
14.0987,143.451,109.503,4325887,0.0138057
14.0987,143.451,73.4589,4325887,0.0138057
18.543,143.725,72.6931,5833215,0.019506
738.532,143.254,0.264404,7471615,0.0251598
347.957,143.831,357.712,7340543,0.0450277
347.957,143.831,174.882,7340543,0.0450277
542.986,143.982,177.66,13304319,0.0298554
741.563,144.382,0.154877,16646655,0.028444
348.179,146.556,355.417,12452351,0.0441537
348.179,146.556,174.435,12452351,0.0441537
82.9418,147.071,348.28,11403775,0.0164591
233.054,147.581,172.097,2032127,0.0179993
31.6807,147.765,288.213,10813951,0.0208115
408.586,148.599,240.432,10682879,0.0223996
741.513,148.456,358.631,2621951,0.0293272
348.548,149.609,177.098,1049087,0.046786
738.659,150.356,358.637,10027519,0.0229446
29.0438,150.965,130.67,12583423,0.0205954
83.311,151.722,2.2041,14680575,0.0201019
28.1894,153.578,131.048,1049087,0.0214595
741.839,155.576,356.48,3932671,0.0338588
394.928,155.918,242.152,11403775,0.029479
348.955,157.631,355.201,6488575,0.0442631
348.955,157.631,175.115,6488575,0.0442631
377.432,157.865,59.995,6292223,0.0300268
738.832,157.557,355.337,11796991,0.0223388
896.623,158.018,268.057,2621951,0.016397
638.82,158.545,103.204,2097663,0.026383
197.58,160.076,1.76498,8192511,0.0410756
630.544,160.171,87.682,10224127,0.0192744
90.4419,161.043,176.865,6160895,0.0213708
314.365,161.09,4.88593,14418431,0.0264963
739.034,160.946,359.24,6488575,0.0237906
321.063,161.509,224.029,8192511,0.0568662
642.093,161.657,107.994,10748415,0.0210238
748.116,161.556,265.222,852479,0.0210685
742.069,162.717,358.761,8126975,0.0326789
268.879,165.293,199.111,6816511,0.0229108
625.232,165.078,180.696,2032127,0.0197248
249.362,168.137,237.994,4915711,0.0383762
739.213,168.198,356.5,6619647,0.0214939
214.446,169.461,178.297,15139327,0.0171886
625.038,169.314,181.241,6488575,0.0212013
351.122,171.832,168.958,10748415,0.0419455
369.953,172.154,244.825,15073791,0.0241923
618.696,172.526,280.219,11665919,0.0203568
618.696,172.526,90.4614,11665919,0.0203568
185.711,173.032,128.73,8126975,0.0407082
185.711,173.032,26.0795,8126975,0.0407082
624.972,173.745,141.978,7275007,0.024221
624.972,173.745,94.4641,7275007,0.024221
649.657,173.857,157.968,7537151,0.0392362
178.971,174.906,359.837,9372159,0.0375296
618.333,175.409,98.9094,11076095,0.0219953
653.473,176.028,155.978,6423039,0.0187567
341.093,176.553,169.314,12190463,0.0274949
612.491,176.532,142.664,11207167,0.0207442
612.491,176.532,28.909,11207167,0.0207442
637.469,176.529,147.915,6881791,0.0244731
637.469,176.529,23.8511,6881791,0.0244731
742.44,176.709,356.485,12255743,0.0283302
207.949,177.205,179.256,16318975,0.014405
215.016,177.833,177.952,14811647,0.0198183
321.466,177.507,297.547,1966591,0.048344
321.466,177.507,48.7761,1966591,0.048344
544.514,177.355,178.696,9437695,0.0295267
623.443,178.278,272.858,8782335,0.0287366
634.83,178.255,266.703,15139327,0.0312023
739.385,178.814,355.348,16056831,0.0202474
869.456,181.157,258.403,262655,0.0147116
290.528,182.036,181.554,6816255,0.0292599
742.692,183.928,0.858826,12124671,0.0256672
232.477,185.567,236.906,4915711,0.0628276
232.477,185.567,38.4146,4915711,0.0628276
158.447,187.151,178.451,9110015,0.0142359
337.072,187.13,240.246,2425343,0.0226839
894.73,187.398,90.4156,11338239,0.0211832
880.564,188.676,86.3567,9699839,0.0216378
883.763,188.495,81.873,8978943,0.017503
887.724,188.459,85.3535,5112319,0.0164193
876.082,189.099,80.8686,9241087,0.0232495
259.4,190.987,266.02,262655,0.0149115
836.018,192.29,85.1895,8716799,0.0195528
823.338,193.408,86.2894,8454655,0.0176849
742.676,194.091,358.525,3408383,0.0232117
810.937,194.335,82.2345,4981247,0.0192132
803.376,194.886,84.6743,5112319,0.021072
799.053,195.342,84.9616,10224127,0.0198286
310.816,196.162,61.0872,10158591,0.0265436
787.299,196.358,80.0504,2949631,0.0185112
20.6233,197.303,13.0954,5112319,0.0180425
86.4703,197.559,333.387,11207167,0.034479
542.014,197.637,349.951,7864831,0.029576
56.0294,198.054,182.439,5308927,0.0192609
743.012,197.961,5.75555,10945023,0.0211239
180.953,198.656,356.868,4588031,0.0357695
597.444,199.877,276.617,2294271,0.0135359
760.911,201.091,87.025,8585727,0.0155228
542.5,202.18,345.051,12452351,0.0256262
87.0719,203.334,4.19345,10879487,0.0262231
184.786,203.572,244.85,11403775,0.0228992
178.184,204.005,358.543,14615039,0.0418818
295.157,204.666,61.3018,2753279,0.0215558
96.3012,205.695,180.246,5374463,0.0252439
775.557,206.17,268.992,9241087,0.0175834
172.291,206.909,4.37317,7995903,0.0301588
299.162,207.315,240.969,13566463,0.0227186
880.671,210.315,91.883,2359807,0.0138151
883.164,210.596,72.3669,7537151,0.0138856
227.905,211.467,91.0466,4850175,0.019775
47.9857,212.085,84.8361,4784639,0.0160693
198.86,212.033,90.6699,9961983,0.0153154
280.435,212.504,268.703,14942719,0.0338556
884.426,213.521,98.7067,2294271,0.0193203
28.9142,217.468,311.478,10486271,0.0179864
28.9142,217.468,81.7443,10486271,0.0179864
144.811,220.507,110.487,3342847,0.0205504
95.3692,221.397,267.586,10093055,0.0200074
95.3692,221.397,163.864,10093055,0.0200074
767.334,221.528,66.0859,14549503,0.0165906
836.43,221.531,274.42,7930367,0.0276102
739.851,222.539,0.879639,6357503,0.0268389
814.338,222.496,259.741,7143935,0.0292941
127.525,224.445,275.4,4522495,0.0167199
103.158,226.363,4.35938,6357503,0.0205252
103.158,226.363,45.7306,6357503,0.0205252
98.788,229.599,135.072,8782335,0.0250184
789.574,229.443,249.941,10551807,0.02924
781.373,232.911,240.418,4588287,0.0260405
90.6079,238.469,259.684,15467007,0.0573163
56.2234,242.006,241.178,8389119,0.0133912
56.2234,242.006,86.7557,8389119,0.0133912
6.97762,258.373,44.0822,5898751,0.0416553
493.357,263.496,264.619,197119,0.0139853
22.4299,264.002,51.7444,3473919,0.0293722
850.973,265.163,342.945,5046783,0.0183867
514.734,267.392,81.6236,10551807,0.0143967
26.4308,268.127,296.915,7799295,0.022042
26.4308,268.127,139.337,7799295,0.022042
711.958,270.672,278.561,1966591,0.0301472
711.958,270.672,105.016,1966591,0.0301472
495.073,273.546,269.261,11796991,0.0225018
565.933,273.614,269.645,10355199,0.0156524
55.0635,274.127,137.808,5767679,0.0245858
744.519,274.204,358.041,6029823,0.0289973
828.595,276.18,2.2511,5439999,0.0425631
837.712,276.262,178.006,7406079,0.0307462
43.1314,277.071,93.0943,7733759,0.0501885
8.44188,277.131,79.1962,13369855,0.0239742
518.496,279.415,89.7369,6750719,0.0133876
851.053,279.385,277.654,3211775,0.0614775
785.717,280.163,268.817,5702143,0.0332571
780.734,289.699,96.0501,4588287,0.0442785
468.408,290.046,133.389,12517887,0.0304667
833.824,291.302,332.691,1770239,0.0444565
647.973,293.664,339.969,9175551,0.0154247
472.647,294.59,133.632,3408383,0.0280136
177.984,294.919,62.0439,8258047,0.0166516
161.08,295.366,124.671,393727,0.0354826
848.393,295.808,287.879,1377023,0.0407212
732.083,296.624,147.652,15467007,0.0200356
872.307,296.327,282.438,15532543,0.0475177
872.307,296.327,233.909,15532543,0.0475177
886.32,296.945,269.103,14025215,0.0337324
155.712,299.909,305.141,9306623,0.0422325
508.192,299.883,301.933,6029823,0.0228755
880.94,299.795,277.531,14352895,0.027195
757.659,301.505,180.404,8389119,0.0279697
831.371,301.64,234.773,6750719,0.0291655
515.498,302.306,292.272,3146239,0.0291848
515.498,302.306,136.67,3146239,0.0291848
855.32,302.346,270.647,9437695,0.0339768
285.521,303.078,35.2866,7406079,0.0156876
533.839,303.166,319.556,4456959,0.0231086
533.839,303.166,282.726,4456959,0.0231086
533.839,303.166,126.556,4456959,0.0231086
817.197,303.696,92.5346,8454655,0.0245132
824.623,303.459,109.621,11403775,0.0151903
867.926,303.971,346.18,6488575,0.0281834
507.062,304.422,122.094,9568767,0.0152731
760.115,304.947,179.931,7995903,0.0229924
836.37,305.168,214.046,3867135,0.0358154
171.352,305.224,190.159,9044479,0.0173205
848.285,306.655,230.606,9306623,0.037637
666.491,306.961,203.448,8847871,0.0147744
206.639,307.584,2.44949,3211775,0.0800861
206.639,307.584,225.175,3211775,0.0800861
813.459,307.647,279.766,8126975,0.019506
174.944,307.786,310.351,8258047,0.0169089
482.74,308.768,336.141,6619647,0.0296186
482.74,308.768,148.713,6619647,0.0296186
766.666,309.601,358.139,5571071,0.0272608
880.853,309.515,226.224,4981247,0.0282043
880.853,309.515,10.3167,4981247,0.0282043
859.367,310.103,38.9583,8389119,0.0250904
874.505,310.489,313.38,131583,0.0164584
892.408,311.329,98.4615,4522495,0.0270966
892.408,311.329,31.41,4522495,0.0270966
486.408,315.621,329.654,5046783,0.0306363
486.408,315.621,153.735,5046783,0.0306363
548.904,312.06,273.739,5702143,0.0139178
553.246,312.114,270.006,2884095,0.013389
801.874,313.236,315.434,7275007,0.0217223
801.874,313.236,257.445,7275007,0.0217223
221.024,313.392,199.49,3015167,0.0156834
545.428,313.487,134.294,7078399,0.0250721
848.941,314.074,133.148,6685183,0.0180425
164.2,315.876,157.037,11010559,0.0203419
811.864,315.339,318.409,4456959,0.0314913
811.864,315.339,69.6262,4456959,0.0314913
777.472,316.167,123.754,8651263,0.0223794
483.877,316.202,330.51,7143935,0.0150588
769.435,316.675,20.6244,10486271,0.0203991
564.062,316.934,281.223,918015,0.0175986
184.912,318.27,139.583,2687487,0.0139921
582.795,318.663,263.577,4260351,0.0253291
864.345,319.239,36.7887,5374463,0.022778
226.442,319.637,325.712,9044479,0.016216
831.398,320.147,61.3874,9503231,0.0195884
169.114,321.413,329.021,10748415,0.0133949
169.114,321.413,159.035,10748415,0.0133949
813.134,321.852,341.715,6750719,0.0241883
166.358,322.263,161.795,10486271,0.0200378
894.765,322.567,329.644,12255743,0.0202286
894.765,322.567,181.835,12255743,0.0202286
285.02,322.97,259.053,3015167,0.0158855
489.856,323.063,162.355,6291967,0.0275125
809,323.569,137.543,13631999,0.0323577
841.936,323.504,117.778,511,0.0243134
175.087,324.868,351.654,9896447,0.0197647
608.159,324.892,185.972,5177855,0.0135087
284.598,325.513,263.452,5243391,0.0281462
846.569,325.594,78.2712,524799,0.0250744
828.031,326.301,280.102,7537151,0.0182806
839.552,326.485,242.095,9961983,0.0434686
284.131,328.441,284.127,918015,0.0282055
284.131,328.441,166.894,918015,0.0282055
847.499,329.058,278.893,12190207,0.0275433
194.928,329.411,139.846,5767679,0.013795
786.835,329.644,268.753,2163199,0.02371
778.523,329.993,264.463,6881791,0.0434281
769.354,330.525,324.147,4194815,0.0192309
869.63,331.164,175.288,4784639,0.0207539
869.63,331.164,60.4123,4784639,0.0207539
819.598,332.538,359.946,9568767,0.0235968
819.598,332.538,92.2292,9568767,0.0235968
846.782,332.62,28.4604,12190207,0.0263967
788.832,333.307,181.033,15008255,0.020218
788.832,333.307,78.8886,15008255,0.020218
849.253,334.016,272.633,7078399,0.0310225
849.253,334.016,29.6184,7078399,0.0310225
807.099,335.926,121.042,7733759,0.0232193
807.099,335.926,13.3961,7733759,0.0232193
858.134,336.984,42.259,131839,0.0212679
890.028,337.022,337.393,2556415,0.0320596
890.028,337.022,205.83,2556415,0.0320596
827.667,337.422,200.955,2687487,0.0209494
827.667,337.422,5.2438,2687487,0.0209494
771.392,338.271,2.44815,12517887,0.0203384
804.627,338.909,277.223,4391423,0.0304126
804.627,338.909,108.284,4391423,0.0304126
804.627,338.909,25.7741,4391423,0.0304126
872.586,338.802,315.894,1245695,0.032576
860.392,340.181,70.3365,983551,0.0228223
342.376,340.337,349.631,7275007,0.0207086
739.586,341.325,89.5927,524799,0.0161888
733.746,342.562,79.8908,15598079,0.0150787
343.851,343.008,21.2088,7930367,0.0165951
645.549,342.996,277.751,8913407,0.0185812
888.367,343.203,358.723,7471615,0.0235552
505.007,346.506,153.701,12452351,0.0272835
499.257,347.135,151.538,12714495,0.0285005
499.257,347.135,14.1874,12714495,0.0285005
781.878,347.125,219.96,7275007,0.0297766
834.762,347.057,83.4389,8651263,0.0205006
881.632,347.675,19.0724,1901055,0.0289139
887.888,348.082,248.053,7340543,0.0249151
512.299,348.96,1.08679,15663615,0.0225197
271.706,349.591,88.4978,6554111,0.0170355
178.699,350.229,152.053,14942719,0.0192427
876.281,351.203,293.136,14156287,0.027735
876.281,351.203,205.714,14156287,0.027735
844.317,351.341,85.5952,9896447,0.0206715
890.535,351.479,126.22,10813951,0.0202339
885.705,352.587,270.551,2687487,0.0140857
803.361,353.557,244.701,7537151,0.0196681
850.631,354.016,202.902,13500927,0.025416
850.631,354.016,107.437,13500927,0.025416
850.631,354.016,59.099,13500927,0.025416
834.556,355.625,200.634,9044479,0.0306095
834.556,355.625,87.5993,9044479,0.0306095
870.173,355.518,200.47,12059135,0.0204843
864.469,356.057,320.707,7799295,0.0300873
864.469,356.057,194.065,7799295,0.0300873
864.469,356.057,139.26,7799295,0.0300873
181.491,356.363,157.079,14483967,0.0178127
695.233,357.152,351.391,9961983,0.0260147
778.062,357.914,0.6073,10289663,0.0361244
788.536,358.616,221.108,14090751,0.0242547
835.514,358.784,261.552,12452351,0.0390102
835.514,358.784,243.173,12452351,0.0390102
835.514,358.784,89.1467,12452351,0.0390102
815.462,359.392,282.391,8192511,0.0189275
884.96,359.872,265.632,2753023,0.0204074
215.987,360.944,85.937,13697535,0.0143515
506.049,361.684,274.782,12452351,0.0317068
506.049,361.684,87.318,12452351,0.0317068
880.536,361.632,264.876,3670527,0.0386594
880.536,361.632,66.1925,3670527,0.0386594
793.663,364.425,61.5161,9896447,0.0290563
597.451,364.882,280.549,6619647,0.013558
597.451,364.882,117.665,6619647,0.013558
786.859,365.278,288.451,10945023,0.0222421
839.616,365.328,61.1651,8389119,0.0230856
529.714,366.482,68.4288,3867135,0.015251
795.133,366.902,225.111,7340543,0.0444563
811.456,367.941,287.893,7537151,0.0548575
855.68,368.887,236.277,786943,0.038685
795.211,370.21,221.815,13500927,0.0308561
242.812,370.521,112.035,1835519,0.0175631
791.784,370.579,216.973,4653567,0.0410293
532.617,371.006,300.627,9110015,0.0322013
532.617,371.006,242.384,9110015,0.0322013
532.617,371.006,85.1872,9110015,0.0322013
532.617,371.006,56.492,9110015,0.0322013
873.62,371.234,315.126,10945023,0.0399355
873.62,371.234,183.66,10945023,0.0399355
799.849,371.614,35.3605,5964287,0.0179977
518.673,373.648,158.664,7733759,0.0147869
534.479,373.387,97.5104,2097663,0.0225048
531.247,373.985,168.341,6750719,0.0189048
531.247,373.985,48.6328,6750719,0.0189048
833.193,373.948,213.093,7995903,0.0356305
840.059,374.594,50.5304,11207167,0.0344643
822.367,375.451,165.409,11272703,0.0229506
822.367,375.451,50.2068,11272703,0.0229506
533.486,376.279,250.437,16384511,0.0375682
533.486,376.279,86.0093,16384511,0.0375682
790.272,376.541,227.799,7995903,0.029191
851.41,376.665,247.378,2753023,0.0309737
785.495,377.183,22.3265,3473919,0.0374095
387.855,377.525,89.9285,14418431,0.0269335
520.153,377.795,336.485,11534847,0.0137195
887.879,378.224,221.63,3277311,0.0158204
488.98,378.477,172.142,3080703,0.013984
409.578,379.187,270.434,7930367,0.0140149
534.911,379.12,70.7437,1966591,0.0263147
404.681,379.262,277.728,7864831,0.0136922
469.49,379.448,357.312,10617343,0.0161456
491.872,380.16,39.4468,7995903,0.014977
518.051,380.313,109.554,2359807,0.0203857
870.944,381.146,237.85,15598079,0.0147224
828.578,382.378,260.713,2097663,0.0312608
524.935,382.915,254.735,12321279,0.020747
787.933,383.478,336.469,4981247,0.0226016
803.473,384.654,337.791,13566463,0.0313088
803.473,384.654,215.486,13566463,0.0313088
483.106,386.322,345.739,5898751,0.0196744
847.485,387.666,282.002,5243391,0.0279387
796.523,388.336,289.391,7668223,0.0201559
854.333,399.624,222.916,4784639,0.017408
854.333,399.624,130.014,4784639,0.017408
854.333,399.624,89.535,4784639,0.017408
854.333,399.624,29.9899,4784639,0.017408
594.557,403.566,3.41751,1835519,0.0230123
594.557,403.566,137.197,1835519,0.0230123
847.889,405.432,85.3351,8258047,0.0146968
238.943,416.775,240.479,7471615,0.0249812
238.943,416.775,24.3285,7471615,0.0249812
375.597,418.681,348.32,6226431,0.0203528
876.843,418.745,95.416,3670527,0.018769
384.116,424.312,277.54,14025215,0.0151049
98.3607,429.826,107.544,4784639,0.0158626
329.53,467.543,167.932,11928063,0.0338668
287.139,485.964,249.811,1180159,0.0172754
283.897,2.63603,23.9026,4522751,0.0146833
252.567,3.91384,201.205,4129535,0.0199018
312.527,4.80444,353.304,5964543,0.0179107
480.836,9.46151,298.817,6947583,0.0403816
60.9645,10.9631,352.705,12976895,0.0187698
485.289,12.0595,304.397,8913663,0.0315819
403.316,12.7768,50.3961,11666175,0.0259119
441.361,12.476,220.999,5702399,0.0219926
333.414,13.5288,15.9985,4915967,0.0349329
245.8,15.5975,203.969,15008511,0.0180548
484.89,15.537,307.742,10486527,0.0291412
311.913,15.8574,229.337,7209727,0.0263058
311.913,15.8574,31.1504,7209727,0.0263058
320.086,18.1199,224.58,721663,0.0260088
320.086,18.1199,95.8777,721663,0.0260088
324.368,18.786,110.485,2163455,0.0225385
324.368,18.786,44.4802,2163455,0.0225385
59.2966,21.7726,350.631,8389375,0.0278265
869.708,21.8711,166.822,11731711,0.047508
869.708,21.8711,82.9442,11731711,0.047508
863.362,23.3885,61.8992,7209727,0.0406937
863.362,23.3885,18.5364,7209727,0.0406937
13.7317,23.7849,248.405,5636863,0.0371877
13.7317,23.7849,135.39,5636863,0.0371877
114.24,25.5405,359.058,3736319,0.0149738
316.09,29.6459,211.118,5964543,0.0209825
326.039,29.4693,43.7561,3867391,0.0135326
769.714,30.6657,359.422,5833471,0.0621239
364.945,31.1589,234.348,10945279,0.0311194
364.945,31.1589,62.4803,10945279,0.0311194
232.863,32.9042,223.387,15336191,0.0171376
318.896,33.1173,52.4848,9306879,0.0210784
83.5743,33.5011,173.911,6095615,0.0220997
244.274,36.3403,197.44,6292223,0.0469925
874.816,36.5814,205.787,5899007,0.0313309
326.966,37.5049,219.891,10355455,0.0201875
894.773,38.0188,174.219,7275263,0.0398995
731.801,38.1686,351.378,7733759,0.0224354
796.534,39.9396,66.1677,11272959,0.0387667
5.09653,40.4784,346.553,5309183,0.0580174
870.54,40.669,246.446,1442559,0.0482241
870.54,40.669,80.1212,1442559,0.0482241
849.502,42.3712,352.459,13107967,0.0349503
894.902,43.0319,177.194,10683135,0.0256055
370.517,43.3564,267.748,11666175,0.0213319
292.912,44.2231,182.349,3474175,0.0247747
4.15148,44.6041,303.179,5440255,0.0261031
241.875,45.0037,230.938,3080959,0.0491569
305.873,44.8785,330.863,9175807,0.0353432
305.873,44.8785,168.008,9175807,0.0353432
14.9154,46.1003,302.118,10945279,0.044594
849.892,49.2128,8.00562,9896959,0.0323425
5.5056,49.1789,3.7756,5112575,0.0369004
782.169,49.5513,356.767,9175807,0.0365151
127.687,50.5126,273.61,14418687,0.0219165
301.687,50.9121,243.421,394239,0.0301091
776.574,50.8014,248.965,5505791,0.0348462
776.574,50.8014,184.288,5505791,0.0348462
894.861,50.8965,179.338,16515839,0.0251052
288.857,52.1354,196.052,7602943,0.0216682
236.161,55.0357,359.791,15991551,0.038323
236.161,55.0357,177.477,15991551,0.038323
210.28,57.2229,1.44305,16581375,0.0522024
541.993,57.0032,175.723,393983,0.0264261
206.96,57.5973,177.595,6357759,0.0197678
213.705,57.459,2.72968,11207423,0.0410998
262.076,62.0212,351.778,8127231,0.0276888
162.316,63.9372,0.580292,6292223,0.0284289
280.789,64.8834,272.835,1770239,0.0264357
280.789,64.8834,225.17,1770239,0.0264357
280.789,64.8834,119.027,1770239,0.0264357
542.392,65.1973,179.66,787199,0.0259525
233.645,65.2719,179.832,1377023,0.0194152
203.624,68.9903,175.72,8258303,0.0153918
737.527,69.1568,349.921,3932927,0.0198807
236.969,70.6272,358.379,13107967,0.034808
323.229,70.9418,41.2444,5964543,0.0205044
305.035,71.3115,23.4836,11207423,0.036532
66.8109,73.2885,349.035,9831167,0.0245224
737.906,72.8397,350.031,12190463,0.0196564
248.774,73.4458,152.751,8520447,0.0271834
5.13089,73.6983,313.144,16581375,0.0150599
25.7209,73.8093,286.085,7471871,0.0323551
25.7209,73.8093,272.577,7471871,0.0323551
270.728,74.3,194.3,8192767,0.0159779
14.4067,74.466,319.329,15270655,0.0621869
19.3988,75.523,289.46,15008511,0.0271953
871.518,75.6456,251.399,2687743,0.0511102
738.643,75.782,350.01,6423295,0.0208176
741.961,76.4179,348.617,7078655,0.0197787
783.109,76.3861,5.35458,6947583,0.0296755
850.081,76.9341,349.156,7537407,0.0371661
777.514,77.4197,81.931,4915967,0.0337937
265.512,78.4191,67.3244,3539711,0.0237458
287.48,78.9984,320.773,14549759,0.0153344
287.48,78.9984,290.991,14549759,0.0153344
303.005,79.4703,16.8355,4588287,0.0294124
277.759,79.7814,186.862,13697791,0.0179028
277.759,79.7814,111.013,13697791,0.0179028
208.4,80.3374,178.791,5309183,0.0156826
204.522,83.3016,179.559,10486527,0.0170376
427.415,83.6748,1.87881,7340799,0.046931
427.415,83.6748,179.852,7340799,0.046931
777.923,83.5067,253.655,12845823,0.0297295
871.69,85.6769,247.385,4326399,0.0638992
864.883,86.674,264.257,14418687,0.0714137
427.495,87.1979,359.951,3408639,0.0453919
427.495,87.1979,179.496,3408639,0.0453919
787.415,87.4295,348.649,13370367,0.0343936
34.8991,89.5469,35.0122,4719359,0.0517675
741.371,89.4792,348.464,10617599,0.0196559
260.149,90.7761,199.93,1508095,0.0273799
260.149,90.7761,122.005,1508095,0.0273799
427.549,91.006,356.586,12321535,0.0457703
427.549,91.006,178.814,12321535,0.0457703
173.921,93.0619,0.241455,13763327,0.0238751
895.769,93.2124,82.6543,8651519,0.0682453
238.085,93.5865,16.5902,8389375,0.0449449
427.824,93.7736,177.652,16515839,0.0409807
871.687,93.9544,84.9098,13107967,0.0755526
10.3832,94.9005,359.693,10683135,0.0239878
10.3832,94.9005,131.034,10683135,0.0239878
864.862,94.7876,71.0054,7537663,0.0691918
32.8621,96.3529,77.6284,3474175,0.0430426
254.418,97.8347,222.883,12255743,0.0161752
254.418,97.8347,80.427,12255743,0.0161752
543.932,98.0951,176.724,5112575,0.0259883
896.009,98.3742,253.761,6750975,0.0327209
798.34,99.0146,264.527,14942975,0.0674981
85.8773,103.999,179.398,7144191,0.0222499
222.06,104.091,171.388,15598335,0.0564567
222.06,104.091,27.7796,15598335,0.0564567
428.406,104.164,178.574,9437951,0.0435492
269.518,104.227,189.211,7209727,0.0213098
805.024,105.515,86.2083,14222079,0.0660243
217.802,106.49,249.181,8913663,0.0500402
798.772,106.619,72.7317,10683135,0.0698746
428.605,107.401,359.761,2228991,0.0445671
428.605,107.401,177.961,2228991,0.0445671
10.3851,108.672,225.568,13501183,0.0201577
18.6512,108.52,322.769,11731711,0.0552643
790.078,108.332,83.1531,7340799,0.0539165
23.5041,109.155,328.422,15794943,0.0275451
23.5041,109.155,75.3383,15794943,0.0275451
146.716,109.163,265.4,12190463,0.0151863
146.716,109.163,100.269,12190463,0.0151863
778.345,110.322,86.1692,11076351,0.038798
428.713,111.022,0.16748,1704703,0.048066
428.713,111.022,176.314,1704703,0.048066
870.244,111.417,264.085,3670783,0.0300478
133.977,112.569,282.427,5636863,0.0156012
862.13,112.626,258.616,5440255,0.02978
832.237,112.981,259.641,13042431,0.0229909
86.6725,113.833,176.443,1180415,0.0222937
776.74,113.814,84.9365,10027775,0.0345098
845.067,115.117,260.344,4457215,0.0319166
839.65,116.088,259.58,5243647,0.0285695
12.253,117.038,64.4,11535103,0.0239598
12.253,117.038,22.3925,11535103,0.0239598
346.195,117.976,356.276,16056831,0.0477743
346.195,117.976,173.373,16056831,0.0477743
429.113,117.961,357.54,12059391,0.0442903
429.113,117.961,179.78,12059391,0.0442903
826.643,117.936,261.512,6750975,0.0230874
796.623,118.932,259.935,12845823,0.0250059
813.015,120.104,259.824,5505791,0.0275604
808.992,120.802,260.747,3080959,0.0303222
29.4297,121.439,310.955,14222079,0.0200754
25.5165,122.107,314.781,15794943,0.0266004
175.075,122.157,0.798676,2294527,0.018424
800.06,122.139,259.17,6357759,0.028328
321.811,121.959,20.549,2556927,0.0511943
777.109,122.316,261.288,12059391,0.020684
18.2098,123.027,352.337,5309183,0.0334184
515.193,123.061,79.3317,8651519,0.0176622
429.518,124.573,358.911,6947583,0.0433111
429.518,124.573,177.024,6947583,0.0433111
828.008,124.346,80.6265,7537407,0.0253101
507.865,124.672,36.1223,4719359,0.0350949
816.978,126.099,80.5081,9503487,0.0270235
429.747,127.455,359.964,3736319,0.0427539
278.175,128.116,20.5629,6488831,0.0158573
129.41,128.757,88.5884,15139583,0.0213837
433.098,129.542,94.494,6161151,0.0412633
761.569,131.516,255.307,8192767,0.068999
132.452,132.026,270.973,15729407,0.0261216
541.806,131.663,180.298,4457471,0.0315892
347.232,132.452,357.948,15270399,0.0438646
347.232,132.452,176.043,15270399,0.0438646
43.3983,134.733,304.884,328703,0.0389361
43.3983,134.733,162.41,328703,0.0389361
738.021,136.323,2.60788,16384511,0.0214739
52.6401,137.085,165.401,7799551,0.030876
260.845,136.97,193.466,11338495,0.026009
260.845,136.97,30.8103,11338495,0.026009
30.2441,144.102,340.685,6554367,0.0183712
41.6467,144.981,306.98,656127,0.0188594
37.3551,145.465,251.696,15139327,0.0192886
37.3551,145.465,201.969,15139327,0.0192886
37.3551,145.465,41.6206,15139327,0.0192886
20.1946,146.862,143.615,16318975,0.0254906
20.1946,146.862,71.8137,16318975,0.0254906
51.591,150.19,173.052,8913663,0.0211866
171.038,149.792,357.818,10093311,0.0245038
233.442,150.353,176.712,4260607,0.0195055
219.895,151.584,2.29874,2491135,0.0414663
63.5285,153.18,165.177,2556671,0.0214773
63.5285,153.18,8.18295,2556671,0.0214773
250.954,154.84,161.289,7602943,0.037147
29.1796,160.504,271.023,4260607,0.0135706
269.515,161.053,192.149,2097919,0.0250692
282.095,160.883,278.823,8848127,0.0231023
636.835,162.732,3.6236,16319231,0.0193152
636.835,162.732,170.226,16319231,0.0193152
342.025,164.019,160.364,11731711,0.0277727
738.887,164.51,359.159,3343103,0.022476
209.96,165.388,178.971,8192767,0.0133689
280.788,169.531,123.865,11731711,0.0141919
280.788,169.531,89.385,11731711,0.0141919
637.229,170.364,351.132,12780287,0.0194592
637.229,170.364,185.452,12780287,0.0194592
254.653,171.34,125.245,2491135,0.0301792
273.502,171.863,129.714,3801855,0.0265462
84.9773,172.579,351.887,8127231,0.0333798
259.026,173.648,9.12054,3867391,0.0149381
620.11,175.46,98.2118,6488831,0.0218149
643.454,175.334,89.275,1114879,0.0290393
609.639,178.57,42.1522,5374719,0.0307708
641.054,178.365,274.153,8323839,0.0315797
641.054,178.365,89.5384,8323839,0.0315797
651.045,178.295,270.287,16187903,0.0461663
189.094,179.002,178.634,2687743,0.0167827
319.331,181.329,327.232,9831167,0.0425371
319.331,181.329,311.307,9831167,0.0425371
643.521,181.601,272.199,12583679,0.015642
186.799,183.863,170.385,4522751,0.0433129
247.911,184.704,348.478,2032383,0.0432998
739.581,185.681,359.816,1377023,0.0200024
248.089,187.906,348.914,12911359,0.0450147
248.089,187.906,268.404,12911359,0.0450147
319.823,188.091,57.1678,13370111,0.0409898
319.823,188.091,6.2605,13370111,0.0409898
215.626,188.862,241.337,9896703,0.0267353
86.3753,192.198,3.03436,9569023,0.0337452
739.645,192.479,358.917,8323839,0.0202874
156.202,194.459,350.169,9765631,0.0253793
196.924,194.172,359.056,11797247,0.0424902
17.1052,196.943,119.365,14287615,0.0136317
17.1052,196.943,18.7293,14287615,0.0136317
895,197.958,262.513,5440255,0.0172313
544.987,198.859,346.741,11797247,0.0607341
544.987,198.859,183.76,11797247,0.0607341
177.94,199.526,354.792,8192767,0.0425978
766.689,200.557,84.6948,6030079,0.0154086
547.941,201.267,184.901,656127,0.0265716
770.274,206.444,263.271,2032383,0.0238132
223.894,210.635,89.6443,11993855,0.0142286
110.652,211.924,102.376,11076351,0.0223645
160.898,212.091,171.465,2949887,0.0190562
290.94,211.985,258.138,6030079,0.0254865
891.739,215.696,109.329,6423295,0.0228943
776.523,216.055,58.3115,6619903,0.0214321
776.523,216.055,12.2775,6619903,0.0214321
198.81,217.626,248.06,8585983,0.0201478
87.889,218.549,343.537,9503487,0.0237105
148.927,220.505,244.613,12321535,0.0152649
850.139,222.906,279.055,6357759,0.0263384
801.554,224.928,253.075,5571327,0.0322079
102.69,230.483,244.593,6685439,0.0215257
102.69,230.483,42.2264,6685439,0.0215257
92.1391,231.334,28.7598,13304575,0.0211279
95.7542,231.887,34.7384,262911,0.0677353
144.103,238.149,60.4854,10093311,0.0196424
891.044,248.432,108.709,14156543,0.0183426
741.107,250.894,352.087,3867391,0.0274408
774.039,252.496,197.163,9634559,0.0136224
3.38701,257.583,48.4452,8913663,0.0169214
96.7223,260.259,280.523,5112575,0.0276324
627.907,261.65,2.40137,9306879,0.0211974
479.952,265.584,321.334,16056831,0.0307072
479.952,265.584,122,16056831,0.0307072
16.9666,267.558,348.921,2163455,0.0220091
16.9666,267.558,161.924,2163455,0.0220091
851.51,270.729,357.059,7996159,0.0339734
851.51,270.729,76.1999,7996159,0.0339734
99.6159,274.45,237.153,10945279,0.0228578
77.4958,275.938,65.8893,11404031,0.0289055
848.373,276.649,9.70374,8454911,0.0193616
510.182,280.109,320.011,3998719,0.0234193
742.499,280.231,353.828,10879743,0.0232849
388.292,281.118,261.103,10289919,0.0147657
32.5317,281.436,322.601,12124927,0.0429832
79.8947,283.15,263.154,11338495,0.0212908
54.0523,285.79,93.3156,7996159,0.0181778
327.455,286.5,192.785,12387071,0.0172756
327.455,286.5,108.785,12387071,0.0172756
896.465,288.666,96.5215,7209983,0.0530717
828.567,290.833,88.9108,1639167,0.0613276
495.785,293.246,317.938,4457215,0.0152142
495.785,293.246,121.749,4457215,0.0152142
495.785,293.246,35.1736,4457215,0.0152142
346.208,295.195,179.282,6030079,0.014929
826.109,295.645,268.406,1049343,0.0602479
177.509,297.977,60.7476,5243647,0.0291943
876.207,297.308,268.645,14418687,0.0499738
876.207,297.308,244.915,14418687,0.0499738
501.507,298.507,289.754,6161151,0.0237422
869.432,298.49,275.052,5899007,0.057506
474.515,301.504,295.048,3801855,0.0183271
735.763,304.092,309.189,11731711,0.031213
735.763,304.092,163.208,11731711,0.031213
658.849,310.728,279.536,4850431,0.0134385
804.943,311.398,301.892,2949887,0.019456
804.943,311.398,263.216,2949887,0.019456
804.943,311.398,233.049,2949887,0.019456
747.01,315.971,287.019,12845823,0.0172059
611.677,318.174,180.64,6816511,0.0161279
748.828,320.057,291.115,7078655,0.0172789
172.974,320.734,340.863,12583679,0.0175705
172.974,320.734,158.551,12583679,0.0175705
296.666,321.355,276.519,2622463,0.0206525
300.881,321.498,264.041,8848127,0.0181723
485.81,321.46,345.076,8520447,0.0146567
776.96,321.896,251.423,3015423,0.0245532
835.138,322.967,342.575,7144191,0.0227859
819.823,326.158,153.094,7013119,0.0162887
222.394,327.113,199.532,9437951,0.0151898
826.261,328.953,273.277,2425599,0.015301
886.709,329.129,72.8519,6488831,0.0227978
840.988,329.699,244.971,15336191,0.0249437
332.27,330.718,325.072,328447,0.0211673
794.035,334.896,57.3183,9831167,0.028174
836.809,335.458,211.094,5505791,0.0246791
180.845,336.188,271.062,328703,0.022291
781.733,336.177,298.496,3277567,0.0271942
864.077,339.239,266.926,15401727,0.0226537
777.086,340.562,198.259,5505791,0.0256902
777.086,340.562,62.0189,5505791,0.0256902
737.164,341.982,82.2515,11338495,0.0144938
882.686,341.817,237.919,5571327,0.0243453
728.063,343.485,80.7234,10879743,0.0152575
724.587,343.901,79.9298,15925759,0.0138748
854.574,346.909,49.9212,525055,0.0342171
493.119,348.3,180.988,3539711,0.0285556
257.71,354.073,273.879,14156543,0.0317552
729.847,353.985,260.18,11797247,0.0144039
702.056,356.467,166.889,4850431,0.0275735
854.638,357.347,232.306,11272959,0.03325
874.469,358.375,177.392,12321535,0.0221102
874.469,358.375,56.3328,12321535,0.0221102
878.869,358.323,70.198,12255999,0.0259457
315.703,358.622,280.352,11469823,0.0183421
856.376,360.311,231.909,1573631,0.0368234
195.66,361.272,353.365,4522751,0.0452847
195.66,361.272,152.291,4522751,0.0452847
695.888,361.052,340.428,852735,0.0252975
838.421,361.481,226.928,7734015,0.0238176
873.762,362.851,313.961,1180415,0.0310599
873.762,362.851,220.452,1180415,0.0310599
873.762,362.851,74.3893,1180415,0.0310599
192.998,363.523,80.9227,8782591,0.0206174
534.907,366.181,92.5744,4653823,0.019803
852.71,370.433,248.796,1770239,0.0373809
215.008,371.75,91.1708,15270655,0.0158317
39.4015,372.516,260.442,15598335,0.0213748
39.4015,372.516,69.7279,15598335,0.0213748
495.081,372.587,80.7145,12059391,0.0145104
409.662,373.196,81.2307,8454911,0.0142659
413.067,372.916,83.7977,2097919,0.0139742
815.306,372.902,59.7909,11862783,0.0191646
870.644,372.945,308.852,14549503,0.0148691
482.943,373.719,75.7663,8913663,0.0154665
388.364,374.514,89.5034,2360063,0.0179455
504.428,375.636,162.958,1114879,0.0138412
807.212,378.594,132.805,5243647,0.0294393
392.404,379.329,187.782,3670783,0.0148876
537.048,381.028,254.385,11272959,0.0291405
795.019,380.786,18.4184,3408639,0.0314763
532.902,382.053,270.898,4981503,0.0288832
521.335,383.008,261.398,15008511,0.0216801
389.022,383.641,264.788,7013119,0.0202455
857.142,383.968,176.654,4850431,0.0135892
479.727,385.014,350.093,14549759,0.0201941
534.387,385.167,268.792,7078655,0.0136126
204.364,385.528,282.689,14287615,0.0175372
204.364,385.528,44.9523,14287615,0.0175372
501.524,386.103,260.105,6292223,0.0180052
261.84,387.3,80.5681,7078655,0.0192317
489.86,387.611,261.514,11928319,0.0201698
485.283,388.461,270.688,6882047,0.0200987
473.034,389.83,338.482,11272959,0.0150308
473.034,389.83,263.19,11272959,0.0150308
600.851,416.993,138.272,5964543,0.0182354
273.579,421.966,260.793,5767935,0.0242623
110.924,425.873,250.54,9569023,0.0133539
107.698,430.023,106.827,4784895,0.0142755
101.961,430.357,265.456,12452607,0.0135894
101.961,430.357,113.157,12452607,0.0135894
105.951,433.384,107.56,1835775,0.0151613
317.401,450.267,286.206,2556671,0.026333
317.401,450.267,124.485,2556671,0.026333
260.922,470.183,73.2778,14615295,0.0205466
682.457,498.176,112.141,9503487,0.0143635
567.924,596.074,298.145,3015423,0.0392078
567.924,596.074,159.12,3015423,0.0392078
567.924,596.074,113.064,3015423,0.0392078
279.78,6.63266,243.952,3867647,0.0189057
198.659,8.11045,52.5238,12780543,0.0559392
324.673,8.4175,241.911,2819071,0.0210754
13.0923,9.38147,1.23602,11863039,0.0309122
13.0923,9.38147,324.57,11863039,0.0309122
298.356,17.5689,211.238,15008767,0.0249089
298.356,17.5689,58.888,15008767,0.0249089
834.495,19.8797,169.828,4850687,0.0528483
733.384,20.361,0.941772,8061951,0.0309063
810.214,23.2867,254.444,7734271,0.034529
406.312,25.2721,257.538,11731967,0.022528
795.563,27.5557,254.78,13042687,0.0416704
331.028,38.3365,189.843,3081215,0.0234009
296.362,40.1768,172.302,8455167,0.0232379
190.651,40.3832,49.057,1115135,0.0254848
239.945,49.8285,359.568,8455167,0.0331428
145.822,51.734,271.645,8848383,0.0244495
13.0367,53.8919,61.4767,6816767,0.0322052
327.135,54.6246,152.566,7406591,0.0177027
267.292,58.412,249.016,5112831,0.0138156
8.19595,59.6743,52.4576,14943231,0.0338731
3.18403,61.892,288.165,4129791,0.054572
786.687,62.8747,5.3775,15729663,0.0326862
334.235,63.5509,54.3336,11994111,0.0408318
334.235,63.5509,9.38141,11994111,0.0408318
736.495,65.6655,349.747,5309439,0.0212654
275.495,67.3726,280.731,5702655,0.0231254
292.276,68.4082,356.829,6882303,0.0249023
10.8174,69.2867,299.921,8389631,0.0398886
309.412,71.6966,140.962,2425855,0.0321514
4.96123,73.6526,312.293,263167,0.0149085
878.646,74.1483,222.879,15074303,0.0426839
224.851,74.4301,218.253,3736575,0.0667033
850.538,76.1221,350.431,10814463,0.036308
216.855,79.4921,247.907,3933183,0.0699603
216.855,79.4921,58.5254,3933183,0.0699603
27.0499,79.8947,319.393,4195327,0.0292463
166.804,80.1355,351.865,6423551,0.0307074
871.771,85.7111,249.573,7668735,0.0634568
241.386,86.7175,0.0369873,459775,0.0287362
811.851,86.8096,226.62,9765887,0.0458373
811.851,86.8096,43.5879,9765887,0.0458373
22.0768,87.5072,97.3057,13698047,0.0185967
234.141,87.2914,176.106,5702655,0.0178054
136.561,89.0602,271.028,12845823,0.0134872
146.533,90.4199,265.769,14156799,0.0191595
2.58751,95.824,59.4437,5047295,0.0309631
868.645,97.1897,70.0093,16581631,0.0476448
26.5096,97.1779,77.2453,14484479,0.0409493
236.836,98.1574,240.569,7865343,0.0406513
805.331,98.2783,252.716,14943231,0.062979
778.968,100.773,181.111,14615551,0.0203454
25.1011,101.344,77.447,2819071,0.0583833
44.4489,101.455,128.944,4195327,0.038308
246.111,101.615,178.328,9176063,0.02475
256.65,101.941,207.119,6423551,0.0251038
889.904,103.771,262.743,7472127,0.0213969
176.36,104.396,3.36163,8979455,0.0557593
176.36,104.396,241.737,8979455,0.0557593
885.742,104.582,260.909,5178367,0.0220352
880.832,105.49,260.908,9372671,0.0203084
798.366,106.432,72.0275,3867647,0.0691692
875.053,106.6,259.138,10159103,0.0203142
123.422,108.576,356.001,11535359,0.0184243
865.364,108.315,260.404,10552319,0.0228149
15.2625,111.526,317.994,6816767,0.0252387
841.658,111.681,260.252,5833727,0.0255079
745.634,113.495,351.722,9307135,0.0199211
508.68,117.706,1.51093,7341055,0.0273469
420.126,120.117,179.242,15860735,0.0268421
524.342,121.439,71.7098,8127487,0.0209694
761.819,121.969,127.997,6292479,0.037765
314.517,123.89,20.0383,3998719,0.028539
740.021,123.772,50.3158,14025727,0.0169955
747.056,124.309,51.0541,9569279,0.0211136
318.085,126.475,19.3805,9634815,0.0640185
651.39,126.626,0.918427,16057343,0.0276863
759.193,128.367,252.513,4195327,0.0364649
40.234,128.788,310.897,14025727,0.021141
321.977,128.713,348.333,5047295,0.0465078
142.134,132.261,270.251,5964799,0.0285442
436.87,132.85,242.801,8586239,0.0510965
436.87,132.85,95.5751,8586239,0.0510965
79.367,136.875,2.56378,6685695,0.0149446
435.507,137.538,246.146,10421247,0.0253146
322.419,138.532,78.8864,3736575,0.0604535
403.677,141.178,359.474,11076607,0.0279187
241.64,141.676,0.685303,8520703,0.0479965
415.369,144.012,240.851,4326399,0.0244083
269.201,147.018,90.3551,2491391,0.015023
323.382,148.235,248.344,12977151,0.0604451
323.921,157.397,14.9259,5702655,0.0501853
345.549,161.079,163.323,9307135,0.0509302
183.474,163.565,64.2844,8520703,0.0220623
344.512,169.382,173.114,11404287,0.0516758
742.777,171.19,359.397,9044991,0.0242692
286.145,173.456,99.2717,14287871,0.0167261
286.145,173.456,31.0191,14287871,0.0167261
344.806,173.279,168.455,16581631,0.0516693
268.581,175.544,198.894,5571583,0.0173871
268.581,175.544,34.9644,5571583,0.0173871
155.161,178.109,356.976,5243903,0.0226561
155.161,178.109,171.053,5243903,0.0226561
616.487,178.563,96.0656,3736575,0.0229853
248.209,180.236,358.514,16581375,0.0472611
225.961,183.653,256.17,8061951,0.0659875
244.295,185.543,345.52,5440511,0.0380516
742.924,185.473,359.765,5440511,0.0249263
181.36,186.473,357.329,10814463,0.0565522
222.753,187.673,262.048,3015679,0.0590835
146.725,189.616,264.191,12649471,0.0308906
146.725,189.616,98.7038,12649471,0.0308906
136.947,189.812,269.655,5243903,0.0301935
136.947,189.812,89.1894,5243903,0.0301935
55.537,193.049,174.345,9896959,0.0240086
281.878,193.723,3.51498,11731967,0.0631766
821.853,196.551,85.2646,8586239,0.0172075
788.287,199.379,84.3541,13829119,0.0175655
897.014,201.189,262.945,6226943,0.0201768
181.581,204.149,249.446,7603199,0.0336997
156.992,204.782,350.472,4654079,0.0218484
156.992,204.782,179.884,4654079,0.0218484
175.585,207.39,247.756,11469823,0.0381
886.252,210.12,63.7166,6030335,0.0151708
157.34,210.827,349.865,11600895,0.0206694
157.34,210.827,171.434,11600895,0.0206694
97.2376,211.467,180.479,3015679,0.0161282
193.404,211.689,83.6322,3277823,0.0169765
736.635,212.056,349.806,3015679,0.0310692
157.816,214.358,343.948,9831423,0.0201368
144.674,219.288,140.925,5309439,0.0208201
741.096,237.53,359.812,4064255,0.0254608
741.597,243.538,0.0137329,8913919,0.027765
873.079,243.34,99.6596,13829119,0.0185749
791.118,257.351,60.2799,6947839,0.0165088
827.565,257.475,0.257294,12256255,0.032275
12.2559,263.464,99.3258,1573887,0.0202408
6.98691,264.48,68.4334,12583935,0.0257799
96.5705,265.03,59.3169,11404287,0.0291191
526.963,264.958,79.35,14681087,0.0163437
16.004,273.403,224.573,5571583,0.020358
14.9468,280.54,153.152,7996415,0.0276669
14.9468,280.54,74.9415,7996415,0.0276669
415.436,281.449,264.06,7013375,0.0144199
510.111,284.453,311.265,16253695,0.0200227
90.4819,285.904,74.7792,7603199,0.0207711
770.023,286.023,99.7821,4785151,0.0510158
888.238,288.277,86.5641,13763583,0.0528878
153.171,297.543,279.564,3933183,0.0312639
862.47,299.176,265.604,8193023,0.0536331
825.199,299.571,266.318,12125183,0.0523435
506.188,308.037,317.657,13370367,0.0182915
506.188,308.037,124.639,13370367,0.0182915
210.42,309.314,244.586,7078911,0.0215432
756.839,309.248,179.834,13763583,0.0408427
548.305,315.022,269.735,4391935,0.0245376
548.305,315.022,141.241,4391935,0.0245376
596.421,316.344,277.955,6947839,0.0180184
215.772,316.837,269.605,14156799,0.0202433
215.772,316.837,78.4706,14156799,0.0202433
548.662,320.51,140.626,15991551,0.0280075
219.55,321.111,82.0386,14812159,0.018616
317.077,322.361,297.599,7537663,0.0248341
771.408,322.83,293.506,5440511,0.0159464
882.081,324.09,133.843,15205375,0.0240614
525.42,325.055,310.427,7078911,0.0273678
525.42,325.055,101.718,7078911,0.0273678
553.991,325.887,142.056,11207679,0.0271688
325.262,329.143,292.55,6882303,0.015649
279.324,329.057,276.981,721919,0.0177553
880.695,334.652,256.086,5768191,0.0266376
880.695,334.652,148.123,5768191,0.0266376
831.504,336.566,218.36,4719615,0.0291605
877.149,337.267,321.112,6620159,0.0360218
877.149,337.267,147.141,6620159,0.0360218
833.989,340.405,218.574,3605503,0.0314358
822.299,341.217,246.556,5178367,0.0276293
266.83,344.27,85.2348,9307135,0.0152117
710.857,346.195,1.44012,16253951,0.0329726
267.99,349.273,83.5743,5702655,0.0179486
194.776,355.676,63.1435,8651775,0.013655
308.783,357.518,270.623,11338751,0.0163933
580.107,357.586,236.469,5899263,0.027204
673.173,357.387,348.451,15139839,0.014588
797.094,358.203,288.499,3736575,0.0140133
797.094,358.203,49.8085,3736575,0.0140133
862.423,359.747,264.421,9700351,0.0295549
862.423,359.747,156.752,9700351,0.0295549
792.457,360.916,4.61911,1770495,0.0232513
736.281,362.521,255.752,9241599,0.0288129
736.281,362.521,83.1361,9241599,0.0288129
186.167,364.05,86.718,7013375,0.0181583
330.854,364.508,278.289,656383,0.0142886
853.022,366.152,240.933,3408895,0.0440101
711.985,366.988,268.396,6947839,0.0247823
711.985,366.988,73.1075,6947839,0.0247823
799.311,367.968,219.974,10421247,0.0307194
799.311,367.968,39.6157,10421247,0.0307194
825.063,371.166,18.6685,7603199,0.0251835
782.422,374.547,11.7428,9700351,0.0152211
412.585,376.196,268.476,6226943,0.0316055
412.585,376.196,83.1222,6226943,0.0316055
791.583,376.883,223.911,13304831,0.0300209
791.583,376.883,22.305,13304831,0.0300209
514.669,383.6,260.835,12911615,0.0203849
835.922,383.606,280.536,11469823,0.0195417
204.597,385.512,43.8043,1377279,0.0175443
818.639,385.327,263.171,3408895,0.0207009
764.293,403.361,290.683,9503743,0.0232315
764.293,403.361,89.3472,9503743,0.0232315
764.293,403.361,13.6228,9503743,0.0232315
878.641,422.694,90.3146,15139839,0.0140368
897.167,425.786,270.636,984063,0.0146837
316.096,445.373,120.49,4916223,0.015169
289.93,459.995,65.0273,11404287,0.0235559
66.0483,487.485,184.315,2098175,0.0157367
66.0483,487.485,81.042,2098175,0.0157367
233.491,6.18705,49.8718,1376512,0.0229392
869.112,7.85883,249.602,2425088,0.04003
316.7,10.7678,236.805,590080,0.0250805
316.7,10.7678,100.354,590080,0.0250805
16.0886,13.1083,320.082,14352640,0.0380602
16.0886,13.1083,262.678,14352640,0.0380602
223.895,14.1052,49.6909,9634048,0.0240902
4.84843,17.3586,269.245,3801344,0.0259019
182.863,21.2649,42.1128,5832960,0.0459701
118.754,26.1638,357.193,7602432,0.0169106
135.324,27.438,272.542,5439744,0.0142687
144.098,27.2666,179.14,131328,0.0202339
16.25,29.0699,88.0631,3342592,0.0388392
536.136,29.4361,177.907,15991040,0.0254628
61.8935,30.3487,352.106,11010304,0.0267801
130.932,31.8675,272.798,11665664,0.0147541
12.3278,35.7406,69.5464,7274752,0.0404524
498.025,39.7312,346.411,11600128,0.0276368
240.439,40.8594,12.9611,8192256,0.0616506
317.923,41.3659,221.075,5964032,0.0158794
850.261,40.6114,353.109,11534592,0.034398
282.944,44.0642,211.472,8847616,0.0184684
282.944,44.0642,10.3098,8847616,0.0184684
321.906,45.4194,221.591,524544,0.0275653
542.104,44.5955,177.056,6160640,0.0227572
14.2186,46.62,317.877,13500672,0.0468338
14.2186,46.62,54.098,13500672,0.0468338
338.896,48.7617,19.682,11796736,0.0382469
156.909,50.5563,241.336,4325632,0.0913405
156.909,50.5563,43.8935,4325632,0.0913405
175.936,53.4105,50.3954,6553856,0.0258097
810.707,53.9581,225.414,1900800,0.0447597
810.707,53.9581,42.9018,1900800,0.0447597
286.946,62.0249,320.726,10092800,0.0200667
286.946,62.0249,216.023,10092800,0.0200667
537.878,61.9538,178.019,16449792,0.0283299
787.119,63.4728,6.90549,11403520,0.0328694
735.96,65.7148,349.999,6291712,0.0208957
333.596,69.394,52.6854,10682624,0.0238076
23.0492,69.9463,286.812,11469056,0.0269671
507.196,71.3268,353.28,14352640,0.0282842
759.835,71.1357,177.893,9896192,0.0186574
851.136,74.9994,349.161,12845312,0.0357037
893.1,76.3386,258.522,2884096,0.0600828
318.875,78.0448,35.8319,3080448,0.0337794
543.942,78.9436,178.246,11862272,0.0235377
874.677,79.9429,248.86,8257792,0.0553259
74.9467,81.5583,357.487,6684928,0.0255378
272.745,83.5071,237.149,7143680,0.0228676
787.861,86.6332,346.044,10486016,0.0340454
134.641,90.2622,269.231,8257792,0.013647
145.843,91.0913,258.504,9568512,0.0192256
807.533,92.4602,249.273,11665664,0.0560699
5.82749,92.6519,200.331,1769728,0.0204505
244.415,92.8255,213.915,11665664,0.054126
746.779,95.6651,349.69,5570816,0.019307
789.484,95.6522,265.374,2359808,0.065741
760.718,99.8025,181.081,9765120,0.0167134
545.02,103.093,179.978,7536896,0.0214372
539.927,103.817,179.627,12648704,0.0216318
46.8721,106.435,170.357,5439744,0.026043
508.686,110.386,357.292,6750464,0.0336178
145.226,113.982,166.711,9765120,0.0157627
48.6223,117.346,168.422,3015168,0.0389888
124.915,120.607,357.593,16646400,0.0223201
503.554,122.734,35.2913,2294272,0.0427519
128.953,126.752,272.975,9634048,0.0239978
135.019,127.018,281.829,7274752,0.0237806
246.166,129.772,178.168,4653312,0.020195
425.317,131.318,171.113,5439744,0.0494185
151.551,132.09,271.922,5505280,0.0251139
151.551,132.09,177.092,5505280,0.0251139
317.845,133.733,0.502563,8192256,0.0305941
736.775,135.709,0.596466,16646400,0.0208196
426.269,137.543,239.96,7209216,0.0358367
323.741,142.807,249.679,6422784,0.0631831
323.741,142.807,82.1675,6422784,0.0631831
221.001,152.271,3.71048,6684928,0.0393251
368.977,160.991,69.724,12452096,0.0303861
352.793,169.46,199.934,7209216,0.0487634
352.793,169.46,63.6246,7209216,0.0487634
150.012,173.195,19.4354,16056576,0.0170869
239.832,180.649,208.557,5570816,0.0178846
239.832,180.649,179.464,5570816,0.0178846
150.702,184.628,106.738,11993344,0.0301901
260.34,187.358,265.348,7930112,0.02285
130.775,189.913,87.0976,2359552,0.0293167
151.135,194.435,263.215,9502976,0.0298719
832.178,196.053,87.0907,4915456,0.016973
813.834,197.564,85.7074,6947072,0.0158686
738.763,199.872,30.858,14483712,0.0328658
151.928,206.008,351.945,9896192,0.0212961
278.741,207.29,351.766,5701888,0.0332646
152.492,214.994,342.46,1442048,0.0233978
86.8827,220.148,342.171,12648704,0.0251423
832.276,225.207,269.905,13828352,0.0465219
839.423,239.129,172.922,5177856,0.0475213
826.678,241.655,4.69742,11075840,0.0536401
876.911,248.397,103.533,12386560,0.0210544
758.144,251.403,207.325,14418176,0.0297566
810.57,252.277,70.0626,7799040,0.0193826
631.162,254.302,358.733,10289408,0.0141388
852.04,253.533,0.406616,14221568,0.0147274
791.279,256.944,60.2274,196864,0.0163096
827.159,257.243,0.124634,6488320,0.031624
626.911,260.094,357.524,10289408,0.020868
852.177,262.074,357.762,12058880,0.0228616
782.832,262.932,50.1388,14221568,0.0162675
537.374,264.061,89.2258,2031872,0.0200577
755.008,265.699,194.064,7733504,0.0383697
720.879,266.566,257.581,11337984,0.0150989
10.9422,268.559,85.2648,10486016,0.0415396
10.9422,268.559,74.7631,10486016,0.0415396
760.538,269.297,2.5397,15663360,0.0514134
30.5213,271.932,62.0219,11665664,0.0252431
10.0082,275.064,120.022,7340288,0.0209759
36.6964,275.002,111.22,5964032,0.0490299
515.453,275.377,88.8635,14418176,0.0134568
51.2004,276.428,133.955,11469056,0.0424208
68.1183,276.797,87.852,4784384,0.0485672
660.125,276.97,110.692,14680320,0.0186882
754.909,277.333,176.827,8061184,0.0222929
405.222,277.803,267.301,10354944,0.0215438
91.375,280.149,241.133,4325632,0.032652
80.6093,283.899,247.253,1900800,0.0200972
145.703,285.875,96.9792,13631744,0.0185246
755.831,288.023,173.099,5243136,0.0226259
153.638,292.868,110.149,1507584,0.0401703
475.011,297.69,289.975,2490624,0.0336199
475.011,297.69,132.58,2490624,0.0336199
843.745,298.039,288.53,12255488,0.0421902
748.95,299.848,318.509,14352640,0.0401494
818.188,300.096,266.189,8323328,0.0585209
745.328,304.079,318.445,5308672,0.0234381
826.128,305.264,254.541,7733504,0.0250868
826.128,305.264,111.739,7733504,0.0250868
819.145,305.779,262.68,16056576,0.0305255
162.689,307.505,281.898,13369600,0.0183835
653.203,306.926,335.089,11665664,0.0199301
712.363,308.466,284.669,11206912,0.0137312
216.05,312.247,269.756,4456704,0.0223298
776.818,314.216,275.736,9896192,0.0211217
864.781,317.374,355.304,1573120,0.0184401
864.781,317.374,261.339,1573120,0.0184401
864.781,317.374,36.7516,1573120,0.0184401
298.028,320.649,270.924,13041920,0.0206041
578.671,322.004,309.749,4325632,0.0212377
209.9,328.56,356.085,2752768,0.0268114
209.9,328.56,229.455,2752768,0.0268114
710.951,334.289,255.842,9502976,0.0138378
565.25,335.948,64.5935,13631744,0.0158604
850.838,347.746,281.098,4129024,0.023446
850.838,347.746,15.7367,4129024,0.023446
678.801,348.927,240.157,3604736,0.0172341
678.801,348.927,113.135,3604736,0.0172341
645.615,350.624,264.335,6816000,0.0146242
701.952,358.393,170.664,6422784,0.0268387
772.863,357.635,359.572,1311232,0.0163381
224.608,363.976,136.214,8388864,0.0190881
205.824,366.804,85.0019,5832960,0.0165116
184.721,368.797,82.4266,7667968,0.0163006
848.672,373.328,222.818,7930112,0.0173305
848.672,373.328,35.8417,7930112,0.0173305
787.819,373.636,14.5984,12386560,0.030184
796.691,377.149,27.9802,3801344,0.0222899
846.307,392.089,271.461,4456704,0.0135479
98.9917,434.655,121.4,7143680,0.0136962
6.56898,5.02849,351.125,12517888,0.0269427
314.205,4.83358,233.935,1769984,0.0152478
253.532,6.65836,195.288,11076096,0.0185899
71.9935,15.4591,176.543,4063744,0.0356283
18.243,20.3271,270.58,15073792,0.0360875
536.039,20.6214,179.532,16646400,0.0238674
32.8987,22.3603,58.7194,9372160,0.0551562
240.59,22.6902,210.475,16188160,0.0198897
210.002,25.7476,51.2744,5636608,0.0241393
246.87,29.1607,209.604,14352896,0.0301432
14.7345,35.1626,82.8356,10355200,0.0417552
199.36,35.6531,47.8944,1573632,0.028604
536.785,37.228,177.376,2621952,0.0249713
536.996,53.6847,176.527,10748416,0.0221601
246.416,54.5263,183.369,9961984,0.0164169
246.416,54.5263,160.417,9961984,0.0164169
12.7546,64.1328,304.908,6095360,0.0335252
216.137,68.7943,349.478,8323584,0.0397905
743.058,74.3863,349.473,9241088,0.0219755
183.109,76.8053,172.408,2163200,0.0158846
183.109,76.8053,6.53528,2163200,0.0158846
242.897,78.0494,173.214,6423040,0.040347
884.195,78.1761,261.5,6029824,0.0610505
867.583,81.8984,243.5,15204864,0.0521264
851.913,84.4536,264.835,1245696,0.0679296
781.148,84.9626,344.285,11993600,0.0333598
507.952,85.972,0.161713,4260352,0.0281226
817.158,90.7426,262.292,2228736,0.0603021
800.878,94.1362,252.865,13763072,0.0477716
251.896,95.0433,192.091,8913408,0.0213854
24.1701,96.3881,64.4979,5112320,0.0416523
325.233,100.12,347.763,16056832,0.0269656
546.366,111.902,172.247,15598080,0.0296598
767.202,117.356,1.72906,11600384,0.0490563
743.677,118.004,359.038,15860480,0.0281049
743.677,118.004,39.8428,15860480,0.0281049
150.673,120.945,177.957,918016,0.0224423
48.7126,125.704,181.648,15860224,0.0474878
503.011,131.243,38.753,4588032,0.0702654
403.948,133.474,359.599,1180160,0.0268713
432.075,133.681,239.763,8585728,0.0480294
272.913,142.984,213.846,11469312,0.0149139
247.386,144.162,183.122,12190208,0.0647764
398.533,144.16,3.66681,9896448,0.0384752
87.1616,145.299,351.59,15467008,0.0386288
87.1616,145.299,173.322,15467008,0.0386288
317.873,144.577,9.53473,8651264,0.0908105
248.609,161.221,174.807,13894144,0.0657543
256.073,160.617,177.664,3801600,0.0347776
319.304,161.983,356.85,459264,0.0530764
252.8,170.197,212.95,9830912,0.0235662
283.669,209.591,270.058,8520192,0.0378178
99.2173,216.392,182.078,7602688,0.0221019
137.906,221.266,51.7457,3867136,0.0255733
107.284,226.496,240.33,9765376,0.0189436
866.516,247.132,98.7574,14942720,0.0197617
556.503,261.612,87.9205,2884096,0.0179062
714.749,263.2,356.585,14221824,0.0134532
714.749,263.2,204.793,14221824,0.0134532
714.749,263.2,131.648,14221824,0.0134532
30.3056,264.425,159.505,4981248,0.0269408
30.3056,264.425,69.8547,4981248,0.0269408
552.138,268.21,87.8023,8651264,0.0206397
532.036,269.002,86.6853,6554112,0.0203507
13.0698,275.959,130.816,10945024,0.0193156
136.701,284.484,94.5,2097664,0.0159578
833.569,283.87,185.902,11469312,0.0780459
332.272,285.355,161.632,5440000,0.0141733
63.9541,286.111,261.685,5571072,0.0221414
9.63717,288.676,80.3422,1245952,0.0175132
524.423,289.05,315.639,15532544,0.0378337
762.078,297.585,332.7,11993600,0.0485425
762.078,297.585,182.497,11993600,0.0485425
170.66,298.194,139.098,8323584,0.0203213
282.654,298.84,28.4932,16646656,0.0147173
887.419,299.317,272.164,3015168,0.0454986
854.085,301.295,269.241,8389120,0.0410714
163.792,302.206,281.442,7406080,0.040538
163.792,302.206,134.829,7406080,0.040538
762.274,305.806,351.094,9699840,0.0401484
762.274,305.806,185.905,9699840,0.0401484
730.742,317.964,270.707,11796992,0.0138047
328.365,324.037,297.821,6488576,0.0222405
527.816,326.403,291.632,15467008,0.028995
660.921,329.364,296.47,8978944,0.0324008
339,332.4,314.047,12321280,0.0263577
822.787,334.879,259.293,5243392,0.0171101
714.809,341.038,77.5512,6881792,0.0153316
277.273,346.808,80.9706,14811648,0.0200704
202.291,361.454,88.6895,6029824,0.0174791
176.766,364.009,78.4391,9830912,0.0191316
817.782,379.391,266.683,7733760,0.0289009
495.876,385.3,261.887,10813952,0.0222788
288.39,408.187,165.034,5177856,0.0189613
255.54,415.131,265.474,6357504,0.0147386
267.863,418.309,262.322,9110016,0.0196285
855.647,419.732,277.263,1180160,0.0152048
153.021,476.035,251.526,7668224,0.0157638
153.021,476.035,180.751,7668224,0.0157638
673.952,485.994,287.675,11928064,0.0160912
673.952,485.994,99.2126,11928064,0.0160912
685.901,487.917,104.692,11600384,0.0162743
62.3541,490.961,347.688,11862528,0.0168981
363.819,6.40605,239.844,12387072,0.022198
28.3623,11.6797,295.183,9241344,0.0251757
731.744,11.8739,2.65271,6488832,0.0240737
332.018,14.7369,359.316,3867392,0.0253296
39.8898,16.1799,179.861,5440256,0.0387039
65.0652,21.68,338.572,590592,0.0314929
338.277,20.7915,250.355,12321536,0.0268379
831.588,24.0411,166.262,14549760,0.068225
362.733,30.8354,61.3876,4653824,0.0343751
339.298,39.875,11.3591,7013120,0.0342395
542.736,43.9188,178.1,13894144,0.0230668
771.934,48.2515,0.157776,4391680,0.0426938
779.442,54.1393,351.114,6161152,0.0390168
8.32415,61.2827,309.906,6882048,0.0335352
416.163,69.3945,183.333,10879744,0.0215731
327.249,74.983,45.9476,14222080,0.0252529
269.81,76.8913,224.169,13566720,0.0165912
281.187,78.4397,199.086,7144192,0.0176974
773.032,80.3975,359.706,5112576,0.0375979
251.998,84.905,171.43,9700096,0.0200868
46.1166,93.9326,182.241,5309184,0.0489756
833.667,96.2521,180.28,11862784,0.0676949
762.073,124.773,249.681,4457216,0.0420028
86.1733,137.875,351.364,12256000,0.0373151
86.1733,137.875,178.915,12256000,0.0373151
173.178,139.174,359.212,16319232,0.029224
19.8524,151.194,292.697,15139584,0.0280665
174.299,156.529,350.886,15467264,0.0293942
366.138,168.239,239.833,12649216,0.0482841
351.863,176.503,239.247,1114880,0.0373486
318.247,185.228,339.713,7013120,0.0481817
90.9814,194.884,177.293,2753280,0.042301
846.947,196.074,83.5699,1377024,0.0175165
770.207,203.169,89.3832,13632256,0.0252749
100.061,204.5,179.42,7471872,0.0270646
742.381,206.912,353.466,12387072,0.0427871
742.381,206.912,27.1166,12387072,0.0427871
832.552,233.661,169.11,3146496,0.10627
109.73,234.437,242.487,2228992,0.0144392
60.788,272.069,83.0207,10158848,0.0259182
723.693,273.869,120.348,11404032,0.021119
503.078,280,290.915,656128,0.0183478
46.4028,283.643,92.7134,2294528,0.0324826
596.206,284.85,115.852,3277568,0.0136352
825.242,284.606,88.4219,6488832,0.0909771
842.164,284.833,187.558,7471872,0.082294
842.164,284.833,93.5797,7471872,0.082294
24.855,285.956,70.5458,9569024,0.0210374
741.103,287.982,355.47,11469568,0.035725
769.004,291.511,327.295,11010816,0.0685562
769.004,291.511,102.101,11010816,0.0685562
891.933,293.241,89.3386,2622208,0.0825879
878.1,300.651,265.54,5112576,0.0380475
544.005,303.325,327.269,15926016,0.020708
769.821,306.435,345.196,5702400,0.0246534
804.961,306.707,262.527,328448,0.0142574
780.395,307.724,270.12,3539712,0.0184859
585.301,312.124,243.088,7734016,0.0151582
594.323,312.845,264.598,7865088,0.0185197
811.213,313.082,258.693,6882048,0.0186255
570.425,314.468,292.547,7340800,0.0304928
555.209,317.405,272.003,10683136,0.0212431
279.259,323.31,251.696,9569024,0.0363053
279.259,323.31,13.5849,9569024,0.0363053
570.454,322.699,291.88,2294528,0.0282144
601.276,326.931,269.761,10355456,0.0168979
277.606,332.536,281.878,7930624,0.0221851
277.606,332.536,82.6675,7930624,0.0221851
698.971,358.908,265.858,9962240,0.0273638
188.579,362.351,75.0054,8585984,0.0157231
780.801,369.679,8.46603,14156544,0.0182389
471.753,379.436,344.783,3212032,0.0168688
471.753,379.436,54.3178,3212032,0.0168688
385.572,381.343,261.829,13763328,0.0225659
410.608,386.89,268.336,10879744,0.0134148
795.135,391.933,276.297,12190464,0.0150179
377.995,419.212,303.659,11993856,0.0263451
377.995,419.212,108.539,11993856,0.0263451
845.577,419.319,281.454,7668480,0.0144716
845.577,419.319,89.6549,7668480,0.0144716
611.616,469.18,92.1956,6750976,0.0135947
660.894,482.366,100.489,10814208,0.0169438
817.387,42.5333,67.5029,7405825,0.0335961
788.949,49.3403,66.1266,9568513,0.0461978
843.123,57.9615,171.399,5570817,0.0512756
843.123,57.9615,7.21576,5570817,0.0512756
329.895,63.6276,44.3262,5767425,0.0344462
80.0274,71.7382,174.86,15073537,0.0378843
843.554,75.0443,191.004,3473665,0.0478027
859.324,91.8982,270.013,12779777,0.0944106
859.324,91.8982,74.6745,12779777,0.0944106
822.602,98.3363,269.183,11075841,0.107484
822.602,98.3363,74.4691,11075841,0.107484
254.333,101.989,179.095,66049,0.0186261
793.418,103.649,270.619,7667969,0.0935511
793.418,103.649,79.5359,7667969,0.0935511
866.841,113.939,260.044,9699585,0.042442
547.923,126.235,180.29,852225,0.0323464
309.877,138.454,9.49536,8454401,0.0302364
173.526,139.007,358.563,5112065,0.0287554
202.908,162.269,0.816498,11403521,0.0473367
874.233,195.681,82.9909,1573121,0.0229511
185.991,198.593,245.083,10813697,0.0440452
881.455,205.804,269.273,6095105,0.0287859
733.357,217.292,356.913,15204609,0.0298026
15.6713,217.355,50.2776,6553857,0.0143134
743.467,227.365,0.696838,3342593,0.0290623
665.339,231.555,152.187,9699585,0.0180196
885.715,242.54,300.464,1573377,0.0534547
843.759,253.953,178.316,15401217,0.0487192
40.7613,267.709,106.254,8847617,0.0245977
34.1537,278.338,105.928,4653313,0.0479584
833.504,278.385,183.387,3080449,0.0763081
748.916,280.717,355.995,6816001,0.0447929
844,283.95,183.612,5439745,0.07989
844,283.95,91.7547,5439745,0.07989
338.664,295.626,174.959,6291713,0.017197
276.281,305.686,24.1251,1966593,0.0148949
656.606,303.633,330.534,1376769,0.0250943
280.156,322.493,254.146,2818305,0.0359277
590.007,321.386,249.382,2752769,0.0295301
766.396,344.998,337.049,3277057,0.0135019
499.974,348.45,82.2208,9830657,0.0158107
577.015,353.408,171.017,16449793,0.0337988
377.41,364.557,296.883,5767425,0.0163662
779.393,371.297,1.44681,8454401,0.0181114
798.11,381.55,261.88,8388865,0.0228574
580.555,389.02,260.93,15532289,0.0181668
543.185,399.242,259.6,2752769,0.0159546
272.766,459.163,71.4984,16056577,0.019134
716.472,497.647,100.128,7864577,0.0212082
20.2607,24.0174,57.9999,11665921,0.0419247
887.697,25.8739,81.5989,5112321,0.0496809
853.781,34.1811,67.3649,1442305,0.0438897
220.124,59.9483,184.158,10158593,0.0562351
343.594,60.2449,204.669,7275009,0.0413044
343.594,60.2449,22.1191,7275009,0.0413044
319.999,67.3004,47.2793,15729153,0.0378524
197.445,74.3045,177.64,1835521,0.0510129
211.218,86.3709,180.976,5702145,0.0345273
879.014,88.0896,255.124,4456961,0.0927611
879.014,88.0896,83.3931,4456961,0.0927611
846.161,93.5465,196.294,6160897,0.100869
846.161,93.5465,83.2726,6160897,0.100869
869.75,100.857,260.161,2097665,0.0725286
869.75,100.857,78.9103,2097665,0.0725286
834.635,104.868,260.575,15335937,0.0615112
780.032,116.159,262.66,5112321,0.0650729
780.032,116.159,93.3756,5112321,0.0650729
526.81,142.178,278.989,7930369,0.0478586
226.295,155.647,2.07587,9765377,0.0499943
226.295,155.647,176.431,9765377,0.0499943
283.919,170.084,92.0008,524801,0.0138261
37.629,173.745,354.925,8651265,0.0136608
205.367,187.622,242.209,3015169,0.0527519
298.951,191.913,170.759,7143937,0.0307678
298.951,191.913,77.7214,7143937,0.0307678
198.187,204.316,243.377,3801601,0.0313235
536.05,208.521,336.356,10355201,0.0155529
844.428,266.575,180.115,3146241,0.0506852
18.6052,276.963,22.9548,1638913,0.0164467
106.368,277.96,232.926,7602689,0.0294616
106.368,277.96,93.2841,7602689,0.0294616
470.368,279.227,277.189,5767681,0.0133875
652.261,285.503,345.816,4194817,0.0327407
741.769,310.215,308.032,10420737,0.0180278
618.502,321.674,269.541,4194817,0.0143985
334.4,323.193,302.579,11665921,0.0222457
328.836,336.039,301.841,7799297,0.0305655
734.426,347.637,81.9687,6029825,0.0178824
233.85,362.222,113.884,6816257,0.0216454
412.255,376,268.294,11534849,0.0424364
772.858,402.215,43.8434,14352897,0.0146971
301.709,461.295,141.158,2818561,0.0160999
235.565,467.746,72.5926,14746113,0.0193271
343.8,12.3561,352.828,2163457,0.0290691
846.958,20.3522,250.556,11404033,0.0627334
846.958,20.3522,68.7092,11404033,0.0627334
815.2,28.5749,254.175,10027777,0.0675693
815.2,28.5749,58.4784,10027777,0.0675693
786.402,35.5264,260.637,2622209,0.0526893
786.402,35.5264,61.0423,2622209,0.0526893
604.156,170.264,170.436,6619905,0.0166492
270.215,192.047,7.59491,15598081,0.0179721
217.722,196.856,248.351,8454913,0.0325696
286.928,205.307,270.549,12649217,0.0393655
867.203,220.79,289.642,8782593,0.0364144
198.928,318.52,150.408,9700097,0.013759
650.767,317.629,306.843,4391681,0.0176564
650.767,317.629,160.139,4391681,0.0176564
266.438,391.641,120.402,14549505,0.0449125
277.816,411.109,169.431,7209729,0.0385622
815.43,411.473,96.7422,656129,0.0159962
234.674,418.43,266.715,8192769,0.0136562
886.834,423.187,91.2527,10355457,0.0166354
861.951,70.8131,254.816,11534594,0.0428253
22.7291,85.0611,304.621,5701890,0.0491398
551.063,105.698,172.372,3735810,0.0253409
159.496,143.195,352.738,9568514,0.0265083
331.302,178.335,242.509,8061186,0.0679591
704.04,187.77,181.928,13369602,0.0149776
184.351,191.432,352.956,4194562,0.0441243
287.087,204.321,271.087,1900802,0.0385068
813.502,236.936,255.221,15532290,0.0598135
849.497,234.845,280.09,4456706,0.0601998
99.652,249.64,55.7829,1442050,0.0185646
636.847,279.169,285.4,4260098,0.0209742
294.03,350.078,272.391,3670274,0.0278918
494.064,381.47,269.249,1769730,0.0224247
827.622,394.284,267.57,5439746,0.0204261
827.622,394.284,97.3206,5439746,0.0204261
130.382,22.8538,153.019,7602690,0.0253267
151.827,72.2982,357.437,14483970,0.0292896
796.461,76.7736,2.9263,15204866,0.0472717
796.461,76.7736,270.293,15204866,0.0472717
331.15,86.774,186.438,7995906,0.053282
135.774,110.662,357.497,5046786,0.0262058
36.2136,115.67,337.582,15204866,0.0788734
36.2136,115.67,177.05,15204866,0.0788734
413.599,130.343,358.107,10420738,0.0535035
361.471,145.83,169.518,15204866,0.0311878
661.307,157.576,354.726,6947330,0.0139687
305.715,165.864,0.0501099,5505538,0.0320971
793.65,216.387,248.105,9830914,0.0345493
811.008,237.766,255.658,2753026,0.0595691
752.621,245.263,357.482,8913410,0.0559602
644.656,251.201,292.145,14221826,0.0374692
644.656,251.201,159.672,14221826,0.0374692
644.656,251.201,13.4344,14221826,0.0374692
38.2924,285.1,95.0469,393986,0.030185
705.506,288.931,288.58,10879490,0.028704
705.506,288.931,114.449,10879490,0.028704
726.932,352.502,267.911,4129282,0.0140105
555.972,369.048,293.789,10879490,0.0136125
29.9797,56.0618,182.072,6030082,0.0648161
525.125,120.213,359.109,12452610,0.0591986
300.672,303.672,269.031,12911362,0.0363295
300.672,303.672,35.862,12911362,0.0363295
263.356,400.442,263.804,10224386,0.0478153
263.356,400.442,115.821,10224386,0.0478153
282.299,477.577,76.9087,8258306,0.0322142
806.868,68.3845,356.304,13893891,0.0505532
806.868,68.3845,266.805,13893891,0.0505532
374.14,80.966,337.382,7536899,0.0510644
374.14,80.966,189.906,7536899,0.0510644
724.791,105.522,0.354309,918019,0.0282076
152.166,152.577,351.07,8913155,0.0263194
746.926,328.832,301.518,3277059,0.0217093
239.072,349.64,109.509,13762819,0.0222522
238.786,448.131,268.512,13369603,0.0284631
405.607,41.6705,201.154,4129283,0.0417194
284.328,114.204,178.542,16122371,0.043545
226.896,215.957,254.679,1901059,0.0228637
63.7849,241.712,95.2966,2032131,0.0149718
559.715,295.209,277.333,14746115,0.0272703
184.593,456.963,267.983,8978947,0.0311034
467.279,56.5673,202.566,4391683,0.0495689
213.24,156.456,347.866,16253699,0.0541476
213.24,156.456,181.586,16253699,0.0541476
696.037,393.55,304.191,13435652,0.0239576
