217.619,40.7361,4.8,260.84,0.00104474,0
866.209,131.781,5.70819,253.053,0.00228194,0
852.373,133.976,5.70819,266.768,0.00241556,0
728.273,145.065,5.70819,176.369,0.00665949,0
759.86,150.355,5.70819,180.51,0.0030943,0
876.343,160.057,5.70819,322.125,0.00165355,0
868.017,161.48,5.70819,172.391,0.00130786,0
731.529,180.291,5.70819,171.02,0.00604017,0
732.884,194.504,5.70819,178.729,0.00561237,0
585.023,208.194,4.8,56.6049,0.00102253,0
766.555,226.768,5.70819,168.255,0.00264953,0
404.12,240.655,8.07261,184.589,0.00689074,0
768.044,241.853,5.70819,181.585,0.0023234,0
421.933,245.599,8.07261,299.377,0.00418451,0
352.621,247.23,5.70819,343.344,0.00238103,0
438.85,253.889,5.70819,304.557,0.00274072,0
553.998,255.105,5.70819,95.7534,0.00286923,0
739.882,270.45,5.70819,173.813,0.00496205,0
556.485,272.89,5.70819,250.929,0.00229265,0
740.947,284.683,5.70819,179.713,0.00414665,0
459.393,287.264,5.70819,340.667,0.00311871,0
442.192,289.254,5.70819,99.9805,0.00305381,0
427.251,290.684,5.70819,72.7946,0.00315635,0
408.425,292.71,5.70819,168.227,0.00383856,0
357.546,297.071,5.70819,358.53,0.00443581,0
435.433,297.655,5.70819,283.421,0.00366464,0
341.232,298.935,5.70819,100.287,0.00257586,0
326.684,300.218,5.70819,65.8144,0.00207772,0
463.27,302.583,5.70819,276.1,0.00254195,0
314.122,301.366,5.70819,183.967,0.00293148,0
444.13,304.747,5.70819,249.484,0.00311218,0
428.909,306.239,5.70819,278.578,0.00325589,0
410.114,308.357,5.70819,186.308,0.00369805,0
358.994,312.97,5.70819,345.482,0.0040155,0
343.014,314.43,5.70819,250.602,0.00271038,0
328.37,315.938,5.70819,282.317,0.0019269,0
662.483,316.255,5.70819,235.021,0.0024194,0
313.701,317.261,5.70819,188.623,0.00282309,0
774.656,318.139,5.70819,168.356,0.00188503,0
656.112,321.836,5.70819,307.593,0.00257704,0
650.244,328.331,5.70819,302.099,0.00159263,0
745.248,330.671,5.70819,165.883,0.00441519,0
376.248,335.998,5.70819,355.259,0.00125873,0
438.955,334.514,5.70819,349.834,0.00169793,0
649.088,337.412,5.70819,294.779,0.00200241,0
818.641,338.26,5.70819,292.781,0.00700763,0
362.029,342.655,5.70819,75.467,0.00350308,0
461.861,345.283,5.70819,90.7041,0.00290917,0
346.247,343.665,5.70819,93.9037,0.00249555,0
477.36,344.809,5.70819,177.111,0.00328108,0
315.979,345.409,5.70819,166.095,0.0024099,0
377.959,350.628,5.70819,8.63252,0.00157177,0
621.615,355.428,5.70819,193.161,0.00131217,0
895.049,358.032,5.70819,201.047,0.0013638,0
458.882,360.276,5.70819,312.674,0.00234019,0
608.908,359.808,5.70819,352.387,0.0025595,0
824.861,360.015,5.70819,248.524,0.00218876,0
881.7,364.387,5.70819,269.085,0.00237033,0
433.464,365.175,5.70819,200.219,0.0037617,0
841.602,367.948,5.70819,294.609,0.00219218,0
609.635,369.226,5.70819,253.113,0.00229377,0
530.454,376.741,5.70819,70.2015,0.00719015,0
680.763,378.447,5.70819,34.1591,0.00250356,0
104.637,380.089,5.70819,26.8177,0.00698192,0
390.736,382.803,5.70819,253.832,0.0028069,0
525.273,383.836,5.70819,226.561,0.00924048,0
399.587,387.101,5.70819,259.255,0.0024924,0
121.937,389.156,5.70819,259.913,0.00223723,0
106.735,392.964,5.70819,169.83,0.00255418,0
832.417,396.954,5.70819,341.311,0.00204285,0
481.743,398.213,5.70819,341.367,0.00167091,0
310.422,408.916,5.70819,330.337,0.00283347,0
406.368,411.433,5.70819,61.0194,0.00454197,0
152.403,413.051,5.70819,210.316,0.0041186,0
231.59,413.038,5.70819,92.2882,0.0132952,0
97.5054,413.531,5.70819,179.037,0.00646591,0
226.309,413.621,5.70819,74.0982,0.0174683,0
456.067,433.416,5.70819,58.0482,0.0070014,0
452.039,434.866,4.8,48.3026,0.0020498,0
113.135,436.636,5.70819,31.3789,0.00292216,0
227.001,438.313,5.70819,82.7792,0.00165574,0
504.022,441.75,5.70819,276.889,0.00356551,0
841.722,440.819,5.70819,293.616,0.00221257,0
486.674,443.443,5.70819,204.193,0.0027468,0
516.315,443.638,5.70819,257.9,0.00170841,0
261.663,445.271,5.70819,204.035,0.00780134,0
407.065,445.59,5.70819,269.606,0.00312019,0
218.868,445.045,5.70819,330.503,0.00278742,0
426.716,454.495,5.70819,178.983,0.00669079,0
218.282,455.742,5.70819,14.0805,0.00421168,0
405.142,456.425,5.70819,9.65985,0.00363213,0
415.991,456.12,5.70819,18.4545,0.00325975,0
105.185,458.385,5.70819,22.1272,0.00328359,0
113.055,464.985,5.70819,201.198,0.00282244,0
82.9459,466.44,5.70819,99.9617,0.00257332,0
96.299,466.071,5.70819,21.0903,0.00169646,0
412.607,469.03,5.70819,11.2874,0.00271389,0
223.692,469.456,5.70819,10.8784,0.00541907,0
229.56,469.792,5.70819,216.672,0.00446511,0
970.336,471.218,4.8,34.3303,0.00103087,0
411.889,484.059,8.07261,358.112,0.0117924,0
418.552,483.096,8.07261,211.412,0.00850642,0
560.416,484.807,5.70819,296.386,0.00248161,0
117.75,486.317,5.70819,132.416,0.00197903,0
224.581,485.584,5.70819,243.023,0.00326522,0
98.8756,488.532,5.70819,203.412,0.00254626,0
318.116,489.834,5.70819,311.452,0.00289199,0
323.201,492.333,5.70819,292.953,0.00269371,0
648.117,493.478,5.70819,134.669,0.00266689,0
489.158,510.155,5.70819,68.451,0.00141787,0
264.969,511.406,5.70819,359.944,0.00423268,0
88.4717,515.364,5.70819,192.389,0.00504552,0
97.6831,515.964,5.70819,192.796,0.00234829,0
900.44,520.33,5.70819,349.627,0.0019429,0
952.809,522.852,5.70819,2.17842,0.00236915,0
958.297,533.342,4.8,0.0595653,0.0019772,0
785.825,544.445,5.70819,2.34752,0.00464094,0
961.429,544.633,4.8,348.265,0.00102011,0
960.464,552.189,4.8,330.418,0.00199974,0
805.3,598.523,5.70819,128.834,0.00309844,0
218.593,93.1256,5.70819,149.229,0.00125973,0
597.024,109.782,5.70819,89.4962,0.00103251,0
881.428,120.345,5.70819,250.674,0.00144411,0
839.913,136.55,5.70819,252.432,0.00139223,0
882.108,138.204,5.70819,95.3591,0.00137038,0
739.134,138.892,5.70819,352.284,0.00160863,0
778.457,147.379,5.70819,258.309,0.0013588,0
794.123,146.808,5.70819,325.72,0.00125912,0
852.131,151.344,5.70819,236.485,0.0013751,0
866.836,151.166,5.70819,297.514,0.00110057,0
852.805,163.492,5.70819,9.11288,0.00106164,0
837.415,166.17,5.70819,198.514,0.00148571,0
861.586,169.431,5.70819,180.678,0.00132829,0
611.625,174.446,5.70819,261.33,0.00188919,0
879.241,173.624,5.70819,2.03583,0.00158511,0
837.341,180.235,5.70819,168.971,0.00172094,0
763.552,191.213,5.70819,178.82,0.0022465,0
870.902,194.615,5.70819,53.5348,0.00152398,0
855.403,199.255,5.70819,111.315,0.00187953,0
586.227,200.205,5.70819,1.15218,0.0016601,0
614.144,210.917,5.70819,63.0525,0.00153401,0
586.767,218.17,8.07261,347.963,0.00237787,0
779.799,217.258,5.70819,354.922,0.00133684,0
891.094,227.368,5.70819,163.627,0.00189543,0
773.125,233.669,5.70819,2.55723,0.00102343,0
667.623,235.139,5.70819,353.923,0.0010602,0
651.301,254.079,5.70819,180.176,0.001235,0
336.562,257.786,5.70819,220.453,0.00150426,0
506.825,261.539,5.70819,68.4679,0.00151502,0
770.344,267.735,5.70819,176.194,0.00128296,0
323.902,269.131,5.70819,220.828,0.00115575,0
508.746,276.912,5.70819,346.8,0.00129108,0
771.311,281.74,5.70819,181.061,0.00124739,0
593.204,283.558,5.70819,5.2856,0.00124731,0
669.183,285.998,5.70819,285.394,0.00132878,0
790.705,292.122,5.70819,347.177,0.00160061,0
467.157,293.973,5.70819,340.372,0.00201857,0
594.846,298.457,5.70819,346.316,0.00143814,0
334.95,307.766,5.70819,102.856,0.00276633,0
898.177,308.706,5.70819,183.038,0.00230208,0
792.407,316.591,5.70819,25.7743,0.00112026,0
629.787,323.684,5.70819,237.813,0.00102829,0
369.801,329.463,5.70819,352.173,0.00158687,0
465.845,334.559,5.70819,91.7863,0.00187461,0
404.083,336.338,5.70819,182.341,0.00114953,0
447.698,335.593,5.70819,85.0805,0.00194176,0
912.172,337.199,5.70819,197.219,0.00120101,0
638.656,339.905,5.70819,292.673,0.00186394,0
331.403,344.71,5.70819,80.986,0.00183441,0
452.604,345.319,5.70819,81.8936,0.0022889,0
652.16,344.791,5.70819,301.374,0.00210347,0
660.922,345.732,5.70819,323.088,0.0013376,0
625.556,347.495,5.70819,220.256,0.00113765,0
424.82,348.763,5.70819,319.225,0.00116269,0
415.084,350.344,5.70819,154.831,0.00114538,0
459.51,350.874,5.70819,300.238,0.00265481,0
470.423,350.831,5.70819,178.197,0.00164374,0
874.714,351.464,5.70819,266.931,0.00109688,0
238.921,353.657,5.70819,255.01,0.00136691,0
669.524,356.138,5.70819,307.35,0.00196857,0
840.664,358.947,5.70819,291.421,0.001688,0
425.591,360.485,5.70819,149.869,0.0027286,0
472.482,360.262,5.70819,327.4,0.00270059,0
411.777,361.945,8.07261,146.323,0.00458021,0
901.453,362.454,5.70819,177.12,0.00142356,0
618.33,363.891,5.70819,222.048,0.00182214,0
675.819,366.411,8.07261,312.146,0.00312759,0
851.279,363.662,8.07261,282.318,0.00302085,0
818.37,365.722,5.70819,240.837,0.00107637,0
892.357,373.068,5.70819,151.168,0.00106392,0
299.183,375.339,5.70819,334.571,0.00205319,0
467.772,376.359,5.70819,329.081,0.00110738,0
848.075,375.773,5.70819,52.1996,0.00162331,0
113.402,379.12,5.70819,132.156,0.00149963,0
806.643,380.693,5.70819,235.775,0.00135374,0
814.05,385.977,5.70819,140.015,0.00149239,0
845.408,386.295,5.70819,50.6337,0.00188845,0
822.444,386.713,5.70819,120.821,0.00106978,0
275.769,390.839,5.70819,38.3151,0.00122533,0
677.945,391.37,5.70819,37.3275,0.00184971,0
92.8132,391.85,5.70819,39.9907,0.00168208,0
895.127,398.495,5.70819,229.84,0.00149168,0
95.0126,401.416,5.70819,162.534,0.00314472,0
422.966,401.808,5.70819,80.2185,0.00125988,0
851.719,401.599,5.70819,270.783,0.00107078,0
445.222,404.04,5.70819,97.3163,0.0013944,0
826.605,403.838,5.70819,328.072,0.00108822,0
433.152,405.193,5.70819,81.0139,0.001619,0
889.247,405.425,5.70819,98.1217,0.00110328,0
815.093,406.22,5.70819,222.519,0.00125113,0
951.511,405.857,5.70819,283.981,0.00170521,0
457.892,409.444,5.70819,123.924,0.00176655,0
108.674,409.796,5.70819,172.394,0.00128434,0
420.298,410.436,5.70819,79.6423,0.00156404,0
848.692,410.213,5.70819,267.745,0.00118884,0
902.493,410.718,5.70819,189.6,0.00118456,0
449.609,412.986,5.70819,272.263,0.00101482,0
859.235,414.675,5.70819,332.524,0.00112872,0
831.622,417.552,5.70819,22.107,0.00116378,0
329.616,418.965,5.70819,242.06,0.00103673,0
218.57,420.499,5.70819,356.036,0.00117202,0
831.228,422.617,5.70819,16.5784,0.00121482,0
105.26,428.72,5.70819,29.5588,0.00117887,0
136.384,429.661,5.70819,201.855,0.00150353,0
216.746,436.158,5.70819,80.168,0.00111633,0
104.47,437.335,5.70819,30.1341,0.00137999,0
293.973,437.221,5.70819,289.29,0.00147145,0
830.007,438.111,5.70819,281.306,0.00112603,0
375.415,442.771,5.70819,23.6804,0.00102586,0
313.02,443.519,5.70819,273.107,0.00109465,0
427.059,443.547,5.70819,100.279,0.00106779,0
456.444,446.255,5.70819,30.9265,0.0010269,0
237.017,446.914,5.70819,186.021,0.00226629,0
440.614,447.292,5.70819,184.865,0.00113347,0
888.42,453.035,5.70819,308.299,0.0010134,0
113.024,453.332,8.07261,193.637,0.00380329,0
228.14,457.648,5.70819,16.856,0.00158499,0
234.792,457.977,5.70819,196.105,0.00218797,0
197.092,466.216,5.70819,42.2292,0.00103124,0
319.951,466.24,5.70819,119.915,0.00194831,0
424.69,467.79,5.70819,190.717,0.00177117,0
327.094,471.682,5.70819,145.224,0.00117896,0
72.5484,472.706,5.70819,288.528,0.0011113,0
680.555,473.876,5.70819,343.2,0.00111606,0
112.027,476.36,5.70819,196.972,0.00102778,0
99.0608,476.775,8.07261,199.285,0.00244514,0
291.003,481.23,5.70819,93.53,0.00129551,0
91.1849,482.184,5.70819,9.74796,0.0014162,0
273.557,494.827,5.70819,133.1,0.00190053,0
885.937,494.881,5.70819,323.312,0.00174686,0
264.32,501.464,5.70819,24.2397,0.00247616,0
272.815,504.482,5.70819,147.422,0.00152037,0
642.715,503.562,5.70819,25.6734,0.00112403,0
654.706,503.812,5.70819,153.401,0.00152554,0
698.626,505.742,5.70819,323.504,0.00137051,0
574.105,507.115,5.70819,249.939,0.00107327,0
386.788,508.008,5.70819,328.784,0.0012569,0
527.177,510.703,5.70819,209.023,0.00145328,0
56.7397,516.493,5.70819,11.1561,0.00165881,0
495.236,516.269,5.70819,102.358,0.00163203,0
271.368,518.891,5.70819,346.003,0.00150759,0
866.165,519.308,5.70819,149.555,0.00111259,0
294.226,520.147,5.70819,66.0385,0.00122286,0
481.451,522.279,5.70819,44.5043,0.00140906,0
67.4884,523.991,5.70819,146.632,0.00182829,0
497.273,525.812,5.70819,103.254,0.0013944,0
49.8255,528.419,5.70819,344.215,0.00131864,0
266.541,530.594,5.70819,120.809,0.00124231,0
65.1052,536.68,5.70819,130.337,0.00212564,0
521.212,542.538,5.70819,267.469,0.00151866,0
85.3033,544.432,5.70819,94.1505,0.00100144,0
842.344,546.382,5.70819,88.2415,0.00169341,0
102.153,550.875,8.07261,245.873,0.00249215,0
495.289,549.986,5.70819,283.141,0.00115079,0
363.426,551.796,5.70819,126.122,0.00113049,0
99.4943,551.748,6.78823,250.799,0.0012458,0
524.085,552.418,5.70819,267.009,0.00135505,0
78.9407,553.084,8.07261,278.974,0.00244505,0
514.159,558.781,5.70819,214.712,0.00101006,0
478.019,564.139,5.70819,305.759,0.00118369,0
706.824,617.194,5.70819,74.7276,0.001639,0
219.127,94.1758,8.07261,127.231,0.00162988,0
596.766,109.984,8.07261,88.1222,0.00175206,0
880.69,118.912,8.07261,250.452,0.00259899,0
868.045,131.654,8.07261,255.502,0.00301095,0
851.286,133.874,8.07261,260.611,0.00195142,0
838.95,136.567,8.07261,249.811,0.00205385,0
739.655,139.547,8.07261,351.911,0.00237416,0
881.684,139.409,8.07261,99.5076,0.00205664,0
859.398,141.269,8.07261,265.524,0.00151459,0
715.426,143.534,8.07261,176.745,0.00130684,0
728.451,146.157,8.07261,177.978,0.0103965,0
794.193,145.734,8.07261,325.091,0.00133879,0
777.195,148.286,8.07261,261.882,0.00289582,0
759.711,151.168,8.07261,172.809,0.00414604,0
850.427,152.841,8.07261,230.968,0.00247445,0
871.288,158.828,8.07261,315.055,0.00246428,0
608.99,161.469,8.07261,74.1579,0.00120433,0
851.175,162.263,8.07261,217.772,0.00187815,0
579.729,163.174,8.07261,5.10756,0.00105995,0
838.186,164.888,8.07261,199.075,0.00164614,0
884.626,165.927,8.07261,176.457,0.00106613,0
770.104,167.064,8.07261,153.928,0.00167339,0
860.842,170.068,8.07261,347.067,0.0020041,0
612.597,174.806,8.07261,263.542,0.00276906,0
878.561,175.449,8.07261,359.629,0.00204008,0
872.305,177.04,8.07261,184.064,0.00128527,0
731.473,179.085,8.07261,173.004,0.00863256,0
837.942,181.882,8.07261,167.002,0.00241776,0
242.135,182.9,8.07261,21.0152,0.00153791,0
740.364,186.495,8.07261,355.126,0.00134443,0
724.506,188.831,8.07261,173.693,0.00107677,0
779.147,189.665,8.07261,65.8447,0.00154591,0
763.38,191.704,8.07261,175.339,0.00292303,0
872.081,192.933,8.07261,43.7898,0.00200373,0
733.104,195.916,8.07261,175.423,0.00826183,0
853.971,198.207,8.07261,116.83,0.00374375,0
585.856,199.244,8.07261,5.95869,0.00233386,0
897.747,204.937,8.07261,168.118,0.00113343,0
614.963,211.261,8.07261,45.3715,0.0014057,0
765.787,210.629,8.07261,173.689,0.00105795,0
779.7,218.071,8.07261,2.17401,0.00154777,0
766.429,225.637,8.07261,172.678,0.00296764,0
891.159,227.797,8.07261,165.186,0.00209481,0
901.341,233.58,8.07261,171.93,0.00114428,0
668.828,235.217,8.07261,352.291,0.00171037,0
433.465,242.478,8.07261,301.426,0.00167196,0
768.184,243.042,8.07261,177.337,0.00256934,0
351.895,248.461,8.07261,247.325,0.00390983,0
440.148,255.399,8.07261,306.554,0.00422419,0
650.359,254.974,8.07261,359.86,0.00140151,0
553.558,255.715,8.07261,88.8658,0.00395329,0
337.409,257.669,8.07261,219.76,0.0022172,0
537.703,259.616,8.07261,80.7155,0.0010848,0
508.083,262.143,8.07261,71.222,0.00258492,0
770.195,266.488,8.07261,176.44,0.00122068,0
739.871,269.157,8.07261,175.851,0.00665438,0
322.945,271.033,8.07261,211.754,0.00158382,0
555.911,272.341,8.07261,246.734,0.00288594,0
895.851,274.111,8.07261,176.157,0.00161363,0
509.686,276.295,8.07261,346.029,0.00245288,0
592.673,282.326,8.07261,358.001,0.00165409,0
771.383,283.151,8.07261,180.037,0.00126124,0
321.49,284.241,8.07261,201.605,0.00131641,0
457.834,286.213,8.07261,337.422,0.00446402,0
668.833,286.456,8.07261,288.826,0.00208959,0
741.212,286.166,8.07261,177.057,0.00582132,0
443.38,287.955,8.07261,99.8752,0.00409188,0
425.806,289.669,8.07261,71.3445,0.00446807,0
409.091,291.466,8.07261,170.319,0.00579301,0
790.757,291.46,8.07261,344.433,0.00189111,0
467.16,293.92,8.07261,330.163,0.00296615,0
356.77,296.13,8.07261,355.083,0.00715974,0
676.122,296.003,8.07261,32.0968,0.00105439,0
342.37,297.732,8.07261,101.135,0.00351017,0
435.493,297.786,8.07261,76.916,0.00604643,0
325.015,299.253,8.07261,187.185,0.00282879,0
314.982,300.045,8.07261,184.996,0.00465132,0
594.703,299.528,8.07261,348.098,0.00202262,0
401.705,301.44,8.07261,177.834,0.00135684,0
797.142,303.17,8.07261,333.98,0.0019201,0
365.486,304.497,8.07261,354.244,0.00161143,0
462.267,303.98,8.07261,278.458,0.00380547,0
663.757,305.241,8.07261,19.5552,0.00111312,0
445.459,305.807,8.07261,252.054,0.00435517,0
334.858,307.804,8.07261,91.0679,0.00450074,0
427.775,307.586,8.07261,280.06,0.00456441,0
898.178,307.911,8.07261,184.402,0.00342195,0
306.524,309.323,8.07261,186.284,0.001079,0
410.963,309.459,8.07261,183.186,0.00576191,0
678.065,312.444,8.07261,263.037,0.00131512,0
358.329,314.185,8.07261,345.821,0.00603346,0
344.277,315.518,8.07261,187.526,0.00341662,0
327.072,317.273,8.07261,338.111,0.00270056,0
314.514,318.296,8.07261,184.934,0.00442601,0
659.91,318.38,8.07261,258.516,0.00431328,0
774.619,317.567,8.07261,169.109,0.00215065,0
628.652,322.412,8.07261,337.137,0.00175032,0
683.117,323.98,8.07261,265.898,0.0011041,0
370.317,327.897,8.07261,350.057,0.00233411,0
649.695,328.291,8.07261,293.768,0.00105315,0
745.594,329.895,8.07261,167.781,0.00826307,0
438.336,333.104,8.07261,352.307,0.00139794,0
448.827,334.409,8.07261,80.8267,0.00307463,0
464.708,333.645,8.07261,90.3533,0.00313737,0
414.255,334.776,8.07261,176.955,0.00117045,0
403.34,335.806,8.07261,179.975,0.00174449,0
429.712,337.433,8.07261,358.141,0.001225,0
649.157,337.156,8.07261,299.865,0.00166442,0
818.452,338.307,8.07261,265.089,0.00968796,0
638.163,340.566,8.07261,294.543,0.00299409,0
361.272,341.768,8.07261,77.0218,0.00573183,0
347.279,342.756,8.07261,90.6764,0.00374725,0
329.789,344.114,8.07261,81.7648,0.00275547,0
477.48,344.491,8.07261,171.333,0.00249157,0
316.856,344.597,8.07261,164.173,0.00394704,0
651.996,345.295,8.07261,306.51,0.0028427,0
907.875,345.355,8.07261,197.436,0.0011409,0
459.566,347.514,8.07261,85.1193,0.00778359,0
626.524,347.372,8.07261,214.759,0.00152235,0
426.406,348.997,8.07261,155.88,0.0016372,0
414.613,350.183,8.07261,156.448,0.00147029,0
470.473,350.549,8.07261,176.606,0.0014839,0
378.237,350.869,8.07261,359.667,0.00120808,0
238.913,353.701,8.07261,348.601,0.00132687,0
659.148,354.452,8.07261,313.098,0.00103479,0
620.624,356.232,8.07261,208.684,0.00205197,0
670.303,355.59,8.07261,313.079,0.0026444,0
885.202,355.727,8.07261,220.933,0.00105171,0
607.628,358.587,8.07261,342.617,0.00386401,0
841.604,358.642,8.07261,292.792,0.00172035,0
296.163,360.157,8.07261,339.952,0.00139704,0
425.156,360.08,8.07261,154.543,0.00430328,0
825.871,359.516,8.07261,241.602,0.00190765,0
458.794,360.818,8.07261,316.636,0.00272119,0
472.279,360.895,8.07261,324.134,0.00465489,0
901.909,363.26,8.07261,182.776,0.00164832,0
618.536,363.762,8.07261,225.319,0.00256909,0
880.773,364.202,8.07261,262.499,0.00214545,0
433.888,365.469,8.07261,205.739,0.00271443,0
817.198,365.133,8.07261,240.034,0.00179916,0
840.199,369.142,8.07261,293.444,0.00319306,0
610.007,369.511,8.07261,253.838,0.00258007,0
403.499,372.126,8.07261,242.305,0.00140879,0
893.838,373.172,8.07261,155.036,0.00179903,0
414.724,375.159,8.07261,221.298,0.00105145,0
298.437,375.555,8.07261,337.72,0.00314678,0
846.725,375.56,8.07261,53.5841,0.00259412,0
905.499,376.038,8.07261,161.909,0.00127091,0
467.716,377.799,8.07261,330.024,0.00127941,0
679.906,378.194,8.07261,32.9844,0.00425426,0
114.7,379.076,8.07261,131.979,0.00181635,0
104.71,381.216,8.07261,27.8103,0.0101483,0
808.243,380.873,8.07261,236.385,0.00230771,0
308.103,382.148,8.07261,339.498,0.00102173,0
526.193,381.929,8.07261,207.757,0.0199669,0
389.716,382.862,8.07261,252.03,0.00452612,0
137.474,383.631,8.07261,225.492,0.00108128,0
812.632,385.056,8.07261,233.378,0.00188573,0
846.485,386.669,8.07261,44.596,0.0028,0
890.084,386.863,8.07261,232.379,0.00145625,0
297.916,387.66,8.07261,342.818,0.00144803,0
399.976,387.877,8.07261,247.106,0.0017055,0
120.628,389.534,8.07261,258.496,0.00233116,0
91.9767,390.855,8.07261,41.0179,0.00241234,0
276.418,390.469,8.07261,43.7468,0.00138038,0
678.645,391.973,8.07261,21.4132,0.00294479,0
107.415,393.984,8.07261,168.172,0.00323959,0
482.508,397.441,8.07261,338.925,0.00169723,0
807.463,396.588,8.07261,213.639,0.00112721,0
896.647,397.9,8.07261,224.336,0.00279562,0
833.6,398.283,8.07261,331.965,0.00221851,0
852.18,400.1,8.07261,267.453,0.00146758,0
422.48,401.266,8.07261,79.3168,0.00163246,0
94.7791,402.618,8.07261,165.248,0.00660757,0
444.642,403.774,8.07261,97.4311,0.00209256,0
825.964,404.307,8.07261,225.879,0.00207026,0
433.988,404.831,8.07261,83.9776,0.00230743,0
287.152,407.123,8.07261,46.3814,0.00108509,0
815.209,406.816,8.07261,219.309,0.00179938,0
889.014,406.791,8.07261,99.2999,0.00147516,0
310.281,408.206,8.07261,337.581,0.00295352,0
110.084,408.776,8.07261,174.646,0.00178198,0
457.379,408.983,8.07261,110.845,0.00200004,0
930.351,409.835,8.07261,163.069,0.00113748,0
407.454,411.116,8.07261,72.2821,0.00632533,0
419.181,410.895,8.07261,79.3031,0.00210716,0
901.914,410.719,8.07261,192.332,0.00160227,0
847.676,412.237,8.07261,269.259,0.00198533,0
96.766,412.969,8.07261,176.099,0.0126334,0
152.349,413.003,8.07261,208.909,0.00527288,0
228.204,413.635,8.07261,77.2493,0.0268832,0
448.469,413.915,8.07261,268.703,0.00118511,0
318.984,416.203,8.07261,275.554,0.00138248,0
860.58,415.544,8.07261,327.051,0.0017009,0
329.355,418.176,8.07261,244.092,0.00180802,0
832.189,420.042,8.07261,32.5773,0.00267789,0
217.5,421.454,8.07261,358.259,0.00142456,0
815.829,424.531,8.07261,55.3863,0.00104322,0
241.642,428.394,8.07261,182.565,0.00156079,0
489.449,428.455,8.07261,187.707,0.00152699,0
103.773,430.263,8.07261,32.2656,0.00323925,0
136.487,429.712,8.07261,197.943,0.00142681,0
468.134,430.72,8.07261,25.624,0.00101653,0
500.66,431.203,8.07261,186.654,0.0015718,0
455.142,434.143,8.07261,32.6608,0.013842,0
382.768,435.023,8.07261,55.7699,0.00109598,0
113.317,437.037,8.07261,32.8048,0.00369157,0
856.855,436.823,8.07261,318.302,0.00114778,0
294.608,437.513,8.07261,289.153,0.0021527,0
671.639,438.09,8.07261,351.879,0.00165531,0
226.654,438.985,8.07261,76.1116,0.001114,0
842.417,439.464,8.07261,290.445,0.00318109,0
504.741,441.9,8.07261,197.499,0.00464078,0
314.817,443.363,8.07261,273.031,0.00198001,0
428.664,443.073,8.07261,104.412,0.00185728,0
485.999,442.899,8.07261,205.54,0.00443305,0
515.906,443.646,8.07261,255.272,0.001419,0
218.693,444.818,8.07261,357.969,0.00251861,0
262.048,445.154,8.07261,201.45,0.0116258,0
375.832,445.201,8.07261,34.4261,0.00166357,0
406.251,445.36,8.07261,30.9655,0.00435807,0
235.967,447.284,8.07261,186.85,0.00413879,0
453.564,446.678,8.07261,22.6542,0.00185501,0
206.756,447.618,8.07261,342.09,0.00112795,0
441.367,448.072,8.07261,185.047,0.00122308,0
495.81,449.032,8.07261,204.139,0.00143626,0
251.454,451.299,8.07261,186.845,0.00105971,0
837.864,450.522,8.07261,289.169,0.00135183,0
852.487,452.329,8.07261,318.68,0.00102047,0
888.46,452.725,8.07261,182.404,0.0016882,0
425.509,455.23,8.07261,185.305,0.0100646,0
217.99,455.798,8.07261,5.45717,0.00666298,0
404.666,457.181,8.07261,13.8737,0.00550193,0
417.523,456.745,8.07261,19.86,0.00476591,0
233.208,457.598,8.07261,194.753,0.00349893,0
361.726,457.908,8.07261,20.6647,0.00115995,0
104.773,458.673,8.07261,198.811,0.00378448,0
95.4814,462.854,8.07261,19.4416,0.00268363,0
890.775,464.867,8.07261,177.981,0.00107456,0
83.0776,466.415,8.07261,104.724,0.00403636,0
113.553,465.574,8.07261,199.287,0.00347487,0
197.3,466.447,8.07261,42.3242,0.0013969,0
320.726,467.325,8.07261,118.449,0.00279778,0
591.067,466.776,8.07261,216.963,0.00109607,0
423.566,468.01,8.07261,192.454,0.00231138,0
880.301,467.989,8.07261,164.984,0.00164257,0
225.782,469.22,8.07261,215.981,0.0100796,0
413.263,469.031,8.07261,11.9973,0.00364642,0
679.965,473.62,8.07261,342.972,0.00183546,0
113.178,475.978,8.07261,198.322,0.00167905,0
200.735,476.59,8.07261,273.008,0.00109894,0
889.118,477.857,8.07261,168.519,0.00120181,0
216.11,480.301,8.07261,332.224,0.0010138,0
290.738,481.06,8.07261,97.3873,0.00227319,0
89.7843,482.156,8.07261,9.70019,0.00224493,0
358.054,483.807,8.07261,315.544,0.00102016,0
224.762,485.444,8.07261,240.525,0.00361703,0
560.688,484.946,8.07261,283.337,0.00274944,0
118.551,487.009,8.07261,174.322,0.0024793,0
99.4799,488.116,8.07261,201.337,0.00362555,0
320.826,491.117,8.07261,305.403,0.00536003,0
886.391,493.904,8.07261,327.722,0.00342394,0
274.364,494.604,8.07261,129.415,0.00222434,0
648.472,494.624,8.07261,25.7412,0.00313632,0
74.9715,498.668,8.07261,26.3835,0.0013213,0
101.331,499.083,8.07261,201,0.00121682,0
264.922,501.43,8.07261,20.2762,0.00421255,0
84.9876,503.012,8.07261,22.0816,0.0010115,0
652.634,502.739,8.07261,152.799,0.0020937,0
272.644,504.657,8.07261,150.45,0.00276864,0
464.218,504.624,8.07261,168.009,0.0010302,0
902.785,504.927,8.07261,31.3621,0.00110044,0
699.688,506.036,8.07261,324.423,0.00181497,0
574.049,507.21,8.07261,243.37,0.00145485,0
527.761,510.368,8.07261,208.846,0.00217203,0
914.531,509.576,8.07261,28.4602,0.00106901,0
264.828,512.183,8.07261,343.151,0.00430612,0
88.4281,514.724,8.07261,188.794,0.00682643,0
99.2345,515.228,8.07261,193.482,0.0036112,0
495.825,516.078,8.07261,102.4,0.00155209,0
271.761,519.538,8.07261,181.98,0.00206853,0
512.372,518.55,8.07261,104.063,0.00119397,0
900.799,518.725,8.07261,357.578,0.00229322,0
294.334,520.084,8.07261,76.3876,0.00147414,0
482.962,523.242,8.07261,43.8162,0.00263433,0
67.7475,524.099,8.07261,145.316,0.00301195,0
495.991,526.273,8.07261,110.304,0.00220227,0
267.398,530.854,8.07261,333.365,0.00171305,0
840.667,533.025,8.07261,83.8807,0.00103465,0
487.733,535.897,8.07261,294.637,0.00150806,0
65.8796,536.608,8.07261,308.523,0.00376047,0
521.37,541.958,8.07261,131.667,0.00182367,0
85.789,543.887,8.07261,92.3807,0.00149517,0
786.04,543.861,8.07261,0.367811,0.00669555,0
841.795,545.884,8.07261,90.0634,0.00229603,0
270.076,547.893,8.07261,313.903,0.00115199,0
362.909,550.737,8.07261,131.731,0.00181958,0
493.604,550.66,8.07261,280.849,0.00187266,0
524.016,552.888,8.07261,239.776,0.00201477,0
115.845,556.523,8.07261,76.8914,0.00161006,0
287.108,556.621,8.07261,275.504,0.00150898,0
512.834,559.434,8.07261,222.503,0.00142231,0
75.777,563.262,8.07261,95.3552,0.00160985,0
478.274,563.541,8.07261,303.529,0.001802,0
805.422,588.283,8.07261,133.636,0.00114217,0
477.428,591.576,8.07261,99.5456,0.00135624,0
804.365,598.855,8.07261,127.355,0.00477688,0
817.8,602.261,8.07261,130.179,0.00110895,0
706.991,616.917,8.07261,80.3025,0.00166379,0
103.087,548.992,11.4164,82.7542,0.00266121,1
219.677,97.9625,11.4164,251.097,0.00119468,1
596.295,110.159,11.4164,92.6178,0.00251218,1
878.501,117.334,11.4164,95.3145,0.00321191,1
870.938,131.102,11.4164,258.83,0.00202201,1
546.505,135.485,11.4164,263.094,0.00105553,1
843.402,135.322,11.4164,246.868,0.0017051,1
794.878,140.739,11.4164,83.9035,0.00120205,1
742.64,141.708,11.4164,1.86484,0.00262821,1
859.965,143.395,11.4164,274.88,0.00137396,1
880.519,143.395,11.4164,162.574,0.00294437,1
713.317,146.9,11.4164,174.697,0.003385,1
728.731,149.464,11.4164,173.013,0.008127,1
779.416,150.158,11.4164,259.841,0.00454638,1
833.178,149.61,11.4164,213.125,0.00109162,1
759.842,154.205,11.4164,0.745086,0.00307096,1
871.859,157.028,11.4164,320.58,0.00323182,1
847.787,158.191,11.4164,202.229,0.00512049,1
578.895,164.822,11.4164,1.13883,0.00225978,1
600.866,163.926,11.4164,4.84937,0.00257635,1
771.281,167.192,11.4164,181.752,0.00177797,1
860.596,170.942,11.4164,193.266,0.00242536,1
716.837,171.821,11.4164,172.735,0.00100232,1
614.625,176.647,11.4164,2.80645,0.00314041,1
731.313,175.701,11.4164,173.41,0.00582201,1
168.696,180.726,11.4164,171.421,0.0012087,1
245.445,181.304,11.4164,51.171,0.00213474,1
875.108,180.811,11.4164,180.795,0.00366749,1
841.245,185.152,11.4164,153.398,0.00267579,1
742.372,186.595,11.4164,355.738,0.00121595,1
782.534,189.761,11.4164,63.1027,0.00107022,1
763.756,191.537,11.4164,175.979,0.00124647,1
584.268,196.08,11.4164,359.669,0.00161572,1
851.444,195.588,11.4164,129.251,0.00490657,1
733.447,199.484,11.4164,173.551,0.00622096,1
594.804,207.356,11.4164,0.943156,0.00104198,1
778.235,205.641,11.4164,333.46,0.00107604,1
585.687,221.077,11.4164,0.176237,0.00277075,1
767.608,221.368,11.4164,349.47,0.00203489,1
904.275,227.685,11.4164,169.703,0.00127073,1
645.015,233.128,11.4164,11.5295,0.0010014,1
669.81,232.679,11.4164,19.9465,0.00154113,1
435.289,242.194,11.4164,301.718,0.00272647,1
406.969,243.695,11.4164,183.244,0.00976728,1
417.899,246.525,11.4164,296.747,0.00535702,1
769.637,246.606,11.4164,357.545,0.00166244,1
349.764,252.367,11.4164,343.556,0.00553718,1
442.945,259.725,11.4164,327.236,0.00338167,1
551.55,257.589,11.4164,88.0112,0.00302316,1
535.862,262.308,11.4164,82.6335,0.00250351,1
510.456,265.714,11.4164,72.2085,0.00363612,1
739.585,265.574,11.4164,176.512,0.0037101,1
553.136,270.271,13.5765,253.86,0.00227077,1
511.627,273.677,11.4164,273.485,0.00351788,1
895.481,275.647,11.4164,176.871,0.00122639,1
590.852,278.404,11.4164,353.606,0.00164085,1
450.185,283.222,11.4164,333.089,0.00521805,1
421.221,286.69,11.4164,173.954,0.00427965,1
666.75,286.756,11.4164,170.765,0.00261364,1
411.333,287.732,11.4164,172.446,0.00648542,1
741.541,289.68,11.4164,177.909,0.00433158,1
354.099,293.548,11.4164,351.627,0.00701598,1
467.149,293.885,11.4164,330.193,0.00300766,1
319.369,295.849,11.4164,199.326,0.00721312,1
435.468,297.863,11.4164,336.123,0.0072753,1
676.944,300.158,11.4164,24.1034,0.00124826,1
400.798,301.498,11.4164,175.499,0.00199639,1
593.641,302.929,11.4164,349.287,0.00170851,1
366.597,304.525,11.4164,349.77,0.00216358,1
794.931,304.229,11.4164,343.053,0.00197958,1
897.497,306.714,11.4164,183.815,0.00250503,1
305.531,309.178,11.4164,187.359,0.00136058,1
334.663,307.775,11.4164,190.422,0.00535957,1
449.498,308.911,11.4164,339.482,0.00400352,1
459.546,307.814,11.4164,341.954,0.00376438,1
678.565,308.211,11.4164,266.848,0.00137198,1
423.977,311.467,11.4164,180.732,0.00449145,1
413.711,312.642,11.4164,180.567,0.00682135,1
775.528,314.767,11.4164,353.83,0.00157104,1
355.997,317.681,11.4164,348.056,0.00635974,1
658.745,318.203,11.4164,296.388,0.00493708,1
318.393,321.156,11.4164,183.131,0.00513593,1
627.711,319.52,11.4164,338.248,0.00241288,1
372.091,324.348,11.4164,347.284,0.00201198,1
678.466,324.276,11.4164,297.755,0.00106951,1
745.316,327.775,11.4164,171.431,0.00839246,1
452.296,331.238,11.4164,81.5636,0.0037645,1
461.464,331.163,11.4164,87.8617,0.00393609,1
401.594,334.327,11.4164,175.383,0.00183963,1
418.616,333.906,11.4164,173.792,0.00180231,1
425.886,334.828,11.4164,172.202,0.00191433,1
358.202,339.42,11.4164,355.353,0.00764172,1
818.252,338.094,11.4164,270.866,0.00657181,1
320.757,342.284,11.4164,164.985,0.00579197,1
636.763,342.233,11.4164,307.207,0.00348358,1
457.747,347.088,11.4164,311.052,0.0121989,1
651.301,347.399,11.4164,307.537,0.00185944,1
412.418,348.464,11.4164,168.591,0.00292086,1
908.299,348.367,11.4164,196.643,0.00114646,1
431.94,350.831,11.4164,162.239,0.00128843,1
339.024,352.521,11.4164,86.0712,0.00125462,1
886.194,352.791,11.4164,194.854,0.00105787,1
282.12,354.831,11.4164,342.024,0.00101245,1
671.174,353.706,11.4164,315.133,0.00222481,1
604.709,355.648,11.4164,336.733,0.00462771,1
297.911,359.65,11.4164,334.856,0.00185692,1
425.08,359.715,11.4164,158.812,0.00186518,1
850.362,360.984,11.4164,284.937,0.00262085,1
408.929,363.207,11.4164,159.162,0.00583325,1
454.314,365.509,16.1452,319.287,0.00367806,1
472.631,362.744,11.4164,320.885,0.00456684,1
619.557,360.971,11.4164,211.031,0.00288346,1
815.259,364.239,11.4164,228.25,0.00190258,1
263.278,371.308,11.4164,350.113,0.00124354,1
840.843,373.029,11.4164,280.517,0.00655771,1
905.239,373.174,11.4164,224.682,0.00111912,1
674.32,374.358,16.1452,327.407,0.00936506,1
527.823,380.788,11.4164,235.41,0.0345874,1
105.005,382.445,11.4164,171.764,0.00788747,1
296.034,382.249,11.4164,336.187,0.00440522,1
811.233,382.007,11.4164,226.074,0.00355201,1
388.701,384.233,11.4164,252.838,0.00354475,1
90.6297,387.429,11.4164,42.2643,0.0024282,1
887.1,386.072,11.4164,233.782,0.00245276,1
849.86,388.808,11.4164,41.001,0.00251076,1
680.4,393.899,11.4164,19.6902,0.00320022,1
805.361,397.214,11.4164,215.69,0.00187697,1
899.38,396.187,11.4164,217.844,0.00501409,1
468.223,397.416,11.4164,335.307,0.00105196,1
113.339,402.201,11.4164,177.937,0.00290791,1
438.927,404.429,11.4164,90.9513,0.00264386,1
821.512,406.593,11.4164,209.475,0.00338662,1
95.8044,409.099,11.4164,185.275,0.0223607,1
411.089,410.719,11.4164,73.534,0.00558685,1
152.219,412.565,11.4164,213.31,0.00330937,1
847.215,412.914,11.4164,303.617,0.00322414,1
894.776,411.889,13.5765,193.519,0.00200009,1
229.249,413.985,11.4164,77.5904,0.0287062,1
325.767,415.764,11.4164,243.692,0.0031359,1
445.938,418.757,11.4164,264.397,0.00119266,1
864.48,417.94,11.4164,314.584,0.00171523,1
832.261,419.667,11.4164,306.47,0.00243155,1
395.429,421.279,11.4164,54.3936,0.00101522,1
213.015,425.633,11.4164,1.86551,0.00139637,1
242.409,427.631,11.4164,172.349,0.00170448,1
503.848,428.817,11.4164,183.37,0.00203496,1
101.934,430.726,11.4164,182.974,0.00598382,1
454.44,433.922,11.4164,28.2932,0.00874026,1
856.982,435.984,11.4164,319.83,0.0012972,1
296.494,437.676,11.4164,287.59,0.0017552,1
674.561,437.247,16.1452,349.566,0.00322751,1
841.825,438.803,11.4164,306.768,0.0020732,1
427.407,440.826,11.4164,117.307,0.00194696,1
483.853,440.468,11.4164,208.512,0.0061337,1
316.024,443.033,11.4164,274.641,0.00236523,1
404.961,442.705,11.4164,33.4101,0.00346716,1
508.881,442.63,11.4164,203.657,0.00302607,1
262.44,445.188,11.4164,180.187,0.00698387,1
126.651,447.089,11.4164,190.863,0.00161724,1
203.275,447.377,11.4164,4.03272,0.0014934,1
377.449,448.069,11.4164,34.6454,0.00175155,1
453.392,447.325,11.4164,6.34947,0.00191752,1
111.822,453.119,13.5765,192.703,0.00616028,1
232.89,451.829,11.4164,196.711,0.00952008,1
496.278,451.964,11.4164,211.179,0.00175675,1
836.455,452.235,11.4164,296.169,0.00176094,1
361.071,453.544,11.4164,21.4182,0.00126458,1
216.484,456.093,11.4164,3.13022,0.00513183,1
250.905,455.762,11.4164,193.948,0.00136924,1
668.472,456.562,11.4164,338.443,0.00104476,1
92.8167,458.105,11.4164,24.278,0.00349171,1
421.37,458.76,11.4164,189.391,0.0144555,1
402.05,460.298,11.4164,5.62317,0.00505069,1
590.854,465.842,11.4164,196.751,0.00101398,1
227.29,467.515,11.4164,215.452,0.0152657,1
322.939,468.585,11.4164,120.386,0.00308718,1
878.315,468.877,11.4164,171.039,0.00246756,1
198.721,471.131,11.4164,28.1101,0.00212344,1
115.764,471.719,11.4164,195.749,0.00328528,1
677.981,472.997,11.4164,340.486,0.00163763,1
837.95,471.806,11.4164,129.778,0.00126304,1
99.0635,476.764,11.4164,198.811,0.00369597,1
290.628,480.866,11.4164,88.1671,0.00242703,1
86.2083,482.6,11.4164,13.7925,0.00277087,1
415.42,481.601,11.4164,0.323543,0.0188702,1
560.55,483.664,11.4164,38.7848,0.00125587,1
210.837,485.716,11.4164,281.249,0.0012728,1
121.387,488.956,11.4164,190.495,0.00119606,1
321.101,491.096,11.4164,246.587,0.00446802,1
886.366,491.772,11.4164,169.85,0.00432948,1
109.639,496.885,11.4164,194.035,0.001627,1
227.948,499.428,11.4164,28.5461,0.00135201,1
648.866,500.277,11.4164,26.1079,0.00661837,1
266.625,502.085,11.4164,159.577,0.00407919,1
463.498,505.292,11.4164,144.401,0.00122809,1
704.066,502.508,16.1452,334.108,0.00251291,1
574.171,506.337,11.4164,241.753,0.00175792,1
529.543,509.113,11.4164,102.715,0.00205986,1
88.5778,513.493,11.4164,190.403,0.00317595,1
238.143,512.625,11.4164,17.643,0.00120492,1
101.948,513.727,11.4164,192.14,0.00299177,1
900.487,517.839,11.4164,46.1159,0.00151093,1
687.826,520.078,11.4164,323.419,0.00110729,1
526.99,526.121,11.4164,120.638,0.00102412,1
488.302,528.523,11.4164,110.004,0.00610951,1
839.933,531.75,11.4164,82.2871,0.00120413,1
340.456,534.228,11.4164,53.4675,0.00102117,1
521.047,539.806,11.4164,122.857,0.00128854,1
785.984,542.753,11.4164,354.877,0.00489323,1
268.858,546.027,11.4164,112.873,0.00200722,1
840.054,546.179,11.4164,99.9162,0.001104,1
362.445,549.473,11.4164,102.671,0.00125208,1
489.939,551.191,11.4164,281.863,0.00300898,1
237.714,553.527,11.4164,99.8834,0.0013058,1
289.609,553.731,11.4164,92.7547,0.00228042,1
523.546,554.178,11.4164,225.755,0.00120221,1
117.141,556.484,11.4164,77.4821,0.00266579,1
258.261,558.745,11.4164,121.122,0.00188009,1
507.719,560.245,11.4164,252.425,0.00187824,1
478.327,563.272,11.4164,296.63,0.00186399,1
271.734,568.24,11.4164,105.037,0.00139337,1
298.988,569.011,11.4164,85.5344,0.0011026,1
280.446,570.537,11.4164,100.124,0.00134122,1
294.35,570.422,11.4164,88.4589,0.00108315,1
804.472,585.148,11.4164,126.302,0.00124177,1
478.694,590.218,13.5765,97.2393,0.00257373,1
761.791,597.487,11.4164,88.8146,0.0011469,1
801.592,599.47,11.4164,120.514,0.00438224,1
819.05,603.109,11.4164,123.51,0.00140678,1
840.583,613.414,11.4164,100.113,0.00181446,1
318.304,292.16,16.1452,200.336,0.00921442,1
560.944,122.019,16.1452,76.5401,0.00110374,1
857.674,124.276,16.1452,92.4689,0.00120425,1
794.811,137.119,16.1452,84.2983,0.0021411,1
842.57,135.651,16.1452,86.1448,0.00117027,1
543.79,139.45,16.1452,261.91,0.00125748,1
745.133,143.476,16.1452,351.754,0.00373602,1
882.473,145.685,16.1452,168.754,0.00262753,1
711.326,149.013,16.1452,169.895,0.00503595,1
780.154,151.041,16.1452,84.5383,0.00394203,1
729.791,153.423,16.1452,170.807,0.0048852,1
760.254,155.612,16.1452,353.122,0.00235774,1
846.441,159.092,16.1452,197.446,0.00438597,1
601.52,163.539,16.1452,6.4268,0.00341275,1
629.7,162.769,16.1452,74.8107,0.00106084,1
577.832,166.681,16.1452,1.87901,0.00243991,1
859.915,171.328,16.1452,172.346,0.00212718,1
730.727,171.948,16.1452,170.935,0.00370726,1
248.173,180.411,16.1452,40.2965,0.00225481,1
614.395,180.297,16.1452,12.6862,0.00332842,1
166.936,182.178,16.1452,177.985,0.00148059,1
875.121,183.533,16.1452,161.582,0.00296611,1
744.2,186.711,16.1452,172.734,0.00112505,1
847.486,190.054,16.1452,133.93,0.00714677,1
584.302,191.693,16.1452,4.60276,0.00127108,1
733.606,203.296,16.1452,171.925,0.00476722,1
595.378,207.058,16.1452,359.763,0.00116064,1
767.74,219.124,16.1452,355.727,0.00248939,1
717.912,220.479,16.1452,172.263,0.0010868,1
586.273,223.952,16.1452,0.662496,0.00201417,1
756.202,235.285,16.1452,357.703,0.00119626,1
437.191,242.264,16.1452,302.176,0.00291252,1
411.823,247.67,16.1452,184.884,0.015012,1
770.305,250.991,16.1452,356.676,0.00171588,1
346.845,256.159,16.1452,344.448,0.00803607,1
738.888,261.194,16.1452,175.564,0.00267399,1
546.91,264.309,16.1452,256.787,0.00624739,1
512.744,269.234,16.1452,68.814,0.00681605,1
592.042,274.67,16.1452,354.301,0.00123885,1
450.057,279.724,16.1452,331.047,0.00923241,1
415.742,283.56,16.1452,172.253,0.00968987,1
665.867,286.827,16.1452,272.609,0.00198824,1
350.279,290.458,16.1452,346.562,0.00909024,1
742.161,293.085,16.1452,178.006,0.00319041,1
466.828,294.038,16.1452,328.743,0.00313738,1
435.466,297.851,16.1452,188.409,0.00829991,1
400.324,301.192,16.1452,176.004,0.00276544,1
367.044,304.911,16.1452,349.738,0.00241109,1
678.656,304.135,16.1452,280.378,0.00124125,1
594.405,306.464,16.1452,349.244,0.00134394,1
304.575,309.33,16.1452,185.348,0.00208804,1
334.794,307.803,16.1452,190.362,0.00568445,1
775.96,310.561,16.1452,342.093,0.00161825,1
454.755,312.015,16.1452,333.618,0.00726292,1
706.427,314.258,16.1452,182.599,0.00129402,1
725.815,313.662,16.1452,179.749,0.0012006,1
418.916,315.753,16.1452,180.461,0.010664,1
657.873,318.036,16.1452,298.223,0.00341827,1
376.061,320.353,16.1452,349.641,0.00126084,1
629.596,319.86,16.1452,335.92,0.00229591,1
352.926,321.811,16.1452,351.902,0.00847152,1
320.199,324.791,16.1452,181.619,0.00721531,1
677.323,324,16.1452,297.451,0.00106403,1
744.723,325.285,16.1452,177.084,0.00736323,1
456.455,328.483,16.1452,330.098,0.00850482,1
398.385,332.23,16.1452,175.085,0.00165554,1
421.804,331.427,16.1452,172.992,0.00399256,1
354.974,337.047,16.1452,352.443,0.012465,1
818.145,337.311,16.1452,254.649,0.00458635,1
321.966,339.216,16.1452,177.406,0.0090546,1
637.433,344.159,16.1452,310.419,0.00426849,1
413.754,347.299,16.1452,169.809,0.00299727,1
460.595,347.226,16.1452,323.204,0.00675393,1
492.357,346.163,16.1452,171.744,0.00113737,1
671.253,349.742,16.1452,307.077,0.00217298,1
338.882,352.985,16.1452,81.1803,0.00158286,1
602.241,353.374,16.1452,335.171,0.00337796,1
299.073,358.073,16.1452,336.528,0.00250073,1
850.905,357.621,16.1452,286.342,0.00162788,1
812.563,359.891,16.1452,226.32,0.00198082,1
474.393,362.212,16.1452,319.406,0.00281585,1
405.427,364.898,16.1452,167.079,0.00730312,1
618.382,364.055,16.1452,215.836,0.00225701,1
264.98,369.052,16.1452,335.278,0.00104839,1
839.87,374.617,16.1452,288.061,0.00886826,1
527.797,380.836,16.1452,238.348,0.0304489,1
295.536,383.548,16.1452,335.011,0.00632334,1
813.996,382.554,16.1452,219.096,0.00283444,1
882.685,383.944,16.1452,240.598,0.00309414,1
388.091,387.892,16.1452,250.359,0.00257177,1
462.923,390.211,16.1452,328.838,0.00144992,1
853.839,391.116,16.1452,281.389,0.0036102,1
681.056,396.142,16.1452,14.9736,0.00332106,1
804.159,398.571,16.1452,212.817,0.00241424,1
443.442,404.322,16.1452,86.7702,0.00319722,1
473.712,407.112,16.1452,39.2517,0.00139144,1
821.922,406.71,16.1452,214.255,0.00325623,1
413.216,410.627,16.1452,250.349,0.00539542,1
152.405,412.413,16.1452,236.036,0.00217501,1
326.156,413.005,16.1452,241.472,0.00461798,1
848.653,413.42,16.1452,309.219,0.00260756,1
229.516,413.954,16.1452,15.2763,0.0252078,1
393.501,420.573,16.1452,62.6585,0.00142972,1
869.278,420.014,16.1452,319.727,0.00182946,1
439.224,422.617,16.1452,99.4364,0.00135348,1
830.707,421.994,16.1452,303.164,0.00110293,1
464.286,423.904,16.1452,28.7362,0.00104032,1
212.91,427.057,16.1452,9.10002,0.00178074,1
507.196,425.782,16.1452,193.907,0.00232831,1
244.788,428.963,16.1452,184.26,0.0020095,1
453.193,433.787,16.1452,22.946,0.00334069,1
482.942,436.4,16.1452,192.821,0.00856631,1
859.608,436.617,16.1452,316.135,0.00127922,1
300.452,438.503,16.1452,285.638,0.00135491,1
425.479,438.31,16.1452,120.047,0.00224324,1
839.863,438.072,16.1452,313.133,0.00115623,1
403.19,440.542,16.1452,28.7759,0.00420616,1
314.55,442.661,16.1452,271.388,0.00197069,1
512.217,443.105,16.1452,205.104,0.00170097,1
262.685,445.084,16.1452,195.815,0.00369668,1
129.954,448.889,16.1452,191.963,0.00217872,1
204.364,449.075,16.1452,19.3666,0.00175372,1
358.695,449.889,16.1452,25.9406,0.00105269,1
378.846,450.06,16.1452,24.6205,0.00172159,1
212.589,453.612,16.1452,8.908,0.002194,1
498.02,455.175,16.1452,220.355,0.00144213,1
833.713,453.654,16.1452,318.474,0.00108507,1
232.013,458.555,16.1452,207.294,0.0164634,1
420.934,462.258,16.1452,196.872,0.0189366,1
398.165,465.317,16.1452,7.39068,0.00673237,1
228.52,467.526,16.1452,12.076,0.0168988,1
323.59,468.195,16.1452,267.083,0.00162454,1
198.001,469.65,16.1452,27.9834,0.00255845,1
858.857,470.802,16.1452,331.163,0.0011511,1
875.279,470.26,16.1452,178.397,0.00174611,1
118.738,472.657,16.1452,193.243,0.00375908,1
442.245,471.688,16.1452,195.74,0.00198502,1
675.772,472.096,16.1452,339.046,0.00158208,1
838.658,474.064,16.1452,141.68,0.00139188,1
416.127,478.379,16.1452,1.11335,0.0249918,1
290.977,481.172,16.1452,83.0131,0.00197739,1
208.752,487.087,16.1452,287.347,0.0016341,1
693.255,490.495,16.1452,337.882,0.00156873,1
321.826,491.029,16.1452,77.892,0.00260501,1
591.879,492.49,16.1452,213.11,0.00104931,1
224.723,500.881,16.1452,292.799,0.00159602,1
479.229,502.449,16.1452,81.3966,0.00106423,1
648.873,502.164,16.1452,8.51961,0.00719736,1
268.301,503.609,16.1452,88.9648,0.00377793,1
574.693,505.432,16.1452,221.857,0.0012684,1
400.919,506.041,16.1452,336.651,0.00121,1
530.24,508.103,16.1452,130.152,0.00110718,1
238.006,512.76,16.1452,17.8193,0.00124706,1
684.942,520.364,16.1452,329.237,0.00167389,1
429.597,527.377,16.1452,70.0712,0.00131382,1
489.525,528.128,16.1452,109.644,0.00984923,1
837.943,529.122,16.1452,91.9369,0.00115478,1
222.253,532.886,16.1452,91.9782,0.00115466,1
344.888,534.52,16.1452,59.5506,0.00230126,1
785.592,542.613,16.1452,353.884,0.0033578,1
273.303,548.835,16.1452,109.958,0.00149906,1
489.185,551.305,16.1452,284.528,0.00225424,1
234.823,552.859,16.1452,99.104,0.00197796,1
288.971,552.206,16.1452,96.3779,0.00280468,1
117.991,557.887,16.1452,81.6056,0.00310673,1
258.176,557.721,16.1452,110.136,0.00266437,1
504.924,561.907,16.1452,77.3995,0.00189898,1
272.16,568.77,16.1452,102.584,0.00220113,1
480.327,565.902,16.1452,99.3719,0.00144339,1
492.073,569.874,16.1452,90.6987,0.00125741,1
285.102,572.236,16.1452,95.388,0.00211417,1
802.833,582.28,16.1452,122.754,0.00134068,1
875.16,116.593,19.2,95.7601,0.00135946,2
115.903,403.375,19.2,190.611,0.00228996,2
576.349,175.14,22.8328,5.30341,0.00176927,2
619.102,186.501,22.8328,21.386,0.00146642,2
734.479,210.017,22.8328,169.536,0.00159931,2
709.828,218.583,22.8328,170.56,0.001577,2
379.167,229.805,22.8328,193.141,0.00135443,2
439.742,239.748,22.8328,300.22,0.00122117,2
412.088,253.204,22.8328,182.141,0.0127501,2
345.086,262.643,22.8328,350.013,0.00555803,2
542.884,264.94,22.8328,256.104,0.00922944,2
520.058,269.111,22.8328,81.042,0.00707103,2
415.79,274.475,22.8328,176.302,0.00582321,2
447.626,273.096,22.8328,308.885,0.00265963,2
344.013,281.496,22.8328,350.388,0.00469866,2
322.07,286.382,22.8328,352.381,0.00412447,2
468.708,293.68,22.8328,320.645,0.00105994,2
435.956,298.37,22.8328,182.011,0.00372199,2
397.479,301.158,22.8328,177.369,0.00231343,2
370.824,306.394,22.8328,349.01,0.00170039,2
782.128,304.795,22.8328,344.865,0.00166788,2
301.871,310.269,22.8328,346.404,0.0013628,2
716.424,309.295,22.8328,182.166,0.0024172,2
625.7,314.766,22.8328,335.468,0.00212035,2
659.251,317.938,22.8328,292.044,0.00181383,2
459.277,320.645,22.8328,314.03,0.00698419,2
745.014,322.446,22.8328,180.042,0.00364972,2
419.614,324.36,22.8328,177.617,0.00824635,2
354.994,330.727,22.8328,352.662,0.0120158,2
322.133,333.071,22.8328,346.276,0.00778056,2
818.6,336.775,22.8328,275.025,0.00118852,2
466.539,350.493,22.8328,318.25,0.00517812,2
642.366,348.253,22.8328,300.428,0.00565641,2
296.794,354.967,22.8328,334.244,0.00182138,2
805.034,357.693,22.8328,214.066,0.00107596,2
397.51,363.491,22.8328,247.37,0.00587018,2
322.253,370.371,22.8328,332.177,0.00169406,2
668.387,375.131,22.8328,342.251,0.00653061,2
452.774,379.32,22.8328,311.131,0.00451534,2
527.454,381.387,22.8328,236.233,0.0136975,2
293.462,384.613,22.8328,333.881,0.0037234,2
387.795,394.898,22.8328,245.161,0.00147936,2
681.909,401.173,22.8328,9.03275,0.00218075,2
797.308,401.336,22.8328,205.713,0.00138952,2
327.266,405.309,22.8328,243.983,0.00376376,2
438.531,405.206,22.8328,244.328,0.00124137,2
469.67,404.844,22.8328,328.347,0.00133053,2
420.191,409.731,22.8328,242.865,0.00157124,2
229.771,413.846,22.8328,17.8395,0.00788745,2
389.014,418.137,22.8328,244.18,0.00113765,2
514.307,420.639,22.8328,232.643,0.00122189,2
431.865,431.599,22.8328,114.848,0.00277843,2
485.364,434.953,22.8328,219.964,0.00906477,2
678.355,437.534,22.8328,351,0.00323644,2
229.751,460.331,22.8328,19.0065,0.02218,2
391.739,469.183,22.8328,4.41853,0.00166682,2
419.834,470.274,22.8328,349.19,0.0274045,2
669.957,471.437,22.8328,341.361,0.00175253,2
370.501,477.42,22.8328,0.596043,0.00108871,2
447.365,479.382,22.8328,205.505,0.00225941,2
582.505,493.683,22.8328,200.203,0.00121704,2
703.464,494.156,22.8328,330.071,0.00392375,2
217.185,500.94,22.8328,91.9467,0.00121049,2
393.14,502.45,22.8328,322.88,0.00115946,2
620.007,501.367,22.8328,61.3106,0.0012468,2
269.017,504.445,22.8328,110.204,0.00161192,2
648.903,504.076,22.8328,347.19,0.00285349,2
679.492,518.61,22.8328,329.312,0.00193013,2
490.578,526.081,22.8328,99.6821,0.0069036,2
759.367,526.357,22.8328,87.7707,0.00101413,2
374.853,235.613,32.2904,192.853,0.00352798,2
621.501,244.736,32.2904,3.51041,0.00140161,2
314.983,248.586,32.2904,349.444,0.00121983,2
532.339,263.056,32.2904,265.393,0.0114259,2
420.206,264.29,32.2904,180.772,0.0148058,2
340.512,275.334,32.2904,349.397,0.0101508,2
392.564,301.387,32.2904,180.372,0.00337945,2
375.183,305.219,32.2904,180.827,0.0024303,2
710.318,304.481,32.2904,184.186,0.00232811,2
289.745,311.115,32.2904,343.486,0.001219,2
629.933,311.645,32.2904,336.478,0.00357238,2
745.086,314.522,32.2904,185.829,0.00284647,2
460.866,317.667,32.2904,305.758,0.00258141,2
425.56,329.622,32.2904,177.335,0.00778471,2
346.101,331.647,32.2904,345.423,0.00941297,2
469.757,351.677,32.2904,318.228,0.00428591,2
392.381,358.844,32.2904,244.203,0.00794016,2
659.172,370.323,32.2904,0.381484,0.00644113,2
329.395,377.359,32.2904,338.91,0.00397801,2
444.932,378.534,32.2904,189.808,0.00446054,2
527.609,380.986,32.2904,239.183,0.010973,2
286.401,387.123,32.2904,332.384,0.00158483,2
329.029,396.326,32.2904,247.966,0.00439338,2
383.058,406.748,32.2904,245.186,0.00196035,2
680.8,411.239,32.2904,356.428,0.00203526,2
522.161,419.14,32.2904,240.037,0.00165014,2
680.649,438.809,32.2904,351.229,0.00317649,2
483.939,439.976,32.2904,217.633,0.00846403,2
