870,134,31,204.907,1.02328e-05,0
858,136,31,273.78,5.60729e-06,0
736,145,31,337.813,2.73495e-05,0
731,146,31,195.589,3.09736e-05,0
734,146,31,290.217,3.1185e-05,0
765,152,31,227.772,6.24497e-06,0
871,153,31,271.569,4.07324e-06,0
882,163,31,320,4.33943e-06,0
872,166,31,162.845,5.69463e-06,0
842,170,31,189.641,5.06562e-06,0
739,183,31,14.3294,2.39396e-05,0
735,185,31,158.31,3.46537e-05,0
737,185,31,76.2861,2.48924e-05,0
739,185,31,10.0828,2.32208e-05,0
740,195,31,344.014,2.44047e-05,0
735,196,31,182.132,2.69868e-05,0
738,196,31,276.929,2.73283e-05,0
875,199,31,74.9678,7.73402e-06,0
772,230,31,142.831,6.51372e-06,0
773,244,31,200.243,5.03319e-06,0
356,250,31,294.582,1.14468e-05,0
440,254,31,292.685,2.55873e-05,0
328,271,31,232.082,8.5354e-06,0
776,273,31,166.842,2.00156e-06,0
743,276,31,171.626,2.43254e-05,0
777,283,31,211.654,2.10127e-06,0
748,286,31,331.873,1.52831e-05,0
466,292,31,6.87039,2.45598e-05,0
433,296,31,42.6748,2.5175e-05,0
410,298,31,157.594,3.29372e-05,0
362,303,31,5.58494,3.09556e-05,0
468,303,31,311.266,1.69826e-05,0
342,305,31,123.854,1.46324e-05,0
332,306,31,48.585,1.19158e-05,0
314,307,31,172.597,1.57147e-05,0
433,308,31,304.637,2.72757e-05,0
445,308,31,232.332,2.03191e-05,0
412,310,31,194.441,2.97816e-05,0
364,314,31,338.973,3.19503e-05,0
333,318,31,298.731,1.21628e-05,0
748,335,31,112.799,1.74266e-05,0
449,341,31,82.0955,1.30298e-05,0
825,341,31,295.586,1.72412e-05,0
661,345,31,309.97,1.13187e-05,0
658,346,31,308.489,1.26487e-05,0
367,348,31,43.8197,2.30065e-05,0
452,348,31,40.2967,9.58084e-06,0
830,363,31,223.588,5.07889e-06,0
535,378,31,120.941,2.49082e-05,0
539,380,31,155.694,1.98304e-05,0
398,386,31,271.607,8.68155e-06,0
529,391,31,285.221,3.1067e-05,0
109,394,31,202.28,2.25604e-05,0
238,413,31,127.006,6.67836e-05,0
225,415,31,31.1541,0.000221784,0
241,416,31,153.667,7.24688e-05,0
223,418,31,14.6631,0.000103597,0
237,418,31,150.298,6.04113e-05,0
241,418,31,165.13,7.05596e-05,0
409,418,31,350.941,1.42765e-05,0
227,419,31,18.9599,8.73565e-05,0
228,421,31,8.87287,4.13647e-05,0
462,433,31,79.8109,1.34429e-05,0
420,452,31,92.9164,4.89486e-06,0
223,458,31,13.4968,2.40627e-05,0
433,458,31,141.041,4.42431e-05,0
431,459,31,138.682,2.22076e-05,0
411,460,31,354.827,2.22364e-05,0
77,477,31,328.88,4.95249e-06,0
329,496,31,234.343,3.97489e-06,0
274,499,31,111.27,4.2376e-06,0
968,555,31,290.603,7.56848e-06,0
868.8,134.4,37.2,220.806,1.26708e-05,1
858,135.6,37.2,260.201,7.77118e-06,1
735.6,145.2,37.2,5.58959,4.45166e-05,1
730.8,146.4,37.2,165.74,4.9053e-05,1
733.2,146.4,37.2,151,6.24658e-05,1
764.4,152.4,37.2,214.706,9.16694e-06,1
871.2,153.6,37.2,288.689,5.51007e-06,1
882,163.2,37.2,288.817,6.20856e-06,1
842.4,169.2,37.2,193.25,6.34768e-06,1
884.4,174,37.2,334.101,6.57016e-06,1
841.2,180,37.2,179.491,6.161e-06,1
735.6,184.8,37.2,156.298,5.20799e-05,1
768,190.8,37.2,172.226,3.33432e-06,1
738,194.4,37.2,338.76,4.34812e-05,1
874.8,199.2,37.2,68.203,1.11991e-05,1
771.6,230.4,37.2,154.784,1.09619e-05,1
404.4,241.2,37.2,226.885,6.3374e-05,1
772.8,243.6,37.2,190.155,7.61253e-06,1
355.2,249.6,37.2,291.724,2.01006e-05,1
439.2,254.4,37.2,298.164,3.35338e-05,1
327.6,271.2,37.2,228.63,1.39493e-05,1
775.2,272.4,37.2,176.877,2.2006e-06,1
744,274.8,37.2,180.03,4.24165e-05,1
776.4,283.2,37.2,216.783,2.57234e-06,1
745.2,285.6,37.2,208.353,3.29853e-05,1
465.6,291.6,37.2,354.606,3.47099e-05,1
444,294,37.2,121.68,3.92841e-05,1
432,295.2,37.2,40.5309,4.02425e-05,1
410.4,297.6,37.2,162.712,5.40011e-05,1
331.2,304.8,37.2,54.569,1.99023e-05,1
343.2,304.8,37.2,134.446,2.41565e-05,1
468,304.8,37.2,312.622,3.40058e-05,1
433.2,306,37.2,309.357,3.16385e-05,1
445.2,306,37.2,227.879,3.49346e-05,1
433.2,308.4,37.2,300.821,4.47685e-05,1
411.6,309.6,37.2,188.315,4.93592e-05,1
363.6,314.4,37.2,342.253,5.21455e-05,1
344.4,316.8,37.2,221.216,2.58691e-05,1
332.4,318,37.2,297.072,1.75387e-05,1
315.6,319.2,37.2,193.389,2.10816e-05,1
780,321.6,37.2,103.2,3.63398e-06,1
752.4,332.4,37.2,63.847,1.28799e-05,1
747.6,334.8,37.2,105.687,2.96926e-05,1
471.6,339.6,37.2,70.9828,2.05266e-05,1
448.8,340.8,37.2,73.0391,2.22504e-05,1
824.4,342,37.2,271.718,2.69722e-05,1
661.2,344.4,37.2,310.461,1.44204e-05,1
657.6,345.6,37.2,308.45,2.17249e-05,1
366,346.8,37.2,40.7251,3.71027e-05,1
348,348,37.2,100.046,2.4834e-05,1
452.4,348,37.2,43.2087,2.04548e-05,1
336,349.2,37.2,79.4622,1.17046e-05,1
472.8,355.2,37.2,145.717,5.95822e-06,1
432,362.4,37.2,153.073,9.8931e-06,1
829.2,362.4,37.2,228.39,9.11951e-06,1
471.6,363.6,37.2,304.576,7.51938e-06,1
614.4,363.6,37.2,331.054,1.86642e-05,1
436.8,366,37.2,228.282,7.17337e-06,1
888,366,37.2,212.371,4.81446e-06,1
420,368.4,37.2,178.982,2.22709e-05,1
434.4,369.6,37.2,220.678,9.88714e-06,1
436.8,369.6,37.2,226.082,1.01065e-05,1
848.4,369.6,37.2,304.67,1.69069e-05,1
104.4,379.2,37.2,80.2321,2.59131e-05,1
108,379.2,37.2,89.8191,3.97125e-05,1
538.8,379.2,37.2,155.696,4.87746e-05,1
536.4,380.4,37.2,154.752,5.06932e-05,1
109.2,384,37.2,92.4395,1.29593e-05,1
529.2,388.8,37.2,283.745,5.64888e-05,1
403.2,390,37.2,263.715,5.27761e-06,1
531.6,391.2,37.2,259.184,5.36677e-05,1
402,392.4,37.2,268.124,5.57654e-06,1
528,392.4,37.2,284.385,5.91088e-05,1
109.2,393.6,37.2,161.997,2.77289e-05,1
820.8,393.6,37.2,174.696,2.63311e-06,1
96,397.2,37.2,68.9051,1.70306e-05,1
897.6,400.8,37.2,179.255,9.73468e-06,1
237.6,412.8,37.2,120.072,0.000120475,1
226.8,414,37.2,44.8319,0.000261412,1
315.6,414,37.2,325.936,8.83807e-06,1
463.2,414,37.2,156.167,7.03684e-06,1
241.2,415.2,37.2,145.78,0.000117602,1
236.4,416.4,37.2,124.707,0.000208967,1
406.8,416.4,37.2,359.738,4.62946e-05,1
229.2,417.6,37.2,45.1282,0.000110877,1
404.4,417.6,37.2,358.802,2.11873e-05,1
409.2,417.6,37.2,359.908,2.29313e-05,1
105.6,418.8,37.2,216.508,3.32554e-05,1
100.8,420,37.2,239.058,3.49616e-05,1
228,421.2,37.2,13.6436,8.08484e-05,1
462,432,37.2,38.2316,2.28544e-05,1
463.2,435.6,37.2,33.296,3.37611e-05,1
116.4,438,37.2,97.4437,2.38729e-05,1
118.8,438,37.2,113.118,1.21076e-05,1
463.2,438,37.2,29.372,2.11169e-05,1
456,439.2,37.2,32.947,1.57819e-05,1
218.4,447.6,37.2,20.0361,1.32681e-05,1
264,447.6,37.2,172.774,1.91824e-05,1
220.8,448.8,37.2,22.4118,9.69291e-06,1
264,451.2,37.2,186.607,2.00069e-05,1
420,451.2,37.2,95.9703,9.17754e-06,1
432,452.4,37.2,126.872,5.54066e-05,1
432,456,37.2,135.314,0.000125524,1
223.2,457.2,37.2,21.4413,3.87666e-05,1
429.6,457.2,37.2,131.061,5.23615e-05,1
411.6,458.4,37.2,9.92659,4.60526e-05,1
98.4,472.8,37.2,55.1417,2.35731e-05,1
224.4,474,37.2,323.432,4.3043e-05,1
415.2,488.4,37.2,312.444,2.07666e-05,1
316.8,489.6,37.2,350.883,6.3176e-06,1
412.8,490.8,37.2,317.397,6.76663e-05,1
320.4,493.2,37.2,320.227,5.28596e-06,1
412.8,494.4,37.2,307.962,4.20921e-05,1
328.8,495.6,37.2,244.34,7.49563e-06,1
651.6,495.6,37.2,78.8332,1.33521e-05,1
273.6,498,37.2,99.0824,5.50246e-06,1
267.6,514.8,37.2,326.459,2.38095e-05,1
90,522,37.2,154.418,1.16751e-05,1
90,525.6,37.2,161.02,9.41778e-06,1
852,549.6,37.2,100.81,4.49186e-06,1
810,603.6,37.2,142.791,7.60434e-06,1
218.88,44.64,44.64,235.351,5.31694e-06,2
869.76,133.92,44.64,226.615,1.78516e-05,2
858.24,135.36,44.64,250.466,8.47895e-06,2
838.08,139.68,44.64,211.553,4.06068e-06,2
730.08,145.44,44.64,127.638,6.61513e-05,2
799.2,151.2,44.64,300.4,3.77284e-06,2
856.8,152.64,44.64,256.699,1.3785e-05,2
871.2,154.08,44.64,305.994,7.4764e-06,2
881.28,162.72,44.64,263.045,8.01684e-06,2
861.12,165.6,44.64,277.016,5.9425e-06,2
871.2,165.6,44.64,303.905,6.12681e-06,2
842.4,168.48,44.64,198.507,8.84907e-06,2
884.16,174.24,44.64,279.495,9.39475e-06,2
613.44,175.68,44.64,279.701,7.82602e-06,2
840.96,180,44.64,177.14,8.22604e-06,2
735.84,184.32,44.64,154.348,7.86062e-05,2
767.52,191.52,44.64,168.99,4.3246e-06,2
737.28,195.84,44.64,164.781,7.28426e-05,2
874.08,198.72,44.64,64.8957,1.34806e-05,2
616.32,201.6,44.64,77.0564,2.99801e-06,2
864,201.6,44.64,79.4938,1.54474e-05,2
591.84,204.48,44.64,2.82525,1.05038e-05,2
616.32,213.12,44.64,63.3283,2.81452e-06,2
593.28,216,44.64,353.777,9.37581e-06,2
895.68,228.96,44.64,159.635,4.171e-06,2
770.4,230.4,44.64,166.477,1.4915e-05,2
404.64,241.92,44.64,226.671,0.000101844,2
771.84,243.36,44.64,179.979,1.07269e-05,2
427.68,246.24,44.64,301.453,2.45697e-05,2
355.68,249.12,44.64,293.285,4.02574e-05,2
439.2,254.88,44.64,299.473,4.73244e-05,2
328.32,270.72,44.64,226.898,1.7509e-05,2
774.72,272.16,44.64,188.422,2.41918e-06,2
744.48,275.04,44.64,199.532,4.68623e-05,2
776.16,283.68,44.64,238.264,2.96221e-06,2
465.12,290.88,44.64,344.158,4.93571e-05,2
443.52,293.76,44.64,116.528,4.71193e-05,2
596.16,293.76,44.64,348.796,7.03414e-06,2
432,295.2,44.64,38.1638,4.95394e-05,2
410.4,296.64,44.64,166.137,8.72723e-05,2
794.88,296.64,44.64,334.196,7.58728e-06,2
361.44,302.4,44.64,355.365,7.28322e-05,2
342.72,303.84,44.64,127.488,3.27284e-05,2
331.2,305.28,44.64,96.2493,2.18343e-05,2
315.36,306.72,44.64,183.193,4.21424e-05,2
446.4,306.72,44.64,229.982,5.92385e-05,2
433.44,308.16,44.64,298.605,5.8476e-05,2
411.84,309.6,44.64,185.013,7.50304e-05,2
362.88,313.92,44.64,345.223,6.95897e-05,2
344.16,316.8,44.64,226.609,3.45216e-05,2
666.72,316.8,44.64,271.588,8.51621e-06,2
332.64,318.24,44.64,278.395,2.14376e-05,2
315.36,319.68,44.64,190.991,3.4909e-05,2
779.04,321.12,44.64,116.112,5.03565e-06,2
659.52,326.88,44.64,286.761,1.97538e-05,2
660.96,329.76,44.64,288.905,1.58757e-05,2
750.24,334.08,44.64,82.8256,4.64605e-05,2
747.36,335.52,44.64,103.073,4.47856e-05,2
753.12,335.52,44.64,65.4905,3.5607e-05,2
470.88,339.84,44.64,73.7211,3.59696e-05,2
823.68,341.28,44.64,257.889,4.03838e-05,2
652.32,342.72,44.64,294.599,1.43932e-05,2
479.52,345.6,44.64,124.462,6.54683e-06,2
365.76,347.04,44.64,39.2917,6.13727e-05,2
347.04,348.48,44.64,93.9826,3.26649e-05,2
452.16,348.48,44.64,47.7694,3.86211e-05,2
479.52,349.92,44.64,138.842,7.98347e-06,2
316.8,351.36,44.64,130.113,2.39807e-05,2
463.68,354.24,44.64,6.95201,1.26196e-05,2
629.28,358.56,44.64,223.077,1.06724e-05,2
900,360,44.64,198.673,4.68275e-06,2
430.56,362.88,44.64,163.156,1.57988e-05,2
463.68,362.88,44.64,309.946,2.49486e-05,2
472.32,362.88,44.64,297.384,1.01269e-05,2
613.44,362.88,44.64,305.366,2.47077e-05,2
829.44,362.88,44.64,235.65,1.1789e-05,2
907.2,362.88,44.64,183.018,5.93449e-06,2
427.68,367.2,44.64,188.574,1.32773e-05,2
887.04,367.2,44.64,198.006,6.64475e-06,2
420.48,368.64,44.64,185.895,3.84584e-05,2
436.32,370.08,44.64,224.037,1.42771e-05,2
610.56,372.96,44.64,301.26,7.85575e-06,2
853.92,372.96,44.64,339.228,3.46969e-05,2
535.68,375.84,44.64,135.582,9.43573e-05,2
534.24,378.72,44.64,143.939,0.000130746,2
537.12,380.16,44.64,163.55,0.00012111,2
534.24,381.6,44.64,167.159,6.96556e-05,2
524.16,383.04,44.64,0.409176,5.92035e-05,2
686.88,383.04,44.64,10.3926,2.47855e-05,2
396,385.92,44.64,258.249,2.0712e-05,2
525.6,387.36,44.64,311.645,0.000118931,2
403.2,390.24,44.64,256.911,7.80068e-06,2
528.48,390.24,44.64,276.071,0.000162759,2
125.28,393.12,44.64,218.623,1.06895e-05,2
820.8,393.12,44.64,189.047,3.35945e-06,2
109.44,394.56,44.64,152.921,3.22464e-05,2
96.48,397.44,44.64,73.6385,2.68134e-05,2
836.64,398.88,44.64,7.50203,6.59537e-06,2
898.56,400.32,44.64,181.957,1.52947e-05,2
99.36,403.2,44.64,111.078,3.31776e-05,2
237.6,413.28,44.64,113.562,0.000235117,2
313.92,413.28,44.64,322.837,1.28097e-05,2
462.24,413.28,44.64,127.272,1.15689e-05,2
223.2,416.16,44.64,28.5151,0.000424096,2
239.04,416.16,44.64,128.105,0.000409292,2
407.52,416.16,44.64,7.43761,8.02453e-05,2
154.08,417.6,44.64,204.253,1.17681e-05,2
156.96,417.6,44.64,214.69,9.83482e-06,2
227.52,417.6,44.64,40.2976,0.000718238,2
100.8,420.48,44.64,234.9,7.06635e-05,2
106.56,420.48,44.64,214.93,4.45875e-05,2
462.24,432,44.64,19.8918,3.61063e-05,2
116.64,437.76,44.64,125.575,4.0638e-05,2
452.16,437.76,44.64,36.2185,3.68189e-05,2
462.24,437.76,44.64,23.9333,4.31906e-05,2
455.04,439.2,44.64,32.7731,4.41991e-05,2
228.96,440.64,44.64,49.3909,4.99961e-06,2
106.56,444.96,44.64,76.9495,1.60377e-06,2
506.88,444.96,44.64,198.077,1.08325e-05,2
378.72,446.4,44.64,41.6312,6.73019e-06,2
218.88,447.84,44.64,24.9506,2.34029e-05,2
260.64,447.84,44.64,168.513,3.19244e-05,2
413.28,447.84,44.64,80.075,8.91239e-06,2
429.12,447.84,44.64,122.937,1.68884e-05,2
521.28,447.84,44.64,195.374,7.6431e-06,2
241.92,450.72,44.64,145.329,2.40189e-05,2
420.48,450.72,44.64,101.044,1.58717e-05,2
263.52,452.16,44.64,180.933,3.69811e-05,2
430.56,455.04,44.64,132.866,0.000198702,2
433.44,456.48,44.64,143.593,0.000156143,2
221.76,457.92,44.64,22.3454,5.6704e-05,2
430.56,457.92,44.64,138.371,0.000179799,2
410.4,459.36,44.64,12.1179,7.46922e-05,2
894.24,460.8,44.64,194.055,3.93529e-06,2
120.96,462.24,44.64,188.84,1.89304e-05,2
97.92,472.32,44.64,79.8062,3.26913e-05,2
224.64,473.76,44.64,308.135,9.13697e-05,2
221.76,475.2,44.64,314.12,7.43331e-05,2
76.32,476.64,44.64,14.2699,7.26102e-06,2
231.84,476.64,44.64,263.787,3.62381e-05,2
224.64,479.52,44.64,289.96,3.74111e-05,2
413.28,489.6,44.64,314.179,0.000132395,2
561.6,489.6,44.64,316.331,7.39873e-06,2
119.52,491.04,44.64,177.789,4.19407e-06,2
226.08,491.04,44.64,282.779,2.11674e-05,2
316.8,491.04,44.64,310.726,1.14281e-05,2
564.48,491.04,44.64,306.947,9.4228e-06,2
321.12,493.92,44.64,296.873,7.54057e-06,2
328.32,495.36,44.64,243.961,1.16593e-05,2
650.88,495.36,44.64,75.4459,2.33964e-05,2
273.6,498.24,44.64,89.5866,7.31228e-06,2
492.48,512.64,44.64,91.234,8.54571e-06,2
266.4,515.52,44.64,311.596,2.67173e-05,2
90.72,521.28,44.64,160.745,2.11034e-05,2
501.12,529.92,44.64,149.324,6.55021e-06,2
790.56,548.64,44.64,243.792,1.99034e-05,2
851.04,550.08,44.64,93.1049,6.77174e-06,2
789.12,551.52,44.64,280.152,2.16186e-05,2
283.68,554.4,44.64,321.847,1.88544e-06,2
870.912,133.056,53.568,212.844,1.99568e-05,3
857.088,136.512,53.568,238.682,8.92828e-06,3
741.312,139.968,53.568,45.6092,2.73892e-05,3
734.4,145.152,53.568,82.1206,0.000114978,3
777.6,148.608,53.568,268.438,8.84258e-06,3
800.064,150.336,53.568,300.437,5.39587e-06,3
858.816,150.336,53.568,247.07,1.41718e-05,3
765.504,152.064,53.568,186.035,2.11124e-05,3
870.912,152.064,53.568,288.568,8.88858e-06,3
881.28,162.432,53.568,257.718,9.29911e-06,3
872.64,164.16,53.568,297.172,7.32493e-06,3
843.264,169.344,53.568,201.443,1.05904e-05,3
884.736,174.528,53.568,171.202,1.18587e-05,3
615.168,176.256,53.568,325.734,1.14375e-05,3
841.536,181.44,53.568,170.77,1.24129e-05,3
736.128,183.168,53.568,153.24,9.34254e-05,3
768.96,191.808,53.568,161.782,5.18096e-06,3
737.856,195.264,53.568,154.832,7.56181e-05,3
768.96,196.992,53.568,155.861,3.41152e-06,3
876.096,196.992,53.568,68.965,1.87241e-05,3
616.896,200.448,53.568,52.6368,3.35376e-06,3
860.544,202.176,53.568,93.6186,3.04601e-05,3
590.976,203.904,53.568,4.37317,1.30011e-05,3
616.896,212.544,53.568,44.4574,2.97188e-06,3
592.704,217.728,53.568,357.513,1.49615e-05,3
786.24,219.456,53.568,5.57854,5.51918e-06,3
895.104,228.096,53.568,159.227,5.62292e-06,3
770.688,229.824,53.568,182.438,1.62163e-05,3
772.416,243.648,53.568,173.093,1.28134e-05,3
426.816,247.104,53.568,293.239,4.70628e-05,3
355.968,248.832,53.568,291.859,6.80956e-05,3
428.544,250.56,53.568,298.618,2.57385e-05,3
440.64,254.016,53.568,298.023,6.73319e-05,3
558.144,254.016,53.568,122.673,2.66163e-05,3
558.144,257.472,53.568,132.492,3.61851e-05,3
328.32,271.296,53.568,226.599,2.54351e-05,3
775.872,271.296,53.568,248.446,2.0081e-06,3
563.328,274.752,53.568,207.865,1.62891e-05,3
744.768,274.752,53.568,192.987,4.73419e-05,3
599.616,286.848,53.568,349.37,9.47247e-06,3
746.496,286.848,53.568,201.77,4.61406e-05,3
677.376,288.576,53.568,259.022,4.53424e-06,3
464.832,290.304,53.568,329.308,6.71354e-05,3
444.096,293.76,53.568,68.2316,5.27176e-05,3
596.16,293.76,53.568,346.658,9.02091e-06,3
432,295.488,53.568,42.1444,5.63545e-05,3
409.536,297.216,53.568,170.689,9.79695e-05,3
794.88,297.216,53.568,337.934,1.06809e-05,3
801.792,300.672,53.568,341.382,9.21297e-06,3
361.152,302.4,53.568,351.523,9.65742e-05,3
330.048,304.128,53.568,183.239,3.22075e-05,3
342.144,304.128,53.568,41.2077,3.06437e-05,3
468.288,304.128,53.568,311.703,4.87781e-05,3
316.224,305.856,53.568,189.467,6.08274e-05,3
445.824,305.856,53.568,247.825,5.49474e-05,3
903.744,312.768,53.568,192.473,1.19093e-05,3
362.88,314.496,53.568,344.28,9.99514e-05,3
343.872,316.224,53.568,270.93,3.51401e-05,3
331.776,317.952,53.568,216.654,2.7907e-05,3
668.736,317.952,53.568,273.012,1.24138e-05,3
316.224,319.68,53.568,191.009,5.15531e-05,3
779.328,321.408,53.568,94.6485,7.2363e-06,3
660.096,326.592,53.568,286.776,2.6958e-05,3
634.176,328.32,53.568,281.661,6.19373e-06,3
654.912,331.776,53.568,286.358,6.55403e-06,3
373.248,333.504,53.568,356.073,1.10996e-05,3
748.224,335.232,53.568,110.663,6.7597e-05,3
751.68,335.232,53.568,81.898,7.73436e-05,3
471.744,338.688,53.568,68.6429,4.61693e-05,3
380.16,340.416,53.568,0.0362282,2.35811e-06,3
449.28,340.416,53.568,63.4087,4.82202e-05,3
639.36,340.416,53.568,265.229,1.32629e-05,3
822.528,340.416,53.568,251.327,5.17717e-05,3
466.56,345.6,53.568,57.2019,5.75395e-05,3
660.096,345.6,53.568,303.526,3.95216e-05,3
347.328,347.328,53.568,84.7694,4.3706e-05,3
366.336,347.328,53.568,37.9544,8.52351e-05,3
452.736,347.328,53.568,45.5336,6.42364e-05,3
483.84,347.328,53.568,136.238,1.00958e-05,3
317.952,349.056,53.568,125.51,4.3927e-05,3
335.232,349.056,53.568,94.7357,2.56905e-05,3
480.384,349.056,53.568,126.858,1.12122e-05,3
426.816,350.784,53.568,139.058,6.26141e-06,3
628.992,350.784,53.568,254.905,1.00537e-05,3
407.808,352.512,53.568,169.489,2.04354e-05,3
473.472,354.24,53.568,47.6404,1.56175e-05,3
464.832,355.968,53.568,352.757,3.5858e-05,3
630.72,357.696,53.568,237.927,1.00105e-05,3
476.928,361.152,53.568,276.534,1.52291e-05,3
430.272,362.88,53.568,174.604,2.54376e-05,3
464.832,362.88,53.568,313.905,3.56722e-05,3
473.472,362.88,53.568,301.798,1.57155e-05,3
615.168,362.88,53.568,280.423,3.20668e-05,3
829.44,362.88,53.568,239.325,1.51437e-05,3
844.992,362.88,53.568,281.301,1.51335e-05,3
908.928,362.88,53.568,184.785,7.01903e-06,3
895.104,364.608,53.568,190.278,7.42856e-06,3
428.544,366.336,53.568,185.804,2.37178e-05,3
888.192,366.336,53.568,193.295,6.21147e-06,3
418.176,368.064,53.568,191.014,6.3958e-05,3
437.184,369.792,53.568,227.012,1.61375e-05,3
831.168,369.792,53.568,241.298,2.36e-05,3
848.448,369.792,53.568,311.157,1.6954e-05,3
855.36,371.52,53.568,335.207,4.81014e-05,3
858.816,374.976,53.568,350.818,5.00282e-05,3
896.832,374.976,53.568,196.385,2.94603e-06,3
535.68,376.704,53.568,152.81,0.000200389,3
853.632,378.432,53.568,353.597,2.82137e-05,3
107.136,380.16,53.568,113.782,0.000107363,3
304.128,380.16,53.568,328.075,1.8617e-05,3
533.952,380.16,53.568,172.401,0.000227711,3
537.408,380.16,53.568,177.855,0.000241132,3
686.016,381.888,53.568,2.40976,4.41457e-05,3
810.432,383.616,53.568,204.105,1.51278e-05,3
395.712,385.344,53.568,254.045,2.87171e-05,3
525.312,387.072,53.568,294.405,0.000201695,3
827.712,388.8,53.568,197.803,2.31479e-06,3
846.72,388.8,53.568,3.32387,1.97541e-05,3
402.624,390.528,53.568,252.325,1.01726e-05,3
528.768,390.528,53.568,265.638,0.000281794,3
124.416,392.256,53.568,197.993,1.50845e-05,3
302.4,392.256,53.568,342.56,7.45539e-06,3
820.8,392.256,53.568,199.476,4.95132e-06,3
108.864,393.984,53.568,141.756,3.1576e-05,3
105.408,399.168,53.568,141.256,3.53807e-05,3
898.56,400.896,53.568,185.308,3.14893e-05,3
485.568,402.624,53.568,352.904,1.3293e-05,3
98.496,404.352,53.568,132.781,6.23868e-05,3
463.104,412.992,53.568,87.0543,1.46416e-05,3
98.496,416.448,53.568,223.093,9.50526e-05,3
101.952,416.448,53.568,213.859,0.00013079,3
224.64,416.448,53.568,36.8716,0.000748779,3
238.464,416.448,53.568,108.663,0.000536728,3
407.808,416.448,53.568,13.7288,9.68226e-05,3
862.272,416.448,53.568,304.457,9.54196e-06,3
105.408,418.176,53.568,207.139,0.000109192,3
153.792,418.176,53.568,193.92,1.7949e-05,3
100.224,419.904,53.568,225.424,0.000145352,3
461.376,433.728,53.568,16.3359,7.83593e-05,3
117.504,437.184,53.568,159.21,4.70193e-05,3
452.736,437.184,53.568,12.6826,5.72037e-05,3
456.192,438.912,53.568,16.7503,7.59338e-05,3
115.776,440.64,53.568,153.491,4.15999e-05,3
210.816,440.64,53.568,18.8835,4.23149e-06,3
229.824,440.64,53.568,45.7986,7.5277e-06,3
898.56,442.368,53.568,215.338,3.04927e-06,3
423.36,444.096,53.568,109.984,5.88664e-06,3
504.576,444.096,53.568,198.001,1.70957e-05,3
328.32,445.824,53.568,234.753,7.01861e-06,3
219.456,447.552,53.568,29.6796,3.70667e-05,3
264.384,447.552,53.568,168.092,7.34769e-05,3
480.384,447.552,53.568,289.381,6.52403e-06,3
412.992,449.28,53.568,69.9965,1.6496e-05,3
869.184,449.28,53.568,331.035,2.50546e-06,3
241.92,451.008,53.568,141.628,4.68459e-05,3
419.904,451.008,53.568,96.6638,3.43183e-05,3
222.912,456.192,53.568,27.5309,7.20036e-05,3
432,456.192,53.568,141.413,0.000317887,3
418.176,457.92,53.568,76.9437,0.000119034,3
411.264,459.648,53.568,26.9635,0.000113309,3
895.104,459.648,53.568,199.827,4.96998e-06,3
120.96,461.376,53.568,183.34,2.99295e-05,3
323.136,468.288,53.568,107.845,9.37757e-06,3
98.496,471.744,53.568,126.239,3.62422e-05,3
224.64,473.472,53.568,295.606,0.000175866,3
235.008,475.2,53.568,255.633,9.35611e-05,3
76.032,476.928,53.568,34.2151,8.69254e-06,3
231.552,476.928,53.568,269.146,6.86467e-05,3
330.048,476.928,53.568,116.474,4.39631e-06,3
362.88,476.928,53.568,0.995166,3.85845e-06,3
565.056,489.024,53.568,339.197,1.12184e-05,3
226.368,490.752,53.568,285.757,3.18729e-05,3
317.952,490.752,53.568,272.027,1.50471e-05,3
412.992,490.752,53.568,308.924,0.00032352,3
426.816,490.752,53.568,245.163,4.03544e-05,3
321.408,492.48,53.568,262.617,1.6784e-05,3
412.992,494.208,53.568,303.729,0.00017982,3
651.456,494.208,53.568,74.7437,3.04608e-05,3
328.32,495.936,53.568,233.221,1.8812e-05,3
896.832,495.936,53.568,228.947,9.49744e-06,3
274.752,497.664,53.568,97.7937,8.93897e-06,3
414.72,501.12,53.568,298.462,1.66114e-05,3
266.112,502.848,53.568,84.3853,1.35664e-05,3
267.84,506.304,53.568,108.538,1.68257e-05,3
648,508.032,53.568,52.0827,7.28658e-06,3
660.096,508.032,53.568,129.618,9.65292e-06,3
390.528,513.216,53.568,47.2617,1.54828e-06,3
267.84,514.944,53.568,198.648,3.92446e-05,3
492.48,514.944,53.568,92.2611,1.33075e-05,3
497.664,520.128,53.568,99.5064,1.17378e-05,3
100.224,521.856,53.568,161.334,2.43351e-05,3
89.856,523.584,53.568,174.154,2.66312e-05,3
69.12,525.312,53.568,77.0589,5.09696e-06,3
274.752,525.312,53.568,184.52,7.30832e-06,3
905.472,525.312,53.568,13.9987,6.72511e-06,3
851.904,549.504,53.568,88.7586,6.69669e-06,3
499.392,552.96,53.568,270.388,6.77636e-06,3
283.392,554.688,53.568,358.181,2.21905e-06,3
368.064,556.416,53.568,129.51,3.02003e-06,3
810.432,604.8,53.568,136.057,2.95293e-05,3
219.802,95.3856,64.2816,222.433,3.46965e-06,4
599.271,111.974,64.2816,143.42,5.31942e-06,4
870.912,134.784,64.2816,205.058,1.99078e-05,4
856.397,136.858,64.2816,226.12,6.61378e-06,4
887.501,136.858,64.2816,185.061,1.15014e-05,4
839.808,138.931,64.2816,200.865,6.25893e-06,4
740.275,141.005,64.2816,66.772,5.01786e-05,4
731.981,145.152,64.2816,90.3713,0.00013703,4
785.895,147.226,64.2816,325.882,1.41613e-05,4
777.6,149.299,64.2816,244.397,1.24269e-05,4
798.336,149.299,64.2816,324.054,6.47974e-06,4
763.085,151.373,64.2816,56.0321,2.70107e-05,4
856.397,153.446,64.2816,239.118,2.50361e-05,4
870.912,153.446,64.2816,251.485,1.17528e-05,4
586.829,161.741,64.2816,332.123,5.27283e-06,4
872.986,163.814,64.2816,283.429,8.70439e-06,4
879.207,163.814,64.2816,255.103,8.89904e-06,4
860.544,165.888,64.2816,252.699,9.09422e-06,4
779.674,170.035,64.2816,164.295,3.78644e-06,4
613.786,176.256,64.2816,1.58775,1.32252e-05,4
883.354,176.256,64.2816,112.416,1.41208e-05,4
841.882,180.403,64.2816,168.111,1.43954e-05,4
736.128,182.477,64.2816,149.629,8.23149e-05,4
767.232,192.845,64.2816,90.3149,7.09946e-06,4
736.128,196.992,64.2816,154.375,6.4052e-05,4
875.059,196.992,64.2816,82.3109,2.21746e-05,4
615.859,201.139,64.2816,29.6238,3.16531e-06,4
860.544,201.139,64.2816,98.3292,4.20845e-05,4
593.05,203.213,64.2816,9.98501,1.36777e-05,4
588.902,211.507,64.2816,6.61307,1.79782e-05,4
593.05,215.654,64.2816,5.09941,1.38347e-05,4
617.933,215.654,64.2816,32.8761,4.33801e-06,4
785.895,219.802,64.2816,15.842,6.64226e-06,4
771.379,230.17,64.2816,349.25,1.51622e-05,4
783.821,242.611,64.2816,3.11005,1.68837e-06,4
771.379,244.685,64.2816,2.0116,1.25248e-05,4
427.162,246.758,64.2816,278.264,5.37873e-05,4
354.586,248.832,64.2816,290.531,9.66872e-05,4
439.603,257.126,64.2816,300.973,8.34246e-05,4
557.798,257.126,64.2816,139.946,5.18297e-05,4
655.258,257.126,64.2816,359.45,3.18348e-06,4
337.997,261.274,64.2816,254.337,1.38169e-05,4
508.032,265.421,64.2816,21.1769,3.07422e-05,4
775.526,271.642,64.2816,348.691,1.49008e-06,4
744.422,273.715,64.2816,186.1,2.86638e-05,4
561.946,275.789,64.2816,204.288,2.7447e-05,4
510.106,282.01,64.2816,321.823,2.37563e-05,4
775.526,284.083,64.2816,329.752,2.15882e-06,4
599.271,286.157,64.2816,348.962,9.87925e-06,4
744.422,288.23,64.2816,190.287,3.46748e-05,4
462.413,290.304,64.2816,305.551,9.2049e-05,4
443.75,292.378,64.2816,347.593,6.8649e-05,4
431.309,294.451,64.2816,147.495,7.48951e-05,4
597.197,294.451,64.2816,347.964,1.72921e-05,4
794.189,294.451,64.2816,337.811,1.15518e-05,4
410.573,296.525,64.2816,172.629,0.000155074,4
794.189,298.598,64.2816,339.677,9.47496e-06,4
599.271,300.672,64.2816,348.999,1.22645e-05,4
800.41,300.672,64.2816,340.703,1.13412e-05,4
342.144,302.746,64.2816,344.168,4.22774e-05,4
360.806,302.746,64.2816,349.294,0.000119954,4
317.261,304.819,64.2816,194.969,8.56019e-05,4
329.702,304.819,64.2816,192.834,2.99848e-05,4
464.486,304.819,64.2816,295.305,6.53226e-05,4
468.634,304.819,64.2816,304.39,4.96474e-05,4
445.824,306.893,64.2816,293.906,7.03999e-05,4
433.382,308.966,64.2816,234.059,8.0514e-05,4
337.997,311.04,64.2816,230.48,6.49007e-05,4
412.646,311.04,64.2816,182.87,0.000161546,4
902.016,313.114,64.2816,192.253,1.35433e-05,4
362.88,315.187,64.2816,343.207,0.000115583,4
344.218,317.261,64.2816,328.795,4.50542e-05,4
315.187,319.334,64.2816,191.358,5.88926e-05,4
331.776,319.334,64.2816,196.091,3.02851e-05,4
779.674,321.408,64.2816,20.6245,7.92605e-06,4
659.405,325.555,64.2816,285.36,3.20984e-05,4
634.522,329.702,64.2816,286.508,8.22159e-06,4
653.184,331.776,64.2816,284.199,6.21874e-06,4
373.248,333.85,64.2816,358.023,1.15467e-05,4
750.643,333.85,64.2816,114.896,0.00011932,4
441.677,337.997,64.2816,50.578,7.43473e-06,4
468.634,337.997,64.2816,61.4313,8.07649e-05,4
638.669,340.07,64.2816,274.724,1.98908e-05,4
651.11,344.218,64.2816,285.395,1.67976e-05,4
364.954,346.291,64.2816,33.5742,0.000127277,4
333.85,348.365,64.2816,106.44,3.52283e-05,4
346.291,348.365,64.2816,76.1649,5.13228e-05,4
452.045,348.365,64.2816,24.8528,9.01509e-05,4
481.075,348.365,64.2816,104.809,1.01266e-05,4
317.261,350.438,64.2816,114.305,5.95175e-05,4
628.301,350.438,64.2816,266.485,1.41927e-05,4
408.499,352.512,64.2816,171.981,4.10337e-05,4
427.162,352.512,64.2816,155.435,9.21595e-06,4
464.486,354.586,64.2816,5.13351,5.62955e-05,4
472.781,354.586,64.2816,19.7056,2.43341e-05,4
242.611,356.659,64.2816,340.369,1.9772e-06,4
628.301,358.733,64.2816,254.521,9.05876e-06,4
669.773,360.806,64.2816,314.453,2.53147e-05,4
429.235,362.88,64.2816,187.259,3.3906e-05,4
464.486,362.88,64.2816,319.676,5.36073e-05,4
472.781,362.88,64.2816,316.248,2.71226e-05,4
613.786,362.88,64.2816,272.561,3.6945e-05,4
829.44,362.88,64.2816,247.707,1.8155e-05,4
893.722,364.954,64.2816,191.666,1.04184e-05,4
887.501,367.027,64.2816,195.699,7.04263e-06,4
418.867,369.101,64.2816,197.295,8.13895e-05,4
435.456,369.101,64.2816,227.125,1.42133e-05,4
682.214,369.101,64.2816,335.957,4.18639e-05,4
827.367,369.101,64.2816,234.125,3.59624e-05,4
846.029,371.174,64.2816,305.861,1.58623e-05,4
854.323,371.174,64.2816,327.082,5.97661e-05,4
611.712,373.248,64.2816,277.642,1.48549e-05,4
858.471,375.322,64.2816,344.55,7.10629e-05,4
895.795,375.322,64.2816,200.064,4.27427e-06,4
534.989,377.395,64.2816,181.622,0.000300004,4
854.323,377.395,64.2816,344.338,8.90479e-05,4
298.598,379.469,64.2816,331.271,3.04784e-05,4
410.573,379.469,64.2816,227.787,1.30627e-05,4
526.694,379.469,64.2816,187.163,0.000201869,4
910.311,379.469,64.2816,195.584,4.85057e-06,4
105.754,381.542,64.2816,129.671,0.00012247,4
534.989,381.542,64.2816,203.922,0.000413081,4
686.362,383.616,64.2816,0.387151,6.07446e-05,4
810.778,383.616,64.2816,205.015,2.55492e-05,4
277.862,385.69,64.2816,325.361,3.10819e-06,4
524.621,387.763,64.2816,269.596,0.000335612,4
528.768,387.763,64.2816,248.559,0.000504062,4
819.072,389.837,64.2816,202.502,5.06175e-06,4
848.103,389.837,64.2816,338.911,2.8263e-05,4
402.278,391.91,64.2816,250.657,9.07977e-06,4
124.416,393.984,64.2816,174.435,1.52792e-05,4
302.746,393.984,64.2816,339.641,1.28284e-05,4
109.901,396.058,64.2816,147.799,4.53558e-05,4
678.067,396.058,64.2816,15.5226,2.89011e-05,4
908.237,396.058,64.2816,196.813,4.4544e-06,4
95.3856,398.131,64.2816,96.7157,6.75251e-05,4
835.661,398.131,64.2816,358.779,7.37103e-06,4
899.943,402.278,64.2816,190.072,3.89619e-05,4
483.149,404.352,64.2816,9.49409,1.19659e-05,4
97.4592,406.426,64.2816,183.719,0.000128165,4
833.587,408.499,64.2816,277.457,1.34558e-05,4
313.114,412.646,64.2816,321.902,1.36068e-05,4
109.901,414.72,64.2816,198.928,1.95513e-05,4
462.413,414.72,64.2816,56.5413,1.36223e-05,4
854.323,414.72,64.2816,321.486,1.56111e-05,4
906.163,414.72,64.2816,179.329,1.52478e-05,4
153.446,416.794,64.2816,199.337,2.33594e-05,4
236.39,416.794,64.2816,89.7302,0.000624477,4
408.499,416.794,64.2816,25.7551,0.000114053,4
93.312,418.867,64.2816,225.427,0.000117881,4
99.5328,418.867,64.2816,211.423,0.000276069,4
493.517,418.867,64.2816,120.424,1.64442e-05,4
835.661,418.867,64.2816,298.34,9.21354e-06,4
864.691,418.867,64.2816,305.737,1.18484e-05,4
317.261,420.941,64.2816,293.898,1.7714e-05,4
835.661,429.235,64.2816,304.094,4.14257e-06,4
109.901,431.309,64.2816,189.263,2.1248e-05,4
408.499,433.382,64.2816,63.9262,6.94389e-06,4
136.858,435.456,64.2816,200.446,2.71246e-06,4
460.339,437.53,64.2816,7.38988,0.00012915,4
116.122,439.603,64.2816,178.909,6.46383e-05,4
454.118,439.603,64.2816,5.32626,9.96509e-05,4
848.103,439.603,64.2816,309.986,5.98886e-06,4
105.754,441.677,64.2816,184.665,9.96056e-06,4
211.507,441.677,64.2816,20.198,1.00273e-05,4
228.096,441.677,64.2816,47.7709,1.41849e-05,4
294.451,441.677,64.2816,293.934,8.47714e-06,4
377.395,443.75,64.2816,35.3709,1.15511e-05,4
325.555,445.824,64.2816,250.066,9.20344e-06,4
505.958,445.824,64.2816,198.686,1.86364e-05,4
219.802,447.898,64.2816,31.5333,4.98553e-05,4
238.464,447.898,64.2816,123.439,6.99156e-05,4
377.395,447.898,64.2816,34.2407,1.50333e-05,4
429.235,447.898,64.2816,125.42,3.98786e-05,4
462.413,447.898,64.2816,352.888,1.82789e-05,4
520.474,447.898,64.2816,199.567,1.07285e-05,4
242.611,449.971,64.2816,145.739,7.17102e-05,4
406.426,449.971,64.2816,55.1373,1.6044e-05,4
410.573,449.971,64.2816,65.1655,2.7972e-05,4
443.75,449.971,64.2816,139.745,3.15329e-06,4
491.443,449.971,64.2816,226.133,3.27672e-05,4
236.39,452.045,64.2816,111.641,7.53212e-05,4
263.347,452.045,64.2816,174.715,8.09578e-05,4
418.867,452.045,64.2816,94.6003,7.40005e-05,4
431.309,456.192,64.2816,141.156,0.000350716,4
221.875,458.266,64.2816,22.3176,0.000100933,4
416.794,458.266,64.2816,82.2181,0.000187612,4
410.573,460.339,64.2816,45.889,0.000161076,4
893.722,460.339,64.2816,206.768,6.36048e-06,4
120.269,462.413,64.2816,171.887,3.82145e-05,4
321.408,468.634,64.2816,140.681,1.07486e-05,4
97.4592,470.707,64.2816,138.46,5.93456e-05,4
889.575,470.707,64.2816,214.294,1.00422e-05,4
226.022,472.781,64.2816,290.486,0.000251639,4
234.317,476.928,64.2816,260.732,0.000116535,4
329.702,476.928,64.2816,145.773,5.04611e-06,4
686.362,476.928,64.2816,339.851,1.26033e-05,4
72.576,479.002,64.2816,31.4054,1.23287e-05,4
362.88,479.002,64.2816,353.012,4.41071e-06,4
93.312,485.222,64.2816,196.916,1.64666e-05,4
423.014,487.296,64.2816,267.271,0.000160228,4
118.195,489.37,64.2816,188.45,8.8613e-06,4
564.019,489.37,64.2816,350.302,1.20853e-05,4
226.022,491.443,64.2816,286.831,4.09552e-05,4
412.646,491.443,64.2816,302.114,0.000461459,4
99.5328,493.517,64.2816,206.223,-1.05508e-05,4
327.629,495.59,64.2816,210.342,2.14226e-05,4
651.11,497.664,64.2816,72.6387,4.78874e-05,4
895.795,497.664,64.2816,231.834,1.83648e-05,4
275.789,499.738,64.2816,121.488,1.07505e-05,4
889.575,499.738,64.2816,238.309,2.0514e-05,4
412.646,501.811,64.2816,304.134,3.47647e-05,4
267.494,505.958,64.2816,97.4207,3.02834e-05,4
646.963,508.032,64.2816,62.3439,9.89453e-06,4
277.862,510.106,64.2816,169.97,1.71084e-05,4
659.405,510.106,64.2816,114.497,1.11595e-05,4
702.951,510.106,64.2816,314.577,1.18966e-05,4
528.768,512.179,64.2816,109.675,4.25556e-06,4
908.237,512.179,64.2816,322.539,3.41597e-06,4
389.837,514.253,64.2816,30.0429,1.50826e-06,4
576.461,514.253,64.2816,285.564,3.88506e-06,4
267.494,516.326,64.2816,155.564,3.63316e-05,4
491.443,516.326,64.2816,98.2248,2.32589e-05,4
497.664,520.474,64.2816,103.421,1.20712e-05,4
89.1648,522.547,64.2816,157.543,2.89421e-05,4
99.5328,522.547,64.2816,146.123,3.18999e-05,4
516.326,522.547,64.2816,129.685,6.58125e-06,4
870.912,522.547,64.2816,184.569,1.68078e-06,4
487.296,524.621,64.2816,90.2347,2.32007e-05,4
906.163,524.621,64.2816,24.1095,7.35286e-06,4
70.5024,526.694,64.2816,62.7988,7.33614e-06,4
275.789,526.694,64.2816,124.142,9.62381e-06,4
296.525,526.694,64.2816,115.781,1.77211e-06,4
483.149,526.694,64.2816,73.4099,1.95131e-05,4
501.811,530.842,64.2816,112.026,2.00729e-05,4
790.042,549.504,64.2816,76.9458,4.98628e-05,4
850.176,549.504,64.2816,95.5196,6.22375e-06,4
843.955,551.578,64.2816,100.337,2.58283e-06,4
282.01,553.651,64.2816,73.4601,3.54458e-06,4
499.738,553.651,64.2816,255.435,9.16879e-06,4
530.842,555.725,64.2816,158.135,4.84068e-06,4
872.986,555.725,64.2816,105.611,2.00615e-06,4
808.704,605.491,64.2816,131.976,4.58311e-05,4
711.245,622.08,64.2816,77.6249,3.27332e-06,4
221.461,94.5562,77.1379,239.251,3.32261e-06,5
885.842,121.928,77.1379,160.429,2.98448e-05,5
870.912,134.369,77.1379,183.929,1.7025e-05,5
888.33,136.858,77.1379,184.51,1.58176e-05,5
841.052,139.346,77.1379,176.947,5.60952e-06,5
734.055,146.811,77.1379,93.6125,0.000142446,5
786.309,146.811,77.1379,63.3812,2.03676e-05,5
798.751,146.811,77.1379,31.1714,7.59417e-06,5
778.844,149.299,77.1379,107.276,1.83345e-05,5
763.914,151.788,77.1379,29.9909,2.69821e-05,5
855.982,154.276,77.1379,235.664,3.26503e-05,5
587.244,161.741,77.1379,331.183,7.76754e-06,5
873.401,161.741,77.1379,244.316,1.02562e-05,5
878.377,161.741,77.1379,231.511,1.28928e-05,5
843.541,166.717,77.1379,195.142,1.70739e-05,5
858.471,166.717,77.1379,223.638,1.11722e-05,5
622.08,174.182,77.1379,15.9739,1.16581e-05,5
627.057,174.182,77.1379,22.1241,7.37802e-06,5
614.615,176.671,77.1379,7.72569,1.67717e-05,5
883.354,176.671,77.1379,95.8504,1.51854e-05,5
873.401,179.159,77.1379,71.271,7.87885e-06,5
736.543,181.647,77.1379,140.74,5.28244e-05,5
843.541,184.136,77.1379,151.976,2.19435e-05,5
243.855,186.624,77.1379,3.95913,1.08043e-05,5
768.891,191.601,77.1379,33.9446,6.81953e-06,5
783.821,191.601,77.1379,72.816,3.07366e-06,5
875.889,194.089,77.1379,95.8353,2.67991e-05,5
736.543,196.577,77.1379,149.726,3.23102e-05,5
617.104,199.066,77.1379,13.6131,3.45612e-06,5
858.471,199.066,77.1379,107.629,6.06811e-05,5
592.22,201.554,77.1379,12.6677,1.45438e-05,5
589.732,209.019,77.1379,15.2132,2.44922e-05,5
617.104,213.996,77.1379,25.5601,3.37956e-06,5
592.22,216.484,77.1379,13.0438,1.68335e-05,5
786.309,218.972,77.1379,25.45,6.26959e-06,5
771.379,228.925,77.1379,359.398,1.31983e-05,5
895.795,228.925,77.1379,159.907,5.28131e-06,5
671.847,238.879,77.1379,64.6269,3.97985e-06,5
405.596,241.367,77.1379,212.404,0.000297789,5
771.379,243.855,77.1379,357.149,1.02962e-05,5
425.503,246.344,77.1379,252.913,7.56732e-05,5
355.83,248.832,77.1379,299.307,0.000118094,5
427.991,251.32,77.1379,260.475,6.55919e-05,5
440.433,256.297,77.1379,298.016,0.000110601,5
559.872,256.297,77.1379,150.35,4.71175e-05,5
654.428,256.297,77.1379,351.621,3.15935e-06,5
338.412,261.274,77.1379,270.425,1.96109e-05,5
507.617,261.274,77.1379,26.2312,2.86165e-05,5
744.008,271.227,77.1379,182.451,-1.00927e-05,5
325.97,273.715,77.1379,230.028,5.10259e-05,5
510.106,281.18,77.1379,321.42,3.01428e-05,5
597.197,283.669,77.1379,346.161,8.85396e-06,5
776.356,283.669,77.1379,337.668,1.92393e-06,5
462.828,288.645,77.1379,299.823,9.5584e-05,5
674.335,288.645,77.1379,302.755,7.53547e-06,5
746.496,288.645,77.1379,189.067,1.18471e-05,5
430.479,293.622,77.1379,179.27,8.68499e-05,5
445.409,293.622,77.1379,325.628,7.76223e-05,5
597.197,293.622,77.1379,346.718,1.9456e-05,5
410.573,296.11,77.1379,175.028,0.000180471,5
793.774,296.11,77.1379,340.522,9.64677e-06,5
360.806,298.598,77.1379,347.969,0.000164967,5
599.685,298.598,77.1379,348,1.57063e-05,5
343.388,301.087,77.1379,324.343,4.68276e-05,5
437.944,301.087,77.1379,254.724,0.000176365,5
801.239,301.087,77.1379,332.249,1.38695e-05,5
328.458,303.575,77.1379,199.997,3.45887e-05,5
465.316,303.575,77.1379,303.789,7.92312e-05,5
445.409,306.063,77.1379,312.636,9.02199e-05,5
432.968,308.552,77.1379,196.882,9.63121e-05,5
803.728,308.552,77.1379,322.574,1.09097e-05,5
903.26,311.04,77.1379,193.799,1.55843e-05,5
345.877,316.017,77.1379,345.51,5.01212e-05,5
360.806,316.017,77.1379,349.321,0.000165868,5
811.193,316.017,77.1379,306.431,2.31978e-06,5
316.017,318.505,77.1379,187.119,7.38946e-05,5
330.947,318.505,77.1379,182.558,3.34183e-05,5
666.87,318.505,77.1379,287.415,2.33543e-05,5
778.844,320.993,77.1379,6.44251,7.19521e-06,5
634.522,325.97,77.1379,298.868,1.00454e-05,5
659.405,325.97,77.1379,287.56,3.18991e-05,5
654.428,330.947,77.1379,286.241,1.07527e-05,5
751.473,333.435,77.1379,142.642,0.000134328,5
442.921,335.923,77.1379,41.5638,3.561e-05,5
811.193,335.923,77.1379,275.966,9.4247e-06,5
378.225,338.412,77.1379,6.49373,1.28252e-05,5
450.386,338.412,77.1379,23.2319,8.57514e-05,5
470.293,338.412,77.1379,42.069,9.17744e-05,5
435.456,340.9,77.1379,141.943,2.16213e-05,5
641.987,340.9,77.1379,282.718,3.34542e-05,5
651.94,340.9,77.1379,283.081,2.10663e-05,5
823.634,340.9,77.1379,255.055,7.27058e-05,5
348.365,345.877,77.1379,60.3831,7.02061e-05,5
365.783,345.877,77.1379,25.4213,0.000138674,5
482.734,345.877,77.1379,50.7626,6.30359e-06,5
659.405,345.877,77.1379,289.205,3.61598e-05,5
318.505,348.365,77.1379,110.189,8.88344e-05,5
333.435,348.365,77.1379,112.878,3.67362e-05,5
465.316,348.365,77.1379,19.6856,0.000121579,5
629.545,348.365,77.1379,277.927,1.64177e-05,5
427.991,350.853,77.1379,168.004,1.23254e-05,5
380.713,353.342,77.1379,2.41333,1.56067e-06,5
462.828,353.342,77.1379,359.245,9.11706e-05,5
472.781,353.342,77.1379,2.72093,3.86662e-05,5
241.367,355.83,77.1379,332.824,1.50721e-06,5
450.386,358.318,77.1379,341.452,1.32097e-05,5
627.057,358.318,77.1379,267.128,7.28523e-06,5
671.847,358.318,77.1379,317.364,2.85143e-05,5
430.479,360.806,77.1379,195.104,2.83948e-05,5
612.127,360.806,77.1379,270.395,4.1894e-05,5
828.611,360.806,77.1379,247.712,1.52089e-05,5
846.029,360.806,77.1379,289.572,1.67357e-05,5
893.307,360.806,77.1379,194.578,1.16317e-05,5
462.828,363.295,77.1379,322.317,5.42272e-05,5
475.269,363.295,77.1379,319.269,3.28082e-05,5
908.237,363.295,77.1379,190.901,9.47738e-06,5
418.038,365.783,77.1379,200.665,0.000114756,5
885.842,365.783,77.1379,209.324,7.47636e-06,5
435.456,368.271,77.1379,225.79,1.27522e-05,5
681.8,368.271,77.1379,339.18,5.73671e-05,5
826.122,368.271,77.1379,233.326,3.65171e-05,5
858.471,368.271,77.1379,317.19,5.566e-05,5
612.127,370.76,77.1379,268.969,2.59845e-05,5
843.541,370.76,77.1379,297.36,3.0137e-05,5
860.959,373.248,77.1379,318.444,6.10622e-05,5
534.989,375.736,77.1379,210.589,0.000370357,5
855.982,375.736,77.1379,317.657,0.000133353,5
898.284,375.736,77.1379,196.355,3.93587e-06,5
298.598,378.225,77.1379,335.254,4.66161e-05,5
851.006,378.225,77.1379,313.799,6.92328e-05,5
910.725,378.225,77.1379,191.109,6.75067e-06,5
106.998,380.713,77.1379,139.341,0.000120903,5
534.989,380.713,77.1379,225.37,0.00060733,5
684.288,380.713,77.1379,354.183,9.3081e-05,5
811.193,383.201,77.1379,208.918,3.57594e-05,5
393.155,385.69,77.1379,249.213,4.48217e-05,5
530.012,385.69,77.1379,244.677,0.000775559,5
848.517,385.69,77.1379,318.456,2.66308e-05,5
818.657,388.178,77.1379,209.979,9.28092e-06,5
898.284,388.178,77.1379,193.315,1.96077e-05,5
121.928,390.666,77.1379,160.804,1.95512e-05,5
403.108,390.666,77.1379,245.937,1.12185e-05,5
848.517,390.666,77.1379,326.72,3.29284e-05,5
94.5562,395.643,77.1379,124.297,9.04766e-05,5
106.998,395.643,77.1379,156.108,8.32217e-05,5
679.312,395.643,77.1379,7.94618,3.87421e-05,5
908.237,395.643,77.1379,192.458,1.22402e-05,5
836.076,398.131,77.1379,267.228,1.09604e-05,5
485.223,400.62,77.1379,348.604,1.53674e-05,5
900.772,400.62,77.1379,191.969,5.60842e-05,5
855.982,403.108,77.1379,343.326,1.20779e-05,5
97.0445,405.596,77.1379,165.449,0.000242208,5
833.587,405.596,77.1379,232.227,1.94685e-05,5
288.645,410.573,77.1379,343.648,3.55129e-06,5
462.828,413.061,77.1379,39.4222,1.33537e-05,5
853.494,413.061,77.1379,335.894,2.26727e-05,5
908.237,413.061,77.1379,187.946,2.63397e-05,5
154.276,415.55,77.1379,223.423,2.17209e-05,5
233.902,415.55,77.1379,84.6604,0.000813539,5
408.085,415.55,77.1379,33.0435,0.000105462,5
99.5328,418.038,77.1379,194.885,0.000408735,5
318.505,418.038,77.1379,292.875,2.83275e-05,5
836.076,418.038,77.1379,282.897,1.16223e-05,5
865.936,418.038,77.1379,309.346,1.48023e-05,5
492.687,420.526,77.1379,135.856,3.74584e-05,5
497.664,420.526,77.1379,163.831,2.79461e-05,5
333.435,425.503,77.1379,256.582,1.32523e-05,5
836.076,425.503,77.1379,281.227,7.85388e-06,5
231.414,427.991,77.1379,70.092,0.000124008,5
109.486,430.479,77.1379,187.113,4.48683e-05,5
136.858,432.968,77.1379,188.754,2.59939e-06,5
241.367,432.968,77.1379,108.094,1.13657e-05,5
408.085,432.968,77.1379,64.0718,9.88888e-06,5
216.484,435.456,77.1379,34.1972,2.13414e-05,5
460.339,435.456,77.1379,11.0422,0.000140975,5
116.951,437.944,77.1379,187.289,6.86468e-05,5
455.363,437.944,77.1379,12.6767,0.000148345,5
848.517,437.944,77.1379,328.127,9.87094e-06,5
104.509,440.433,77.1379,182.486,1.22791e-05,5
211.507,440.433,77.1379,25.3134,1.69557e-05,5
296.11,440.433,77.1379,290.179,9.58592e-06,5
385.69,440.433,77.1379,30.4016,7.37164e-06,5
895.795,440.433,77.1379,210.783,4.85634e-06,5
507.617,442.921,77.1379,198.577,2.22029e-05,5
671.847,442.921,77.1379,347.879,1.32612e-05,5
848.517,442.921,77.1379,335.384,1.29512e-05,5
238.879,445.409,77.1379,123.225,0.000100105,5
325.97,445.409,77.1379,259.168,9.06973e-06,5
432.968,445.409,77.1379,138.63,3.31166e-05,5
221.461,447.898,77.1379,28.3065,9.66189e-05,5
266.25,447.898,77.1379,174.438,0.00010364,5
378.225,447.898,77.1379,23.8883,1.76087e-05,5
410.573,447.898,77.1379,65.5931,3.89164e-05,5
427.991,447.898,77.1379,127.264,0.000113163,5
460.339,447.898,77.1379,340.826,4.06447e-05,5
480.246,447.898,77.1379,277.685,1.86409e-05,5
490.199,447.898,77.1379,221.122,4.77848e-05,5
883.354,447.898,77.1379,255.315,2.27413e-06,5
236.39,450.386,77.1379,125.124,0.000165484,5
241.367,450.386,77.1379,163.361,0.000135468,5
420.526,450.386,77.1379,103.281,0.000124202,5
442.921,450.386,77.1379,143.836,1.24371e-05,5
870.912,452.874,77.1379,306.569,4.02751e-06,5
430.479,455.363,77.1379,137.6,0.00041798,5
116.951,457.851,77.1379,164.59,5.91573e-05,5
221.461,457.851,77.1379,6.87563,0.000113249,5
408.085,457.851,77.1379,52.6852,0.000157188,5
418.038,457.851,77.1379,103.065,0.000288195,5
365.783,462.828,77.1379,12.4323,6.1091e-06,5
84.6029,470.293,77.1379,57.3065,1.63561e-05,5
97.0445,470.293,77.1379,153.284,8.81516e-05,5
592.22,470.293,77.1379,174.137,2.06044e-06,5
223.949,472.781,77.1379,303.916,0.000305895,5
233.902,475.269,77.1379,266.061,0.000167438,5
328.458,475.269,77.1379,205.131,6.70272e-06,5
686.776,475.269,77.1379,336.925,1.32129e-05,5
360.806,477.758,77.1379,341.25,4.75417e-06,5
293.622,482.734,77.1379,107.341,1.09068e-05,5
213.996,485.223,77.1379,312.605,1.56383e-05,5
226.437,487.711,77.1379,286.986,7.88004e-05,5
539.966,487.711,77.1379,11.8994,2.61791e-06,5
564.849,487.711,77.1379,349.375,1.02924e-05,5
119.439,490.199,77.1379,183.245,9.95446e-06,5
283.669,490.199,77.1379,122.845,2.90423e-06,5
425.503,490.199,77.1379,257.904,0.000141664,5
99.5328,492.687,77.1379,189.116,-1.61304e-05,5
320.993,492.687,77.1379,165.446,2.84494e-05,5
325.97,495.176,77.1379,172.995,2.86108e-05,5
276.204,497.664,77.1379,126.756,1.17517e-05,5
651.94,497.664,77.1379,62.9855,6.04899e-05,5
890.819,497.664,77.1379,230.609,2.96769e-05,5
77.1379,500.152,77.1379,64.8185,3.01328e-06,5
413.061,500.152,77.1379,305.156,8.29566e-05,5
467.804,505.129,77.1379,94.3008,3.86132e-06,5
278.692,507.617,77.1379,147.085,2.23739e-05,5
646.963,507.617,77.1379,68.5867,1.14414e-05,5
659.405,507.617,77.1379,74.8499,1.32664e-05,5
701.706,510.106,77.1379,318.358,1.29797e-05,5
266.25,515.082,77.1379,82.2269,2.88324e-05,5
492.687,515.082,77.1379,103.903,3.09317e-05,5
532.501,515.082,77.1379,132.261,6.18213e-06,5
903.26,515.082,77.1379,102.179,4.75471e-06,5
477.758,517.571,77.1379,78.5563,7.28235e-06,5
89.5795,520.059,77.1379,131.273,3.0604e-05,5
99.5328,520.059,77.1379,149.008,3.82083e-05,5
515.082,522.547,77.1379,126.206,8.94614e-06,5
870.912,522.547,77.1379,188.233,1.44393e-06,5
905.749,522.547,77.1379,62.2048,6.53541e-06,5
276.204,525.036,77.1379,118.654,1.01919e-05,5
296.11,525.036,77.1379,131.161,1.63638e-06,5
482.734,525.036,77.1379,79.3347,2.70918e-05,5
487.711,525.036,77.1379,93.1302,4.47134e-05,5
495.176,539.966,77.1379,102.8,1.64016e-05,5
525.036,544.942,77.1379,171.372,6.3076e-06,5
791.286,547.431,77.1379,88.6775,4.87881e-05,5
848.517,549.919,77.1379,104.961,6.08394e-06,5
497.664,552.407,77.1379,267.101,1.4884e-05,5
368.271,554.896,77.1379,102.178,4.47832e-06,5
530.012,554.896,77.1379,162.746,8.74957e-06,5
873.401,554.896,77.1379,106.929,1.82573e-06,5
517.571,562.36,77.1379,206.33,7.5566e-06,5
808.704,604.662,77.1379,127.415,5.59857e-05,5
711.66,619.592,77.1379,80.682,2.7564e-06,5
220.963,95.5515,92.5655,252.328,3.01574e-06,6
223.949,107.495,92.5655,264.342,8.98008e-07,6
600.183,110.481,92.5655,120.704,1.41741e-05,6
886.837,116.453,92.5655,159.404,2.80309e-05,6
886.837,122.425,92.5655,165.152,2.72455e-05,6
871.908,131.383,92.5655,171.496,1.51035e-05,6
552.407,134.369,92.5655,281.896,6.43326e-06,6
853.992,134.369,92.5655,159.287,2.50245e-06,6
743.51,137.355,92.5655,85.9852,4.80614e-05,6
842.048,137.355,92.5655,153.765,4.70905e-06,6
886.837,137.355,92.5655,186.948,2.27867e-05,6
719.622,143.327,92.5655,94.1975,8.38102e-05,6
743.51,143.327,92.5655,90.3871,6.6337e-05,6
731.566,146.313,92.5655,93.3506,0.000130786,6
785.314,146.313,92.5655,78.7412,2.89669e-05,6
764.412,152.285,92.5655,46.4467,2.91435e-05,6
853.992,155.271,92.5655,221.057,4.10476e-05,6
871.908,155.271,92.5655,221.411,2.33427e-05,6
764.412,161.243,92.5655,40.121,6.5393e-06,6
585.253,164.229,92.5655,330.519,1.10359e-05,6
845.034,164.229,92.5655,200.649,1.89436e-05,6
856.978,164.229,92.5655,204.182,1.39979e-05,6
606.155,167.215,92.5655,9.574,1.25085e-05,6
647.959,167.215,92.5655,53.1241,2.18807e-06,6
773.37,167.215,92.5655,19.1749,1.05003e-05,6
779.342,167.215,92.5655,38.025,6.44179e-06,6
624.071,173.187,92.5655,21.1583,1.13352e-05,6
615.113,176.173,92.5655,13.7931,1.92471e-05,6
734.552,179.159,92.5655,140.136,-1.25187e-05,6
842.048,182.145,92.5655,145.907,1.772e-05,6
244.851,185.131,92.5655,2.74563,1.32981e-05,6
767.398,191.103,92.5655,45.267,5.61665e-06,6
782.328,191.103,92.5655,58.9769,3.51494e-06,6
618.099,197.075,92.5655,13.5017,3.72733e-06,6
737.538,197.075,92.5655,145.521,-8.12713e-06,6
591.225,200.061,92.5655,9.1238,1.23886e-05,6
859.964,200.061,92.5655,113.2,5.38139e-05,6
591.225,209.019,92.5655,17.5523,2.39984e-05,6
785.314,209.019,92.5655,37.8144,2.83765e-06,6
618.099,212.005,92.5655,21.0235,3.45122e-06,6
591.225,217.977,92.5655,19.6929,1.56617e-05,6
785.314,217.977,92.5655,24.9982,5.14587e-06,6
770.384,226.935,92.5655,6.13454,9.88162e-06,6
895.795,229.921,92.5655,156.369,4.20382e-06,6
848.02,232.907,92.5655,112.614,1.16369e-06,6
671.847,238.879,92.5655,58.7551,4.18827e-06,6
406.094,241.865,92.5655,205.621,0.000378459,6
773.37,244.851,92.5655,355.893,9.16498e-06,6
355.332,247.837,92.5655,306.779,0.000133741,6
424.01,247.837,92.5655,234.269,0.000102954,6
441.926,256.795,92.5655,289.271,0.000121515,6
558.379,256.795,92.5655,153.256,6.04888e-05,6
653.931,256.795,92.5655,358.697,3.01827e-06,6
337.416,262.767,92.5655,282.949,3.07183e-05,6
325.472,274.711,92.5655,249.84,6.35875e-05,6
558.379,274.711,92.5655,195.508,5.07406e-05,6
510.603,280.683,92.5655,318.268,3.95502e-05,6
597.197,283.669,92.5655,343.201,6.77681e-06,6
674.833,286.655,92.5655,306.113,8.51573e-06,6
776.356,286.655,92.5655,343.549,1.14902e-06,6
444.912,289.641,92.5655,301.844,8.29453e-05,6
459.842,289.641,92.5655,307.558,0.000108085,6
746.496,289.641,92.5655,188.499,-1.40822e-05,6
412.066,292.627,92.5655,175.992,0.000230307,6
429.982,292.627,92.5655,197.399,0.00011486,6
597.197,292.627,92.5655,342.405,1.92858e-05,6
794.272,292.627,92.5655,337.581,1.13756e-05,6
361.304,298.598,92.5655,344.929,0.000139473,6
438.94,298.598,92.5655,245.808,0.000218545,6
680.805,298.598,92.5655,290.05,5.79556e-06,6
316.514,301.584,92.5655,206.992,0.000103593,6
328.458,301.584,92.5655,220.48,4.63893e-05,6
343.388,301.584,92.5655,307.285,5.97508e-05,6
803.23,301.584,92.5655,316.436,1.35222e-05,6
462.828,304.57,92.5655,332.674,9.65702e-05,6
429.982,307.556,92.5655,182.48,0.000121917,6
447.898,307.556,92.5655,335.47,9.01643e-05,6
901.767,307.556,92.5655,194.546,1.48807e-05,6
337.416,310.542,92.5655,249.296,0.000120174,6
346.374,316.514,92.5655,4.98995,6.0225e-05,6
361.304,316.514,92.5655,357.132,0.00016607,6
316.514,319.5,92.5655,176.205,8.82262e-05,6
331.444,319.5,92.5655,158.232,5.22817e-05,6
779.342,319.5,92.5655,357.856,6.46912e-06,6
659.903,322.486,92.5655,290.34,4.12813e-05,6
633.029,325.472,92.5655,303.802,1.91714e-05,6
244.851,328.458,92.5655,330.159,3.82324e-06,6
256.795,331.444,92.5655,333.381,4.78201e-06,6
373.248,331.444,92.5655,7.70792,-4.17777e-07,6
749.482,331.444,92.5655,172.358,0.000135188,6
441.926,334.43,92.5655,175.901,4.682e-05,6
379.22,337.416,92.5655,19.9079,1.37804e-05,6
450.884,337.416,92.5655,355.304,0.000100071,6
468.8,337.416,92.5655,357.432,0.000115338,6
432.968,340.402,92.5655,177.342,2.27602e-05,6
641.987,340.402,92.5655,288.385,4.20571e-05,6
824.132,340.402,92.5655,261.472,5.8774e-05,6
367.276,343.388,92.5655,16.6742,0.000175613,6
659.903,343.388,92.5655,287.494,2.48286e-05,6
331.444,346.374,92.5655,106.084,4.60888e-05,6
453.87,346.374,92.5655,8.70491,0.000148432,6
465.814,346.374,92.5655,0.226171,0.000163295,6
480.744,346.374,92.5655,6.82724,1.23984e-05,6
316.514,349.36,92.5655,78.355,7.62288e-05,6
409.08,349.36,92.5655,188.492,7.84544e-05,6
630.043,349.36,92.5655,286.297,1.73806e-05,6
603.169,352.346,92.5655,276.77,5.54263e-06,6
241.865,355.332,92.5655,323.44,1.38571e-06,6
450.884,358.318,92.5655,337.928,2.54492e-05,6
671.847,358.318,92.5655,316.376,2.52579e-05,6
848.02,358.318,92.5655,288.112,1.0852e-05,6
429.982,361.304,92.5655,199.623,3.22243e-05,6
462.828,361.304,92.5655,335.393,7.35313e-05,6
612.127,361.304,92.5655,270.579,4.4663e-05,6
830.104,361.304,92.5655,253.927,2.83784e-05,6
892.809,361.304,92.5655,201.8,1.43389e-05,6
415.052,364.29,92.5655,205.258,0.000128467,6
295.612,367.276,92.5655,340.508,3.45007e-05,6
435.954,367.276,92.5655,207.926,1.29628e-05,6
680.805,367.276,92.5655,337.607,6.24599e-05,6
856.978,367.276,92.5655,296.634,7.15784e-05,6
612.127,370.262,92.5655,262.699,3.00407e-05,6
827.118,370.262,92.5655,245.155,2.98955e-05,6
842.048,370.262,92.5655,279.674,5.26852e-05,6
859.964,373.248,92.5655,296.815,0.000106226,6
898.781,373.248,92.5655,194.908,5.64774e-06,6
853.992,376.234,92.5655,298.552,0.000149736,6
298.598,379.22,92.5655,339.319,5.72121e-05,6
534.491,379.22,92.5655,235.021,0.000756613,6
833.09,379.22,92.5655,255.963,9.18594e-06,6
107.495,382.206,92.5655,156.645,0.000134085,6
686.776,382.206,92.5655,353.332,9.40406e-05,6
812.188,382.206,92.5655,213.979,4.58619e-05,6
274.711,385.192,92.5655,334.896,4.54467e-06,6
394.15,385.192,92.5655,242.172,4.23687e-05,6
403.108,388.178,92.5655,239.311,2.43879e-05,6
528.519,388.178,92.5655,242.014,0.000627607,6
895.795,388.178,92.5655,193.864,2.66397e-05,6
122.425,391.164,92.5655,165.786,1.90987e-05,6
301.584,391.164,92.5655,331.028,2.46299e-05,6
842.048,391.164,92.5655,282.814,4.24501e-05,6
92.5655,394.15,92.5655,144.818,9.25065e-05,6
277.697,394.15,92.5655,335.499,1.31664e-06,6
680.805,394.15,92.5655,1.54695,4.25556e-05,6
110.481,397.136,92.5655,162.819,9.39422e-05,6
815.174,397.136,92.5655,213.95,3.23843e-05,6
483.73,400.122,92.5655,354.983,1.33183e-05,6
839.062,400.122,92.5655,279.258,1.8839e-05,6
901.767,400.122,92.5655,194.871,7.17834e-05,6
856.978,403.108,92.5655,331.474,1.71145e-05,6
95.5515,406.094,92.5655,152.673,0.000322393,6
833.09,406.094,92.5655,247.814,2.52924e-05,6
313.528,409.08,92.5655,307.258,7.97462e-06,6
286.655,412.066,92.5655,336.116,3.02193e-06,6
459.842,412.066,92.5655,32.0441,1.61796e-05,6
155.271,415.052,92.5655,232.437,1.56787e-05,6
226.935,415.052,92.5655,69.1591,0.000899057,6
409.08,415.052,92.5655,245.049,9.71031e-05,6
848.02,415.052,92.5655,327.161,1.80747e-05,6
853.992,415.052,92.5655,332.537,2.9685e-05,6
319.5,418.038,92.5655,290.234,3.28221e-05,6
865.936,418.038,92.5655,312.385,1.765e-05,6
331.444,421.024,92.5655,263.787,2.23626e-05,6
836.076,424.01,92.5655,276.87,1.18877e-05,6
229.921,426.996,92.5655,70.3539,0.000246232,6
107.495,429.982,92.5655,185.116,9.56383e-05,6
241.865,429.982,92.5655,102.212,2.56456e-05,6
137.355,432.968,92.5655,192.278,2.25073e-06,6
217.977,435.954,92.5655,43.7015,4.04425e-05,6
409.08,435.954,92.5655,62.675,2.23272e-05,6
459.842,435.954,92.5655,48.7136,0.000137161,6
104.509,438.94,92.5655,175.215,2.47177e-05,6
116.453,438.94,92.5655,185.582,7.66899e-05,6
295.612,438.94,92.5655,297.036,8.30956e-06,6
385.192,438.94,92.5655,23.2272,7.30913e-06,6
671.847,441.926,92.5655,347.31,1.858e-05,6
848.02,441.926,92.5655,341.154,1.29888e-05,6
325.472,444.912,92.5655,265.349,8.42704e-06,6
376.234,444.912,92.5655,11.2497,1.49366e-05,6
432.968,444.912,92.5655,126.768,5.25164e-05,6
507.617,444.912,92.5655,206.727,3.06601e-05,6
519.561,444.912,92.5655,207.328,1.19437e-05,6
220.963,447.898,92.5655,21.4362,0.000139855,6
238.879,447.898,92.5655,135.545,0.000198346,6
265.753,447.898,92.5655,175.756,8.06452e-05,6
459.842,447.898,92.5655,233.622,4.89347e-05,6
489.702,447.898,92.5655,226.13,5.56099e-05,6
206.033,450.884,92.5655,7.54768,1.95114e-05,6
498.659,450.884,92.5655,214.321,4.84392e-05,6
892.809,453.87,92.5655,222.973,6.5617e-06,6
116.453,456.856,92.5655,172.591,5.74846e-05,6
418.038,456.856,92.5655,111.979,0.000378662,6
429.982,456.856,92.5655,149.954,0.0005096,6
459.842,456.856,92.5655,215.03,7.30051e-06,6
220.963,459.842,92.5655,337.751,0.000100563,6
409.08,459.842,92.5655,54.8869,0.000233244,6
107.495,462.828,92.5655,168.828,-3.45489e-05,6
95.5515,465.814,92.5655,155.47,0.000122397,6
322.486,468.8,92.5655,220.334,1.3058e-05,6
223.949,471.786,92.5655,314.956,0.000371774,6
328.458,474.772,92.5655,216.48,9.63516e-06,6
355.332,474.772,92.5655,337.977,4.28765e-06,6
686.776,474.772,92.5655,335.629,1.02304e-05,6
429.982,480.744,92.5655,230.985,7.84919e-05,6
214.991,483.73,92.5655,319.209,3.52589e-05,6
292.627,483.73,92.5655,130.988,1.22792e-05,6
226.935,486.716,92.5655,298.665,0.000149093,6
361.304,486.716,92.5655,308.687,2.69275e-06,6
424.01,486.716,92.5655,249.685,0.000347743,6
564.351,486.716,92.5655,340.053,7.51484e-06,6
98.5375,489.702,92.5655,170.319,5.14927e-06,6
119.439,489.702,92.5655,176.243,1.70897e-05,6
415.052,489.702,92.5655,277.758,0.000780611,6
650.945,495.673,92.5655,28.3607,5.94218e-05,6
892.809,495.673,92.5655,216.917,3.76651e-05,6
277.697,498.659,92.5655,125.01,1.37677e-05,6
268.739,504.631,92.5655,116.743,5.01042e-05,6
647.959,504.631,92.5655,65.1929,3.27329e-05,6
853.992,504.631,92.5655,236.638,3.56887e-06,6
865.936,504.631,92.5655,228.61,2.14104e-06,6
277.697,507.617,92.5655,112.181,2.97115e-05,6
465.814,507.617,92.5655,101.622,4.11739e-06,6
388.178,510.603,92.5655,347.048,1.93318e-06,6
576.295,510.603,92.5655,249.654,6.02948e-06,6
701.706,510.603,92.5655,318.716,1.52088e-05,6
477.758,513.589,92.5655,101.257,1.21064e-05,6
531.505,513.589,92.5655,129.798,6.88308e-06,6
265.753,516.575,92.5655,75.1487,2.26873e-05,6
101.523,519.561,92.5655,168.934,3.5344e-05,6
498.659,519.561,92.5655,108.646,1.85051e-05,6
516.575,519.561,92.5655,122.542,9.7271e-06,6
274.711,522.547,92.5655,99.8808,1.20131e-05,6
904.753,522.547,92.5655,96.3637,5.44438e-06,6
501.645,528.519,92.5655,116.861,2.84066e-05,6
268.739,534.491,92.5655,111.101,1.37363e-05,6
486.716,537.477,92.5655,67.5125,2.68511e-05,6
495.673,537.477,92.5655,115.143,2.86446e-05,6
525.533,543.449,92.5655,161.898,6.40922e-06,6
791.286,546.435,92.5655,98.7594,4.12385e-05,6
107.495,549.421,92.5655,110.344,5.5337e-06,6
238.879,549.421,92.5655,99.2269,1.2157e-05,6
848.02,549.421,92.5655,111.005,5.09371e-06,6
364.29,552.407,92.5655,91.7792,5.41085e-06,6
498.659,552.407,92.5655,270.957,1.57997e-05,6
528.519,555.393,92.5655,140.681,1.03614e-05,6
871.908,555.393,92.5655,104.771,1.51165e-06,6
516.575,561.365,92.5655,125.176,8.17967e-06,6
806.216,603.169,92.5655,122.115,5.0764e-05,6
598.391,111.079,111.079,106.448,1.57179e-05,7
885.046,118.245,111.079,165.705,3.32473e-05,7
874.296,132.578,111.079,176.077,1.13781e-05,7
551.81,136.161,111.079,270.489,7.51096e-06,7
842.048,136.161,111.079,149.224,3.6243e-06,7
720.22,143.327,111.079,91.4027,0.00010426,7
741.719,143.327,111.079,92.4645,9.15247e-05,7
730.969,146.91,111.079,96.8222,0.000126415,7
784.717,146.91,111.079,58.0252,3.19887e-05,7
799.05,146.91,111.079,89.7835,9.64364e-06,7
763.218,150.494,111.079,73.3755,2.55711e-05,7
852.797,154.077,111.079,183.254,3.96753e-05,7
702.304,157.66,111.079,96.8322,3.65865e-06,7
874.296,157.66,111.079,185.393,2.21467e-05,7
598.391,161.243,111.079,345.07,3.2341e-05,7
584.059,164.826,111.079,320.354,1.33524e-05,7
609.141,164.826,111.079,11.0073,1.18258e-05,7
644.973,168.41,111.079,55.029,2.50635e-06,7
773.967,168.41,111.079,39.1505,8.34005e-06,7
619.89,175.576,111.079,23.1713,2.44506e-05,7
171.993,179.159,111.079,194.111,5.60305e-06,7
734.552,179.159,111.079,131.295,-3.75857e-05,7
874.296,179.159,111.079,141.703,1.77324e-05,7
881.463,179.159,111.079,139.884,1.84121e-05,7
845.631,182.742,111.079,133.195,2.33405e-05,7
243.656,186.325,111.079,1.5399,1.16381e-05,7
784.717,189.909,111.079,37.6385,3.06617e-06,7
877.88,189.909,111.079,132.672,3.07422e-05,7
616.307,193.492,111.079,18.7088,3.06574e-06,7
766.801,193.492,111.079,53.0221,5.53501e-06,7
211.408,197.075,111.079,337.577,3.38099e-06,7
587.642,197.075,111.079,6.62693,9.90529e-06,7
856.38,197.075,111.079,125.57,6.32872e-05,7
738.135,200.658,111.079,139.69,-7.41836e-05,7
591.225,207.825,111.079,15.2712,1.98004e-05,7
784.717,207.825,111.079,32.3273,7.70839e-06,7
784.717,218.574,111.079,22.3597,6.70276e-06,7
591.225,222.157,111.079,24.802,1.24701e-05,7
770.384,225.74,111.079,16.3619,1.03343e-05,7
670.055,236.49,111.079,57.4854,3.07759e-06,7
404.9,240.073,111.079,202.713,0.000343977,7
354.735,247.24,111.079,299.986,0.000149133,7
422.815,247.24,111.079,216.122,0.000111303,7
770.384,247.24,111.079,356.877,5.13441e-06,7
555.393,254.406,111.079,147.224,6.34758e-05,7
444.315,257.989,111.079,257.264,0.000110652,7
652.139,257.989,111.079,9.12313,2.74773e-06,7
508.812,261.572,111.079,11.4429,5.03118e-05,7
741.719,268.739,111.079,183.376,-6.01656e-05,7
558.976,275.905,111.079,201.956,4.14965e-05,7
677.221,275.905,111.079,304.383,5.44804e-06,7
322.486,279.488,111.079,267.93,6.03969e-05,7
515.978,279.488,111.079,307.174,5.97327e-05,7
458.647,286.655,111.079,311.91,0.000100251,7
670.055,286.655,111.079,305.079,1.37337e-05,7
426.399,290.238,111.079,203.595,9.40442e-05,7
447.898,290.238,111.079,279.493,0.000108431,7
745.302,290.238,111.079,190.146,-3.7903e-05,7
412.066,293.821,111.079,184.105,0.000345312,7
791.883,293.821,111.079,335.713,9.90312e-06,7
343.985,297.404,111.079,301.943,5.56625e-05,7
358.318,297.404,111.079,328.006,0.000166476,7
680.805,297.404,111.079,281.249,5.26722e-06,7
318.903,300.987,111.079,227.545,0.000135721,7
462.23,304.57,111.079,336.167,0.000109756,7
802.633,304.57,111.079,319.437,1.49885e-05,7
336.819,308.154,111.079,305.147,0.000123993,7
447.898,308.154,111.079,284.84,0.000111382,7
412.066,311.737,111.079,178.443,0.00024019,7
429.982,311.737,111.079,174.935,0.00011922,7
358.318,315.32,111.079,2.56735,0.00025901,7
777.55,318.903,111.079,343.547,4.64208e-06,7
630.64,322.486,111.079,306.884,2.55769e-05,7
659.305,322.486,111.079,292.439,3.47379e-05,7
644.973,326.07,111.079,298.537,3.4209e-05,7
243.656,329.653,111.079,332.5,3.27401e-06,7
748.885,329.653,111.079,186.588,0.000114679,7
451.481,336.819,111.079,252.957,0.000114925,7
469.397,336.819,111.079,344.032,0.000109594,7
433.565,340.402,111.079,189.687,2.41176e-05,7
641.39,340.402,111.079,293.682,5.13707e-05,7
329.653,343.985,111.079,68.1568,6.90592e-05,7
347.569,343.985,111.079,48.969,0.000106717,7
361.901,343.985,111.079,21.7415,0.000237421,7
315.32,347.569,111.079,54.034,9.12235e-05,7
455.064,347.569,111.079,306.381,0.000181918,7
630.64,347.569,111.079,291.607,3.02931e-05,7
408.483,351.152,111.079,205.754,7.54856e-05,7
429.982,351.152,111.079,199.555,2.87386e-05,7
601.975,351.152,111.079,278.186,1.18679e-05,7
609.141,358.318,111.079,275.281,4.09037e-05,7
293.821,361.901,111.079,340.724,2.63159e-05,7
426.399,361.901,111.079,197.379,6.26728e-05,7
447.898,361.901,111.079,192.153,3.15079e-05,7
462.23,361.901,111.079,345.562,6.8357e-05,7
476.563,361.901,111.079,338.157,3.41243e-05,7
623.474,361.901,111.079,281.701,6.06648e-05,7
834.881,361.901,111.079,263.513,6.20513e-05,7
415.649,365.485,111.079,206.202,0.000138853,7
437.148,365.485,111.079,199.006,1.2339e-05,7
856.38,365.485,111.079,277.037,6.70456e-05,7
612.724,369.068,111.079,266.907,3.78475e-05,7
623.474,369.068,111.079,276.199,2.91145e-05,7
824.132,369.068,111.079,248.758,2.69535e-05,7
842.048,369.068,111.079,270.571,8.30707e-05,7
404.9,376.234,111.079,221.539,4.81289e-05,7
852.797,376.234,111.079,278.453,0.000159987,7
297.404,379.817,111.079,339.482,6.2734e-05,7
533.894,379.817,111.079,234.766,0.000927729,7
684.388,379.817,111.079,347.6,0.000126065,7
390.567,383.4,111.079,238.859,4.12494e-05,7
526.728,383.4,111.079,236.479,0.000937259,7
813.382,383.4,111.079,228.657,5.2249e-05,7
118.245,390.567,111.079,177.929,4.97851e-05,7
300.987,390.567,111.079,329.22,3.46355e-05,7
401.316,390.567,111.079,234.265,1.92886e-05,7
842.048,390.567,111.079,271.422,4.8233e-05,7
852.797,390.567,111.079,281.617,2.87487e-05,7
680.805,394.15,111.079,356.656,4.27338e-05,7
111.079,397.733,111.079,169.336,0.000128625,7
483.73,397.733,111.079,332.473,1.29153e-05,7
813.382,397.733,111.079,225.644,3.40232e-05,7
838.465,397.733,111.079,268.068,2.74333e-05,7
856.38,401.316,111.079,296.838,2.37526e-05,7
311.737,408.483,111.079,300.537,1.04873e-05,7
408.483,412.066,111.079,232.107,7.1048e-05,7
458.647,412.066,111.079,23.1769,1.78245e-05,7
154.077,415.649,111.079,220.528,9.71282e-06,7
229.324,415.649,111.079,73.32,0.000956509,7
849.214,415.649,111.079,310.199,2.80666e-05,7
318.903,419.232,111.079,286.755,3.06572e-05,7
834.881,419.232,111.079,265.026,1.66551e-05,7
867.13,419.232,111.079,291.443,1.89863e-05,7
333.236,422.815,111.079,269.956,2.37574e-05,7
490.896,422.815,111.079,249.572,7.17068e-05,7
136.161,429.982,111.079,196.355,2.57863e-06,7
243.656,429.982,111.079,101.302,4.88822e-05,7
408.483,433.565,111.079,60.3948,2.4837e-05,7
222.157,437.148,111.079,47.8154,7.369e-05,7
458.647,437.148,111.079,143.077,9.78702e-05,7
673.638,437.148,111.079,349.549,2.06978e-05,7
114.662,440.731,111.079,182.32,9.60617e-05,7
211.408,440.731,111.079,21.8935,3.97806e-05,7
297.404,440.731,111.079,290.089,7.57007e-06,7
834.881,440.731,111.079,271.179,5.07855e-06,7
845.631,440.731,111.079,319.579,1.28091e-05,7
322.486,444.315,111.079,274.661,8.97019e-06,7
376.234,444.315,111.079,357.731,1.38983e-05,7
429.982,444.315,111.079,92.7356,8.3484e-05,7
483.73,444.315,111.079,238.948,7.57356e-05,7
515.978,444.315,111.079,214.754,1.32931e-05,7
673.638,444.315,111.079,346.429,1.95558e-05,7
128.995,447.898,111.079,182.369,1.21355e-05,7
222.157,447.898,111.079,12.9321,0.000172141,7
265.155,447.898,111.079,176.099,5.21317e-05,7
408.483,447.898,111.079,52.8922,0.000110651,7
458.647,447.898,111.079,184.709,4.57607e-05,7
207.825,451.481,111.079,355.121,4.72969e-05,7
236.49,451.481,111.079,95.398,0.000332295,7
440.731,451.481,111.079,168.752,0.000116569,7
498.062,451.481,111.079,227.006,5.48494e-05,7
842.048,451.481,111.079,344.107,6.91653e-06,7
465.814,455.064,111.079,205.171,2.12031e-05,7
118.245,458.647,111.079,178.697,3.00213e-05,7
218.574,458.647,111.079,340.914,0.000101587,7
429.982,458.647,111.079,211.757,0.00053272,7
874.296,458.647,111.079,232.423,5.48562e-06,7
408.483,462.23,111.079,1.1699,0.000294394,7
322.486,469.397,111.079,278,1.09629e-05,7
591.225,469.397,111.079,211.769,2.11376e-06,7
229.324,472.98,111.079,317.068,0.000576292,7
842.048,472.98,111.079,293.417,4.12341e-06,7
354.735,476.563,111.079,330.782,4.22036e-06,7
429.982,480.146,111.079,229.717,0.000157192,7
214.991,483.73,111.079,329.46,6.10942e-05,7
293.821,483.73,111.079,165.958,1.04064e-05,7
225.74,487.313,111.079,315.49,0.000164351,7
415.649,487.313,111.079,267.716,0.00102066,7
544.644,487.313,111.079,1.81841,3.07416e-06,7
562.56,487.313,111.079,333.148,4.78071e-06,7
121.828,490.896,111.079,169.395,1.34555e-05,7
322.486,494.479,111.079,118.673,2.04462e-05,7
386.984,494.479,111.079,333.163,2.19203e-06,7
652.139,498.062,111.079,3.69461,6.83754e-05,7
863.547,501.645,111.079,216.18,3.36093e-06,7
268.739,505.229,111.079,142.046,4.5344e-05,7
852.797,505.229,111.079,220.822,3.42105e-06,7
275.905,508.812,111.079,100.427,3.44386e-05,7
422.815,508.812,111.079,272.87,4.70883e-06,7
465.814,508.812,111.079,153.842,4.3958e-06,7
576.892,508.812,111.079,211.917,6.64775e-06,7
702.304,508.812,111.079,318.329,2.09246e-05,7
530.311,512.395,111.079,115.13,6.74045e-06,7
265.155,515.978,111.079,94.0027,1.80572e-05,7
275.905,523.145,111.079,104.573,1.1426e-05,7
433.565,523.145,111.079,198.727,4.46016e-06,7
512.395,523.145,111.079,128.327,1.91455e-05,7
487.313,526.728,111.079,111.326,8.44051e-05,7
498.062,530.311,111.079,117.249,3.90841e-05,7
232.907,533.894,111.079,87.9359,8.46518e-06,7
268.739,533.894,111.079,103.286,1.55397e-05,7
845.631,533.894,111.079,141.426,4.38012e-06,7
494.479,537.477,111.079,133.665,4.73215e-05,7
265.155,541.06,111.079,103.465,1.10962e-05,7
526.728,544.644,111.079,132.188,6.4004e-06,7
788.3,544.644,111.079,103.752,3.05273e-05,7
236.49,548.227,111.079,95.6809,1.73489e-05,7
268.739,548.227,111.079,105.241,1.08314e-05,7
845.631,548.227,111.079,117.847,4.15482e-06,7
365.485,551.81,111.079,89.9329,3.63964e-06,7
498.062,551.81,111.079,100.823,1.96694e-05,7
526.728,555.393,111.079,111.587,8.61512e-06,7
515.978,562.56,111.079,95.2724,9.3508e-06,7
