113.41,30.2074,4.8,354.168,0.00129684,0
235.67,30.6266,4.8,217.175,0.00109461,0
796.074,31.3684,4.8,252.445,0.001113,0
138.049,31.5364,4.8,176.078,0.00166458,0
312.227,32.2545,4.8,238.576,0.00142135,0
832.315,31.9242,4.8,163.141,0.00208312,0
764.113,32.814,4.8,355.655,0.00224576,0
56.3532,34.0778,4.8,344.047,0.00309214,0
241.565,33.9832,4.8,212.928,0.00318528,0
529.497,33.7927,4.8,176.075,0.00107275,0
786.524,33.8094,4.8,255.569,0.00154235,0
328.93,35.3566,4.8,244.23,0.00150171,0
791.96,35.426,4.8,254.383,0.00142497,0
489.314,36.0076,4.8,336.273,0.00162067,0
815.72,36.3893,4.8,16.9352,0.00156765,0
135.249,37.0928,4.8,162.434,0.00104239,0
769.593,38.0119,4.8,254.356,0.0035182,0
193.18,39.0132,4.8,48.3183,0.00126562,0
229.7,40.431,4.8,219.18,0.00497429,0
236.523,42.9878,5.70819,185.366,0.00889414,0
333.135,42.6652,5.70819,17.9906,0.00497968,0
796.668,41.151,4.8,89.9831,0.001211,0
834.618,42.9668,5.70819,176.226,0.00170047,0
325.681,42.5762,4.8,206.964,0.00139708,0
340.194,41.6791,4.8,17.691,0.00483885,0
531.003,41.7649,4.8,177.616,0.00143039,0
787.266,43.4475,4.8,71.1661,0.00120948,0
235.128,44.347,4.8,192.514,0.00644043,0
491.832,44.1772,4.8,346.669,0.00240722,0
290.771,44.8669,4.8,182.828,0.0012927,0
312.091,45.326,4.8,219.278,0.00138692,0
334.9,45.4018,4.8,9.70615,0.00149555,0
75.0029,46.3367,4.8,176.841,0.00105121,0
730.032,45.736,5.70819,350.634,0.00105747,0
272.047,47.0992,4.8,185.668,0.00202687,0
770.983,45.2446,5.70819,357.608,0.00343949,0
44.4387,47.5901,5.70819,176.55,0.0018254,0
217.613,47.7974,4.8,242.249,0.00249528,0
277.26,47.7964,4.8,359.43,0.00146765,0
286.592,48.1442,4.8,184.299,0.00101282,0
300.359,49.6084,4.8,181.4,0.00202884,0
281.952,50.3909,4.8,334.102,0.00206907,0
316.247,49.5279,4.8,220.981,0.00391542,0
327.748,50.3376,4.8,18.7697,0.00403245,0
295.194,50.7818,4.8,230.59,0.00226019,0
364.63,51.2865,5.70819,259.516,0.00373264,0
361.372,51.948,4.8,250.099,0.00202095,0
333.443,53.2643,4.8,19.9658,0.00458761,0
765.871,52.8581,5.70819,358.727,0.0033178,0
235.152,53.8817,4.8,182.441,0.00146098,0
356.793,54.2367,4.8,238.13,0.0017481,0
139.874,55.1842,4.8,272.264,0.00258984,0
151.696,54.8041,5.70819,39.4496,0.0144588,0
317.479,54.8143,4.8,45.5276,0.00168288,0
376.995,54.2716,5.70819,307.829,0.00163329,0
296.162,55.849,4.8,224.912,0.00234756,0
312.373,56.8656,4.8,212.951,0.00122638,0
419.832,56.9193,4.8,193.146,0.00120717,0
771.265,58.4999,5.70819,358.162,0.00184711,0
203.931,58.1675,5.70819,16.4826,0.00253854,0
300.954,57.8731,4.8,223.304,0.00120825,0
322.114,57.7101,4.8,180.558,0.00101235,0
326.772,57.9321,5.70819,25.1184,0.00259065,0
74.0603,59.6176,5.70819,174.854,0.00219426,0
156.265,61.2961,4.8,244.663,0.00139055,0
211.08,61.184,5.70819,30.2417,0.00305598,0
255.673,61.1401,4.8,209.744,0.00148971,0
287.214,60.7303,4.8,233.292,0.00290553,0
308.138,61.2144,4.8,228.912,0.00128968,0
317.173,60.8473,4.8,276.231,0.00416619,0
44.1765,62.1404,5.70819,177.064,0.00162743,0
334.269,62.0615,5.70819,24.7079,0.00406861,0
378.939,63.8885,5.70819,318.292,0.00574922,0
192.659,64.2889,5.70819,43.6937,0.00188143,0
162.004,66.0747,5.70819,21.7092,0.00636951,0
291.329,64.5529,4.8,324.59,0.00144308,0
312.599,66.5948,5.70819,49.9757,0.00181849,0
64.8604,65.7441,4.8,352.619,0.00217855,0
70.4519,65.755,4.8,10.9979,0.00364647,0
257.004,66.3717,4.8,199.869,0.00137765,0
237.091,67.1175,5.70819,180.284,0.00608848,0
280.97,66.3759,5.70819,235.076,0.00264602,0
531.792,66.5519,4.8,177.305,0.00183739,0
327.633,67.1438,5.70819,33.6848,0.00681717,0
384.877,69.818,4.8,334.174,0.00128045,0
253.073,68.6801,4.8,208.442,0.00103128,0
257.925,69.2858,4.8,211.17,0.00137529,0
299.137,68.842,4.8,209.955,0.00172079,0
319.037,69.1388,5.70819,44.8044,0.00268584,0
67.1513,70.4663,4.8,5.26209,0.0023194,0
417.145,69.3604,5.70819,186.874,0.00172553,0
71.8718,71.4085,4.8,12.5589,0.00142704,0
269.404,71.2664,4.8,212.356,0.00172504,0
322.904,70.4805,4.8,53.3754,0.00196451,0
281.962,71.8038,4.8,341.824,0.00105554,0
286.322,72.187,4.8,344.815,0.0014823,0
308.406,71.1508,5.70819,47.1267,0.00360011,0
274.561,72.9043,4.8,225.963,0.00107593,0
291.604,72.4879,4.8,347.761,0.00296415,0
46.0091,72.7463,5.70819,175.355,0.00165303,0
182.387,73.3468,4.8,194.117,0.0016623,0
221.351,74.2427,4.8,231.735,0.00127301,0
210.42,74.5825,4.8,350.678,0.00255149,0
298.607,75.2034,4.8,339.235,0.00312752,0
312.02,74.4005,5.70819,48.1199,0.00320265,0
531.493,74.897,4.8,179.841,0.00103803,0
64.8075,75.8745,4.8,344.986,0.00172912,0
189.649,75.9011,5.70819,14.5048,0.00304148,0
303.956,76.0854,4.8,138.368,0.00280976,0
320.57,78.1803,5.70819,45.8051,0.00379416,0
501.311,75.5257,4.8,353.822,0.00120242,0
214.382,77.9402,4.8,244.382,0.0014214,0
244.869,77.5035,5.70819,175.443,0.00355447,0
282.084,78.3806,4.8,308.361,0.00384338,0
60.1643,78.7488,4.8,346.336,0.00252683,0
219.204,78.9405,4.8,235.639,0.00142771,0
257.337,79.0879,4.8,227.042,0.00119958,0
290.264,78.6877,4.8,306.663,0.00196776,0
318.473,79.6812,4.8,42.191,0.00197203,0
495.488,81.9138,5.70819,355.897,0.00226264,0
771.98,78.0841,5.70819,0.742801,0.00104303,0
163.068,78.9965,5.70819,355.88,0.0028494,0
206.888,80.1793,5.70819,181.406,0.00114575,0
217.315,81.6155,4.8,239.903,0.0013853,0
238.066,82.1939,5.70819,176.737,0.0033227,0
265.244,81.0278,5.70819,216.761,0.00240971,0
313.008,82.4581,4.8,38.7913,0.00331826,0
285.901,82.6955,4.8,296.566,0.00149746,0
210.966,83.835,4.8,350.202,0.00399646,0
221.618,83.5091,4.8,236.801,0.00106517,0
260.941,83.9309,4.8,227.984,0.00106507,0
275.126,82.7396,5.70819,209.926,0.00293063,0
866.234,84.0809,4.8,252.681,0.00103178,0
45.2185,85.0821,4.8,177.251,0.00142576,0
69.0811,85.2139,5.70819,347.302,0.00205481,0
295.185,84.735,4.8,347.349,0.00114197,0
301.29,83.6605,5.70819,313.937,0.00323325,0
28.5375,87.1205,4.8,314.637,0.00811934,0
859.583,87.4322,4.8,259.409,0.00318171,0
34.8319,88.5066,4.8,338.751,0.00173552,0
215.136,87.5969,4.8,240.759,0.0018762,0
267.302,88.035,4.8,225.923,0.00262565,0
117.175,89.4013,4.8,73.0572,0.00254283,0
246.946,88.9873,5.70819,174.686,0.00224353,0
315.172,89.5903,5.70819,335.277,0.00543743,0
501.677,89.3602,5.70819,357.502,0.00107767,0
843.716,88.3219,5.70819,264.013,0.00691785,0
39.2342,89.7203,4.8,176.803,0.00102284,0
142.683,90.2474,4.8,113.651,0.00181436,0
274.314,91.0365,5.70819,195.659,0.00303179,0
829.898,90.2274,4.8,194.218,0.00112515,0
864.902,91.0415,4.8,248.745,0.0106011,0
48.5905,90.43,5.70819,178.036,0.00266524,0
853.919,95.4191,5.70819,262.533,0.0223705,0
219.149,93.9854,4.8,55.3059,0.00123933,0
34.7364,94.7614,4.8,35.8428,0.00355486,0
74.8492,94.7188,5.70819,354.585,0.00257953,0
140.325,95.4244,4.8,114.653,0.00166888,0
253.902,95.2746,4.8,182.786,0.00123116,0
309.84,96.3305,5.70819,334.984,0.00370088,0
169.408,96.1644,4.8,7.4289,0.00118271,0
232.39,96.2175,4.8,14.0613,0.00264909,0
799.838,96.3666,4.8,252.763,0.00103647,0
808.381,95.7263,4.8,260.455,0.00171046,0
833.965,96.4176,4.8,189.959,0.00802659,0
865.202,96.4977,4.8,92.377,0.0102169,0
211.637,97.1692,4.8,2.83501,0.00164852,0
239.114,96.5964,5.70819,176.252,0.00641491,0
855.555,98.0772,4.8,68.4425,0.00988407,0
247.978,98.7337,4.8,198.256,0.00176706,0
29.7784,99.9003,4.8,53.9159,0.00134614,0
35.2317,99.621,4.8,49.1091,0.00112998,0
41.2827,99.9262,4.8,181.278,0.0045507,0
781.702,99.3324,5.70819,265.217,0.00569196,0
793.401,99.1414,5.70819,257.995,0.00517427,0
816.713,102.283,5.70819,268.433,0.0282973,0
845.561,98.4992,5.70819,78.7966,0.001782,0
803.815,101.264,4.8,255.905,0.00118742,0
70.2896,103.246,5.70819,353.685,0.00111759,0
230.34,102.31,4.8,241.708,0.00138597,0
834.222,101.891,4.8,91.304,0.0109866,0
860.888,101.889,4.8,76.1351,0.00321933,0
800.565,104.748,5.70819,254.377,0.0165831,0
412.978,103.835,4.8,177.332,0.00135531,0
422.325,103.698,4.8,177.21,0.00124758,0
46.6258,105.241,5.70819,177.73,0.00261931,0
789.166,105.033,4.8,269.815,0.0104658,0
817.967,104.642,4.8,68.1669,0.0102319,0
250.664,106.32,4.8,173.66,0.00214744,0
336.415,106.23,4.8,181.971,0.00100313,0
239.1,109.25,5.70819,177.017,0.00197484,0
779.271,108.383,5.70819,91.3075,0.0056105,0
171.6,107.499,5.70819,359.139,0.00292032,0
214.729,108.198,5.70819,10.0387,0.00238027,0
260.182,108.102,4.8,175.758,0.00190524,0
799.077,107.685,4.8,91.635,0.00589795,0
207.142,108.8,4.8,171.052,0.00199122,0
212.053,109.367,4.8,15.6433,0.00185866,0
417.365,109.571,5.70819,177.135,0.0013238,0
787.74,107.552,5.70819,78.3148,0.0232008,0
41.2019,110.498,4.8,167.722,0.00298954,0
75.4385,110.615,5.70819,354.605,0.00167702,0
222.622,111.225,4.8,52.0737,0.00302694,0
314.462,110.305,5.70819,353.605,0.0049463,0
785.055,110.837,4.8,85.8545,0.00340382,0
120.059,112.089,5.70819,1.55016,0.00144377,0
143.335,112.415,5.70819,169.809,0.00135344,0
214.577,113.385,4.8,55.1069,0.00171507,0
795.248,113.616,5.70819,83.9843,0.00471689,0
47.0843,113.908,5.70819,170.842,0.00150352,0
862.946,114.242,4.8,260.478,0.00147596,0
192.218,112.945,5.70819,351.724,0.00255653,0
319.062,115.167,4.8,359.726,0.00259806,0
502.73,114.602,4.8,357.62,0.00255243,0
198.802,117.329,4.8,226.015,0.00137132,0
540.517,115.913,5.70819,170.067,0.00589604,0
139.924,118.166,4.8,170.888,0.00122026,0
312.686,117.889,5.70819,7.29601,0.00300983,0
858.638,118.482,4.8,260.664,0.00183854,0
42.7509,121.429,5.70819,171.922,0.0037259,0
316.907,120.044,4.8,8.02306,0.00114351,0
498.79,119.638,4.8,3.4093,0.00113886,0
185.011,120.7,4.8,353.291,0.00142599,0
844.618,120.823,5.70819,260.965,0.00176666,0
51.61,122.009,5.70819,174.373,0.00161379,0
76.7799,124.688,8.07261,352.512,0.00427854,0
247.384,121.565,4.8,180.981,0.00314612,0
267.075,122.596,5.70819,179.613,0.00137682,0
533.96,122.949,5.70819,173.448,0.00470439,0
759.53,121.352,5.70819,9.60533,0.00677336,0
737.416,122.644,5.70819,8.28457,0.00470408,0
120.345,123.689,5.70819,351.931,0.00307115,0
144.746,124.258,5.70819,176.166,0.00269261,0
316.712,125.024,4.8,12.9869,0.00213078,0
816.96,124.792,5.70819,260.287,0.00140351,0
134.357,124.662,5.70819,272.975,0.00279854,0
645.079,128.483,5.70819,25.0475,0.00556034,0
497.214,126.169,5.70819,20.8375,0.011311,0
540.901,128.667,5.70819,176.282,0.00623304,0
76.9069,128.902,4.8,349.664,0.00178337,0
320.271,129.118,4.8,8.20484,0.0011099,0
754.632,128.613,5.70819,251.268,0.00619289,0
42.8496,129.783,5.70819,183.253,0.00991701,0
123.411,130.817,4.8,272.338,0.00276857,0
129.176,130.897,4.8,275.56,0.00238377,0
171.891,130.565,4.8,12.9452,0.00100564,0
258.124,131.648,5.70819,191.755,0.00149266,0
312.444,130.459,5.70819,13.7577,0.00765956,0
644.935,130.548,4.8,359.981,0.00411244,0
781.503,131.232,5.70819,259.486,0.00120584,0
140.939,131.553,4.8,272.157,0.00770689,0
274.94,133.73,5.70819,192.455,0.00148328,0
341.576,131.665,4.8,176.739,0.00124423,0
429.762,130.375,5.70819,163.637,0.00588803,0
735.58,132.845,5.70819,19.4564,0.0050658,0
238.594,133.507,5.70819,177.659,0.00204746,0
316.653,134.181,4.8,2.53328,0.00201137,0
489.673,134.212,4.8,34.1663,0.00276594,0
419.569,135.233,4.8,165.579,0.00803464,0
497.905,135.029,5.70819,29.5527,0.0208159,0
533.478,134.291,5.70819,178.144,0.00194169,0
119.507,135.496,4.8,266.177,0.00106594,0
134.608,135.657,5.70819,270.772,0.0020947,0
146.484,135.952,5.70819,268.373,0.00348066,0
755.294,135.642,4.8,253.94,0.0065517,0
425.834,137.241,5.70819,239.412,0.011354,0
431.569,137.087,4.8,236.396,0.00310625,0
37.5277,138.599,4.8,185.817,0.00106863,0
48.3101,138.7,5.70819,189.56,0.00333433,0
591.387,139.649,4.8,172.642,0.00113117,0
43.3628,141.22,4.8,189.856,0.00168673,0
78.8006,140.765,5.70819,350.498,0.00247571,0
267.551,141.308,4.8,223.914,0.00142668,0
317.09,141.23,4.8,9.42297,0.00509733,0
167.744,142.338,5.70819,358.886,0.00217254,0
235.433,143.232,5.70819,181.3,0.0031543,0
259.174,143.211,4.8,216.589,0.00205293,0
522.15,145.232,8.07261,281.433,0.0182189,0
306.699,141.954,5.70819,4.05263,0.00141185,0
43.464,143.718,6.78823,188.736,0.00117812,0
242.012,147.285,5.70819,177.848,0.00703753,0
248.103,145.507,4.8,180.902,0.0031363,0
75.6116,146.959,4.8,352.89,0.00353582,0
320.15,146.755,4.8,254.721,0.00115727,0
47.8675,149.169,4.8,183.213,0.00207919,0
312.417,148.532,5.70819,1.15007,0.0172323,0
392.148,148.133,5.70819,7.40784,0.0118118,0
273.827,149.703,4.8,72.9072,0.00128908,0
524.773,149.875,4.8,349.766,0.00262182,0
210.179,152.839,5.70819,14.3583,0.00350931,0
385.58,152.898,4.8,63.4195,0.00195714,0
318.321,155.222,5.70819,358.943,0.00728739,0
307.292,156.464,5.70819,355.818,0.00211155,0
217.334,156.182,5.70819,6.16893,0.00381003,0
58.113,157.123,4.8,174.556,0.00138081,0
247.443,155.956,5.70819,180.232,0.00286484,0
254.105,158.595,4.8,168.235,0.0022638,0
262.686,158.632,4.8,144.909,0.00196414,0
275.951,160.349,4.8,115.503,0.00151889,0
318.467,159.796,4.8,3.18114,0.00245209,0
369.87,159.84,5.70819,65.5814,0.0018371,0
80.3291,162.113,5.70819,355.031,0.00279088,0
188.336,161.628,4.8,10.8764,0.00301514,0
169.124,161.573,5.70819,354.087,0.00402767,0
178.643,163.817,4.8,250.852,0.00105451,0
195.714,164.455,5.70819,8.53892,0.00444875,0
339.701,164.125,4.8,164.427,0.00619913,0
349.625,162.822,5.70819,99.4073,0.00523773,0
251.199,164.804,4.8,175.213,0.00519976,0
363.43,164.164,5.70819,74.7985,0.004549,0
623.827,165.24,5.70819,68.003,0.00199851,0
274.117,165.656,4.8,256.732,0.00185269,0
313.749,165.684,5.70819,357.209,0.00702411,0
636.568,165.173,5.70819,146.246,0.00139313,0
243.51,165.542,5.70819,177.455,0.0103431,0
264.371,167.886,4.8,212.163,0.0018115,0
335.479,168.542,4.8,172.708,0.00136541,0
735.785,167.966,4.8,357.705,0.00103559,0
170.262,168.996,4.8,358.925,0.0014323,0
343.393,168.88,4.8,160.981,0.00627972,0
319.141,170.157,4.8,2.12841,0.00656717,0
358.524,172.055,5.70819,241.427,0.00581014,0
258.51,173.167,4.8,192.362,0.00172775,0
347.43,173.484,4.8,82.5464,0.00782139,0
248.163,175.288,5.70819,171.93,0.0026674,0
268.212,175.659,4.8,83.9318,0.00152293,0
77.8043,177.699,5.70819,349.741,0.00376762,0
144.576,176.876,4.8,10.9511,0.00197986,0
338.988,175.85,5.70819,239.957,0.00509243,0
181.528,178.467,5.70819,6.45504,0.00152822,0
279.59,176.682,5.70819,89.0695,0.00142268,0
177.445,178.476,5.70819,4.95103,0.00131584,0
638.429,178.949,4.8,61.3206,0.00105321,0
345.307,179.751,5.70819,238.696,0.00418536,0
651.058,179.428,5.70819,151.016,0.0021389,0
149.101,181.324,4.8,168.1,0.00132411,0
238.449,180.586,4.8,173.547,0.0012141,0
317.987,180.303,8.07261,349.554,0.00903459,0
332.837,180.737,5.70819,240.305,0.00251754,0
595.021,180.015,5.70819,169.729,0.00298815,0
219.266,180.764,5.70819,262.016,0.00505289,0
267.828,182.427,5.70819,82.0187,0.00167585,0
618.491,181.822,4.8,91.8544,0.00117744,0
626.675,182.381,4.8,100.402,0.00147144,0
635.326,182.384,4.8,73.9664,0.00145872,0
643.616,181.965,4.8,153.845,0.00472859,0
285.313,182.427,4.8,81.4779,0.00240424,0
602.868,182.791,4.8,63.2044,0.00154955,0
610.466,182.858,4.8,71.0629,0.00156671,0
243.146,184.303,4.8,173.519,0.00327584,0
297.586,183.716,5.70819,93.5247,0.00385391,0
234.465,185.545,4.8,195.131,0.00102703,0
277.024,186.369,4.8,49.9709,0.00114927,0
281.529,186.456,5.70819,85.5234,0.00214884,0
536.483,186.375,5.70819,350.563,0.00226304,0
221.219,187.384,4.8,264.923,0.00800858,0
133.488,188.816,4.8,82.367,0.00153142,0
145.153,188.496,4.8,174.36,0.00546193,0
177.57,189.612,5.70819,357.809,0.00292771,0
32.4848,190.941,4.8,276.191,0.00119748,0
225.676,190.986,4.8,268.377,0.00209957,0
231.405,189.959,5.70819,266.522,0.00486845,0
242.92,191.265,4.8,266.958,0.00511941,0
255.362,191.234,4.8,257.349,0.00260436,0
262.388,190.626,4.8,193.156,0.00178533,0
312.903,189.467,5.70819,344.152,0.0151688,0
208.901,191.54,4.8,239.061,0.0015823,0
217.175,191.62,4.8,263.393,0.00733344,0
268.119,192.032,4.8,8.24608,0.00111949,0
139.215,193.118,5.70819,90.2292,0.00339268,0
149.252,193.357,5.70819,172.556,0.00389483,0
125.871,193.884,5.70819,79.6216,0.00375159,0
202.664,193.945,4.8,241,0.00194873,0
477.173,193.63,4.8,236.943,0.00128422,0
79.6471,194.567,4.8,359.39,0.00378358,0
212.712,196.924,5.70819,252.975,0.00343708,0
269.548,197.734,5.70819,6.48759,0.00237659,0
48.9255,199.178,5.70819,178.726,0.00289876,0
198.002,195.124,5.70819,242.553,0.00882645,0
276.13,197.846,4.8,6.85764,0.0056687,0
84.1471,198.656,5.70819,356.892,0.00554325,0
145.014,199.827,5.70819,177.401,0.00588959,0
74.9349,200.113,4.8,359.521,0.00197722,0
48.007,201.675,4.8,181.557,0.00164894,0
538.659,201.294,5.70819,342.526,0.00274915,0
79.978,204.147,4.8,353.052,0.00686372,0
183.457,202.516,5.70819,245.723,0.00448747,0
288.285,204.458,4.8,71.5167,0.00369731,0
731.166,202.563,5.70819,14.3972,0.00532374,0
150.305,205.406,4.8,179.468,0.0010677,0
100.702,205.478,4.8,124.074,0.00158555,0
177.085,206.692,4.8,249.704,0.00277148,0
281.343,208.399,4.8,353.886,0.00142292,0
85.3645,209.952,5.70819,352.77,0.00345271,0
146.163,209.963,4.8,353.925,0.00218567,0
162.927,208.768,5.70819,0.402284,0.00312247,0
170.252,210.713,4.8,250.406,0.00360574,0
734.645,210.951,5.70819,11.3346,0.00641457,0
272.698,211.615,4.8,354.29,0.0036424,0
156.568,213.086,4.8,176.351,0.00113069,0
278.49,213.424,5.70819,263.211,0.00804549,0
80.5035,214.561,4.8,352.809,0.00379439,0
142.077,215.383,4.8,186.657,0.00108037,0
286.648,213.749,5.70819,252.412,0.00445815,0
766.756,215.833,5.70819,265.766,0.00488069,0
105.926,215.728,4.8,76.8924,0.00157371,0
727.87,218.372,5.70819,1.88523,0.00356015,0
86.2132,219.878,5.70819,347.233,0.00357619,0
101.673,219.758,5.70819,184.226,0.00283176,0
146.847,219.037,4.8,349.665,0.00356588,0
153.124,218.535,5.70819,57.6144,0.00231799,0
534.232,217.752,5.70819,355.458,0.00136592,0
76.5741,220.047,4.8,351.321,0.00103815,0
129.036,219.587,4.8,54.3082,0.00130441,0
184.354,220.595,5.70819,241.714,0.00486284,0
93.362,221.016,4.8,184.539,0.00192774,0
138.903,222.403,4.8,263.01,0.00191684,0
193.803,224.097,5.70819,247.529,0.00192787,0
87.4448,224.425,4.8,348.144,0.00202094,0
178.921,223.586,4.8,240.394,0.00119855,0
80.8512,224.757,4.8,346.87,0.00312351,0
132.561,225.632,5.70819,257.478,0.00542862,0
539.739,225.469,5.70819,0.14982,0.00261337,0
166.326,229.941,5.70819,242.236,0.00223153,0
81.3025,231.943,4.8,335.21,0.00183663,0
87.6843,232.196,5.70819,247.071,0.00131907,0
659.515,234.033,5.70819,154.298,0.00359587,0
834.205,232.979,5.70819,274.343,0.00742229,0
816.262,235.234,5.70819,265.383,0.0034376,0
825.417,236.395,5.70819,168.835,0.02013,0
864.328,236.779,4.8,289.214,0.00101762,0
104.423,239.046,5.70819,243.113,0.00214858,0
43.7894,241.395,5.70819,130.106,0.00174996,0
83.6693,242.302,4.8,258.687,0.0033487,0
833.003,242.873,5.70819,170.049,0.00448745,0
695.985,247.293,5.70819,181.683,0.00300126,0
817.663,244.718,5.70819,12.384,0.00784083,0
762.424,248.146,5.70819,223.392,0.00176757,0
845.773,249.821,5.70819,84.5012,0.00512864,0
827.776,249.731,5.70819,173.282,0.00413441,0
757.022,255.109,5.70819,209.314,0.00243438,0
835.423,256.215,5.70819,175.735,0.00186938,0
96.4035,263.217,5.70819,53.9677,0.00294879,0
477.746,263.689,4.8,124.743,0.00100453,0
619.086,262.704,5.70819,359.942,0.00237959,0
90.1156,264.586,4.8,63.6548,0.00408225,0
550.731,264.933,5.70819,85.7821,0.00212215,0
627.644,265.506,5.70819,274.963,0.00233708,0
707.762,266.829,5.70819,160.409,0.00165996,0
845.941,264.632,5.70819,0.274156,0.00194992,0
531.315,267.082,5.70819,81.3285,0.00200273,0
473.933,268.983,4.8,283.982,0.0022593,0
746.887,268.293,5.70819,194.459,0.00367467,0
759.425,269.827,5.70819,181.153,0.00274362,0
98.1528,270.039,4.8,58.3366,0.00130357,0
714.493,270.307,4.8,152.843,0.00214404,0
739.448,268.54,5.70819,350.582,0.00448794,0
781.079,269.776,5.70819,55.8032,0.00147152,0
819.59,270.911,4.8,359.857,0.00122505,0
837.962,271.069,8.07261,180.063,0.00415573,0
839.157,270.695,5.70819,178.998,0.00232069,0
85.0833,270.435,5.70819,62.782,0.00347328,0
525.546,271.804,4.8,86.5728,0.00113206,0
758.745,271.692,4.8,179.882,0.00144827,0
31.9635,273.585,4.8,97.1349,0.00190613,0
705.216,273.904,4.8,116.573,0.00159956,0
752.004,274.97,5.70819,183.777,0.00376822,0
845.139,275.283,4.8,6.79512,0.0030278,0
734.047,276.682,5.70819,353.638,0.00208082,0
36.5833,276.627,4.8,92.7689,0.00223343,0
673.974,277.114,4.8,75.5976,0.00174107,0
716.974,277.214,5.70819,122.482,0.00525375,0
53.0848,276.986,5.70819,88.6381,0.00403663,0
54.6469,277.793,4.8,83.8109,0.00144687,0
29.9714,279.314,4.8,102.926,0.00690791,0
70.9684,277.862,5.70819,84.1398,0.00440671,0
87.8757,278.574,5.70819,70.0961,0.00248736,0
96.3895,279.857,5.70819,235.528,0.00342404,0
44.0734,279.943,5.70819,88.3092,0.00797078,0
776.322,280.481,4.8,267.286,0.00293759,0
62.4192,281.738,5.70819,93.6969,0.0104092,0
409.191,281.121,4.8,262.103,0.00127642,0
653.833,280.586,5.70819,107.381,0.0017069,0
747.697,280.688,4.8,172.018,0.00143509,0
824.253,281.025,4.8,349.494,0.00130109,0
79.3738,280.697,5.70819,72.2575,0.00161115,0
399.236,281.282,5.70819,267.781,0.00164342,0
828.447,281.254,5.70819,185.594,0.00427264,0
846.184,280.344,5.70819,279.169,0.00948286,0
77.1143,282.822,4.8,69.3939,0.00143458,0
740.761,282.467,5.70819,355.546,0.00425464,0
85.552,283.86,4.8,241.066,0.00243951,0
497.519,283.817,5.70819,303.052,0.00278717,0
632.938,284.723,5.70819,357.192,0.00211098,0
753.245,284.44,5.70819,174.362,0.00266415,0
53.2692,284.905,4.8,84.6159,0.0042499,0
507.524,285.411,5.70819,319.691,0.0013729,0
80.6876,287.2,4.8,241.695,0.00332253,0
38.3948,288.035,4.8,86.532,0.00265086,0
640.144,288.136,4.8,357.801,0.00239956,0
765.925,286.881,5.70819,108.109,0.00221359,0
777.641,287.766,5.70819,100.055,0.00706486,0
818.497,287.841,5.70819,83.3253,0.0308706,0
58.8242,289.758,5.70819,262.488,0.00150246,0
325.999,289.785,5.70819,94.7013,0.00145106,0
806.54,288.505,5.70819,90.2867,0.00484396,0
834.872,288.167,5.70819,99.4984,0.02869,0
85.4353,290.143,4.8,93.634,0.00120129,0
139.37,289.934,4.8,95.9449,0.00116155,0
317.711,292.507,5.70819,110.795,0.00153596,0
734.283,291.94,5.70819,356.078,0.0042518,0
826.556,293.033,5.70819,90.5553,0.00463267,0
730.691,291.769,4.8,356.707,0.00133538,0
518.331,292.986,5.70819,315.067,0.0073139,0
799.647,294.017,5.70819,92.5645,0.00179228,0
460.873,294.097,5.70819,123.219,0.00176657,0
735.953,294.756,4.8,359.342,0.00132709,0
760.945,294.802,5.70819,347.577,0.00699002,0
144.705,295.786,5.70819,106.061,0.00213852,0
260.048,297.43,4.8,29.5934,0.00104137,0
816.396,297.254,5.70819,88.8704,0.00356985,0
271.577,297.547,5.70819,35.5888,0.00217455,0
842.565,297.745,5.70819,93.0089,0.00478217,0
864.73,298.04,4.8,91.9929,0.00277571,0
499.135,299.849,4.8,305.12,0.00137355,0
849.016,298.534,5.70819,90.2675,0.0029565,0
467.31,301.01,5.70819,137.043,0.0034112,0
756.59,301.657,5.70819,344.326,0.00440996,0
836.09,301.107,4.8,280.123,0.00170106,0
145.226,302.344,4.8,282.696,0.00298889,0
164.222,301.532,5.70819,136.192,0.00202781,0
172.122,301.811,4.8,36.0217,0.00296248,0
526.677,302.508,4.8,315.856,0.00190818,0
832.068,302.426,5.70819,273.568,0.00330172,0
869.011,301.604,4.8,265.708,0.00150309,0
742.478,303.394,5.70819,338.339,0.00506898,0
818.419,303.22,4.8,259.221,0.00330387,0
854.971,302.973,4.8,267.558,0.00374614,0
810.819,303.792,4.8,261.594,0.00611828,0
151.33,305.132,4.8,292.719,0.00444718,0
846.897,305.311,4.8,270.316,0.00281168,0
158.915,307.011,4.8,135.928,0.00447232,0
466.512,308.283,5.70819,292.886,0.00137605,0
838.199,306.836,4.8,277.729,0.00216239,0
205.946,308.272,4.8,83.8489,0.00208728,0
755.138,309.151,4.8,183.252,0.00206274,0
819.957,308.749,4.8,252.378,0.0015861,0
170.886,309.599,4.8,185.441,0.00138731,0
653.904,309.075,5.70819,314.691,0.00234106,0
812.364,309.904,4.8,260.225,0.00148885,0
200.775,311.149,4.8,293.864,0.00718678,0
647.345,309.361,5.70819,329.872,0.00371744,0
730.826,310.706,4.8,308.951,0.00188598,0
499.765,312.172,4.8,306.962,0.00131015,0
763.066,309.773,5.70819,344.551,0.00337386,0
749.84,312.801,4.8,304.943,0.00282011,0
755.487,313.28,4.8,182.774,0.00152787,0
804.202,316.09,5.70819,261.461,0.00186605,0
833.942,314.217,4.8,53.8147,0.0011772,0
724.677,314.15,5.70819,269.915,0.00367421,0
816.827,314.735,4.8,257.163,0.00159157,0
210.035,316.22,4.8,263.676,0.00259102,0
782.081,315.755,4.8,260.255,0.00247683,0
789.135,316.431,4.8,274.25,0.00104932,0
769.995,317.272,4.8,273.822,0.00129644,0
563.526,318.064,5.70819,292.461,0.00441257,0
588.539,316.664,5.70819,265.555,0.00259381,0
804.2,318.868,4.8,248.169,0.00135869,0
857.278,320.44,4.8,283.971,0.00122664,0
223.235,322.156,4.8,207.694,0.00353744,0
607.883,322.529,5.70819,265.921,0.00112975,0
767.141,322.001,4.8,281.09,0.00115412,0
582.883,324.872,5.70819,262.663,0.0070011,0
541.263,324.141,4.8,293.167,0.00107508,0
690.667,324.458,5.70819,277.534,0.00268756,0
252.379,324.839,4.8,250.984,0.00182244,0
292.956,324.373,5.70819,265.941,0.00143933,0
309.983,323.104,5.70819,273.7,0.00307103,0
867.509,324.652,4.8,171.177,0.00159874,0
213.423,326.954,5.70819,231.378,0.00227627,0
482.508,326.189,5.70819,331.452,0.0039917,0
564.86,326.447,5.70819,289.412,0.00573587,0
573.223,325.831,4.8,297.327,0.00180507,0
587.575,326.267,4.8,276.506,0.00160147,0
801.579,326.394,4.8,221.016,0.00204003,0
272.796,328.153,5.70819,256.817,0.00857096,0
284.708,331.164,5.70819,258.044,0.00437847,0
322.804,327.631,5.70819,305.355,0.00368276,0
607.241,327.646,5.70819,282.095,0.00135096,0
832.095,329.425,4.8,231.981,0.00109301,0
228.963,330.25,4.8,293.442,0.00155588,0
305.694,331.148,5.70819,273.327,0.00446844,0
521.736,330.601,5.70819,290.454,0.00604111,0
546.975,329.62,4.8,281.399,0.00314545,0
851.304,331.439,4.8,287.663,0.00114338,0
282.57,331.724,4.8,251.734,0.00183488,0
858.317,331.668,4.8,285.138,0.00127659,0
203.585,330.912,5.70819,238.443,0.00479316,0
654.06,332.89,5.70819,335.857,0.00954438,0
772.355,332.28,5.70819,332.971,0.00213121,0
222.013,333.989,5.70819,220.83,0.00211726,0
174.689,335.262,4.8,9.18981,0.00494044,0
269.353,336.878,5.70819,266.347,0.00292947,0
325.423,336.216,4.8,303.749,0.00171246,0
332.522,335.609,5.70819,309.402,0.00288476,0
487.246,337.15,4.8,265.618,0.0012631,0
814.853,337.937,5.70819,251.208,0.00122991,0
843.168,337.267,4.8,338.187,0.00142036,0
703.594,337.991,5.70819,247.99,0.00141784,0
787.035,337.874,4.8,288.349,0.00162319,0
799.344,337.928,4.8,259.618,0.0015496,0
856.479,338.166,5.70819,297.087,0.00175242,0
773.956,338.912,4.8,274.247,0.00220685,0
824.711,338.759,4.8,214.447,0.00211305,0
559.357,340.178,4.8,65.8137,0.00117757,0
174.054,341.108,4.8,283.08,0.00129298,0
303.197,340.368,5.70819,92.9541,0.00157905,0
869.231,340.662,4.8,311.112,0.00367963,0
319.103,340.763,5.70819,99.4551,0.002392,0
330.512,342.92,4.8,318.885,0.00192816,0
863.938,343.436,4.8,193.462,0.00208305,0
827.129,343.521,4.8,210.886,0.00248441,0
708.988,344.846,5.70819,80.4077,0.00177382,0
758.277,346.699,5.70819,327.864,0.0017901,0
815.343,344.753,4.8,243.725,0.00290135,0
730.707,347.197,5.70819,94.3605,0.00158299,0
713.569,348.534,4.8,81.5154,0.00104677,0
787.432,347.983,4.8,280.283,0.00112789,0
797.329,348.379,4.8,260.073,0.00165348,0
239.034,348.795,4.8,345.577,0.00123849,0
704.129,350.021,4.8,5.38352,0.00637187,0
771.407,349.432,5.70819,340.514,0.00547303,0
271.417,350.87,5.70819,78.8539,0.00312886,0
501.889,350.869,4.8,88.3555,0.00187947,0
843.51,351.086,4.8,29.1563,0.00231027,0
496.126,352.375,4.8,86.3683,0.0015001,0
508.723,352.333,4.8,215.946,0.00152198,0
671.925,352.341,4.8,247.32,0.00200048,0
483.663,352.677,4.8,297.002,0.00307102,0
570.989,354.445,5.70819,165.167,0.00464283,0
849.746,352.824,4.8,25.8811,0.00351807,0
490.594,353.427,4.8,273.923,0.00190615,0
639.009,354.329,4.8,273.083,0.00186536,0
651.632,354.612,5.70819,260.662,0.00164829,0
868.929,354.055,4.8,185.506,0.0023061,0
730.548,354.123,5.70819,241.591,0.00171986,0
822.792,357.288,4.8,330.945,0.00123028,0
828,357.396,4.8,183.182,0.00212788,0
833.205,357.309,4.8,108.065,0.00135222,0
252.04,358.129,5.70819,284.372,0.00364657,0
713.803,358.119,4.8,261.354,0.00161423,0
864.65,357.737,4.8,191.047,0.00121711,0
705.491,357.87,5.70819,265.932,0.00620517,0
846.632,360.179,4.8,246.084,0.00113609,0
572.051,359.925,5.70819,173.946,0.0067718,0
666.837,360.993,4.8,330.27,0.0019972,0
764.709,361.389,5.70819,345.664,0.00271552,0
694.93,361.999,4.8,255.015,0.00496781,0
772.919,362.594,5.70819,358.085,0.0042642,0
840.706,361.993,4.8,248.284,0.00128717,0
866.86,361.858,4.8,236.439,0.00114915,0
689.368,362.857,4.8,344.792,0.00347267,0
711.578,362.904,5.70819,263.157,0.00180078,0
854.715,362.675,4.8,251.285,0.00302427,0
740.625,363.949,4.8,86.5948,0.0012545,0
849.048,363.656,4.8,244.44,0.00179064,0
189.106,364.983,4.8,73.7054,0.00138458,0
279.628,366.094,5.70819,275.116,0.00151982,0
701.597,364.499,5.70819,267.146,0.00237888,0
793.3,365.164,4.8,240.207,0.00103292,0
194.408,365.845,4.8,86.4221,0.00121359,0
499.607,365.527,4.8,83.2872,0.00256971,0
729.713,365.808,4.8,251.339,0.00230235,0
865.834,366.298,4.8,241.287,0.00116285,0
185.087,367.031,4.8,77.2844,0.0013556,0
236.725,367.279,4.8,109.581,0.00106986,0
179.207,367.639,4.8,79.9856,0.00137939,0
216.517,368.536,5.70819,115.833,0.00268601,0
224.346,368.269,4.8,124.476,0.00110049,0
719.186,368.029,4.8,260.448,0.00364139,0
168.672,368.075,5.70819,80.1966,0.00155949,0
845.694,368.661,4.8,229.759,0.0045372,0
228.689,368.837,5.70819,116.428,0.0034673,0
370.086,369.122,5.70819,289.823,0.00175727,0
528.107,371.663,5.70819,156.829,0.00180793,0
705.199,370.449,4.8,274.382,0.00246169,0
773.488,372.506,5.70819,6.60469,0.0020581,0
804.701,371.109,4.8,87.8782,0.00262255,0
792.336,371.545,4.8,49.2264,0.00401983,0
242.662,373.98,5.70819,113.778,0.00217424,0
817.531,374.415,4.8,158.831,0.00260125,0
846.478,373.612,4.8,232.503,0.00210258,0
865.624,373.463,4.8,233.917,0.0032424,0
285.471,375.645,4.8,304.594,0.00319195,0
470.953,376.292,5.70819,70.1069,0.00161495,0
780.642,376.194,5.70819,17.1988,0.00348544,0
854.871,376.051,4.8,227.453,0.00231823,0
371.637,378.53,5.70819,290.597,0.00198463,0
841.461,376.576,4.8,227.213,0.00113249,0
832.924,377.757,4.8,39.9794,0.00102646,0
478.318,379.481,5.70819,71.5609,0.00178125,0
409.509,380,5.70819,258.644,0.00914479,0
789.79,380.14,4.8,35.5863,0.00214012,0
772.434,379.86,5.70819,22.4499,0.00218313,0
784.361,381.005,4.8,24.4358,0.00239217,0
801.272,381.176,4.8,268.095,0.00142336,0
225.13,382.049,5.70819,108.398,0.00144956,0
852.486,381.983,4.8,214.872,0.00158492,0
381.497,382.981,4.8,270.158,0.00124314,0
465.537,383.212,5.70819,347.721,0.00449332,0
810.478,382.189,5.70819,267.051,0.00485503,0
529.3,384.461,5.70819,164.575,0.00478963,0
820.082,384.978,4.8,274.388,0.00112978,0
516.099,385.232,5.70819,257.437,0.00209309,0
800.076,386.062,4.8,266.677,0.00291099,0
828.189,386.41,4.8,275.115,0.00183972,0
185.331,386.74,5.70819,54.1265,0.00347593,0
376.488,387.027,4.8,268.987,0.00321356,0
382.068,386.781,4.8,265.521,0.00180764,0
499.439,387.9,4.8,258.764,0.00134504,0
772.466,387.559,4.8,31.6694,0.0045242,0
789.986,386.257,5.70819,267.329,0.00341386,0
472.675,388.918,4.8,344.005,0.00116837,0
489.294,388.395,5.70819,264.925,0.00264362,0
840.176,389.316,5.70819,266.952,0.00170579,0
479.628,390.864,5.70819,270.287,0.00189425,0
573.509,391.342,5.70819,135.718,0.00320822,0
835.995,391.618,4.8,284.243,0.00141305,0
467.913,393.236,5.70819,339.027,0.00159321,0
257.074,395.767,4.8,102.804,0.00166556,0
265.302,395.738,5.70819,136.38,0.00695416,0
262.649,402.662,4.8,155.51,0.00101962,0
536.139,403.169,5.70819,263.534,0.00200017,0
756.939,406.776,4.8,70.7046,0.00380405,0
589.709,409.031,5.70819,154.614,0.00191467,0
750.691,411.316,5.70819,56.1175,0.00160586,0
281.492,411.917,4.8,165.849,0.00104949,0
254.89,419.173,4.8,267.276,0.00123476,0
274.113,418.243,8.07261,168.723,0.0139294,0
594.565,421.202,5.70819,174.366,0.00154143,0
260.916,421.252,5.70819,265.402,0.0016511,0
270.951,421.809,4.8,259.879,0.00225938,0
371.397,423.332,5.70819,305.312,0.00788323,0
265.971,427.035,4.8,263.545,0.00195235,0
204.553,427.492,4.8,270.584,0.00117246,0
229.153,436.045,5.70819,262.928,0.00142907,0
274.334,447.512,5.70819,345.875,0.00137124,0
309.786,445.903,5.70819,356.16,0.00143905,0
322.887,448.736,4.8,157.724,0.00192695,0
306.641,452.599,5.70819,343.081,0.00490571,0
310.104,454.259,4.8,114.961,0.00256632,0
320.033,453.894,4.8,152.22,0.00241424,0
282.091,468.011,8.07261,76.0176,0.00491495,0
291.401,465.134,5.70819,148.518,0.00242994,0
323.147,472.943,4.8,161.383,0.00435612,0
52.1355,477.873,5.70819,9.09835,0.00174063,0
292.907,479.17,5.70819,159.965,0.00387081,0
145.34,480.84,5.70819,187.608,0.00333157,0
326.794,484.618,5.70819,179.198,0.00239951,0
58.5155,492.075,4.8,268.584,0.00141316,0
54.347,495.988,5.70819,345.608,0.0035612,0
147.739,47.0554,5.70819,48.2324,0.00233575,0
421.967,47.1662,6.78823,197.552,0.00110894,0
536.064,48.4718,5.70819,176.955,0.00106297,0
172.12,49.4557,5.70819,50.2271,0.00109502,0
130.774,53.1787,5.70819,274.313,0.00107634,0
779.294,52.9859,5.70819,65.6694,0.00193004,0
62.1489,57.2546,5.70819,352.348,0.00115758,0
172.975,57.6092,5.70819,49.0496,0.00164816,0
216.322,57.6907,5.70819,52.0837,0.00170071,0
241.785,58.2431,5.70819,180.661,0.00117489,0
142.971,60.5818,5.70819,272.523,0.00109621,0
273.831,61.6196,5.70819,225.533,0.0013094,0
835.314,64.9517,5.70819,174.363,0.00116706,0
346.018,67.0271,5.70819,207.86,0.001093,0
211.759,72.173,5.70819,352.211,0.00343365,0
73.431,74.4017,5.70819,175.685,0.00325865,0
538.662,82.0986,5.70819,178.144,0.00100946,0
767.152,84.7905,5.70819,358.176,0.0017284,0
389.274,88.5078,8.07261,349.332,0.00227577,0
206.96,90.6335,5.70819,178.8,0.00147317,0
825.037,93.0162,5.70819,188.942,0.00116446,0
835.17,99.4728,5.70819,90.541,0.0230763,0
207.05,106.295,5.70819,177.798,0.00158577,0
826.684,108.145,5.70819,85.5417,0.00133112,0
759.049,108.881,5.70819,1.4027,0.00187612,0
184.016,111.11,5.70819,351.053,0.00106784,0
172.848,119.647,5.70819,357.549,0.00103544,0
583.614,119.565,5.70819,151.111,0.00134389,0
768.587,120.31,5.70819,100.916,0.00269195,0
77.3308,126.53,5.70819,351.846,0.00220041,0
125.535,130.506,5.70819,273.481,0.00315014,0
273.267,142.247,5.70819,204.799,0.00106295,0
415.003,141.997,5.70819,241.141,0.00303354,0
655.544,142.498,5.70819,323.104,0.00102977,0
267.085,147.81,5.70819,208.314,0.00134977,0
402.066,147.788,5.70819,242.255,0.00326858,0
533.18,147.949,5.70819,347.291,0.00152432,0
440.41,153.573,5.70819,91.6965,0.00123809,0
668.821,154.013,5.70819,347.347,0.00101254,0
380.103,160.135,8.07261,62.4478,0.00303272,0
534.854,162.557,5.70819,351.807,0.00207258,0
664.836,163.114,5.70819,350.334,0.00151907,0
80.7909,169.002,6.78823,349.849,0.00216544,0
659.55,172.537,5.70819,355.902,0.00115933,0
238.321,175.756,5.70819,183.222,0.00112081,0
630.945,175.975,5.70819,113.332,0.00145168,0
362.774,179.712,5.70819,242.245,0.00107278,0
322.331,186.387,5.70819,349.764,0.00244892,0
323.285,188.586,8.07261,243.578,0.00744809,0
290.08,191.485,5.70819,190.467,0.0021785,0
237.905,195.785,5.70819,266.812,0.0012333,0
720.384,202.968,5.70819,22.3807,0.00109095,0
94.2695,204.089,5.70819,177.473,0.00105017,0
179.012,203.763,5.70819,249.582,0.00512398,0
193.151,204.934,5.70819,244.007,0.00120438,0
295.366,206.271,5.70819,243.194,0.00128889,0
94.5012,214.319,5.70819,179.964,0.00100283,0
201.524,217.649,5.70819,260.394,0.0011537,0
665.81,221.176,5.70819,171.28,0.00102474,0
102.641,226.807,5.70819,220.564,0.00125698,0
736.445,231.023,5.70819,358.914,0.00126194,0
143.645,236.625,5.70819,59.1792,0.00104934,0
153.676,237.049,5.70819,241.513,0.00139368,0
52.6733,239.779,5.70819,127.469,0.00116134,0
138.232,245.959,5.70819,241.991,0.00168005,0
803.129,256.708,5.70819,68.7024,0.00104148,0
91.1762,257.727,5.70819,48.3958,0.00107234,0
652.85,265.381,5.70819,172.676,0.00134619,0
544.727,271.197,5.70819,81.9798,0.00153105,0
283.145,273.286,5.70819,66.0443,0.0013977,0
274.992,274.921,5.70819,60.561,0.00153551,0
343.788,277.62,5.70819,98.0173,0.00152317,0
686.919,283.387,5.70819,84.8893,0.00146038,0
461.781,283.93,5.70819,118.851,0.00118709,0
419.807,287.105,5.70819,252.305,0.00103384,0
129.379,288.371,5.70819,94.6161,0.00109481,0
590.329,288.48,5.70819,118.48,0.00151606,0
642.724,287.897,5.70819,357.45,0.00567678,0
851.284,289.116,5.70819,90.5778,0.00220275,0
291.796,290.244,5.70819,42.7256,0.00127423,0
747.572,292.491,5.70819,353.763,0.00137426,0
42.9092,295.487,5.70819,260.922,0.00126273,0
332.547,296.976,5.70819,175.351,0.00189418,0
691.869,301.985,5.70819,289.458,0.00122581,0
520.243,302.539,5.70819,313.007,0.00105815,0
216.119,304.108,5.70819,160.36,0.00101745,0
156.246,306.166,5.70819,132.222,0.00727126,0
537.061,306.689,5.70819,321.35,0.00183617,0
774.735,312.093,5.70819,266.831,0.00124872,0
158.995,315.908,5.70819,282.56,0.00107633,0
199.722,319.028,5.70819,306.212,0.00122231,0
734.237,318.951,5.70819,309.814,0.00132487,0
548.655,321.425,5.70819,278.536,0.00194334,0
722.456,322.016,5.70819,271.603,0.00116352,0
155.505,324.651,5.70819,334.964,0.00128041,0
780.63,324.493,5.70819,267.349,0.00129571,0
595.547,330.598,5.70819,270.172,0.00182862,0
480.884,336.482,5.70819,276.572,0.00104508,0
625.518,338.527,5.70819,279.421,0.0012017,0
616.065,339.546,5.70819,286.635,0.00100648,0
327.032,341.714,5.70819,309.556,0.00346415,0
546.462,346.056,5.70819,281.319,0.00100089,0
282.612,347.475,5.70819,89.1316,0.00108556,0
834.706,347.145,5.70819,63.1888,0.00111205,0
696.98,353.891,5.70819,2.18069,0.00163421,0
275.507,359.195,5.70819,276.308,0.00109181,0
582.21,359.68,5.70819,172.16,0.00102513,0
692.362,362.485,5.70819,339.644,0.00812667,0
297.262,367.289,5.70819,270.238,0.00120053,0
360.903,374.916,5.70819,284.503,0.00119055,0
394.274,383.973,5.70819,272.785,0.00125765,0
379.126,385.534,5.70819,272.718,0.00537383,0
202.343,389.623,5.70819,73.9418,0.00128127,0
522.896,390.403,5.70819,258.335,0.00116026,0
819.079,390.937,5.70819,269.885,0.00118747,0
829.96,392.894,5.70819,284.307,0.00125145,0
759.568,395.696,5.70819,48.228,0.00123029,0
763.508,403.081,5.70819,50.8696,0.00168927,0
274.723,408.891,6.78823,160.727,0.00110808,0
248.304,419.157,5.70819,261.451,0.00105049,0
228.948,427.112,5.70819,263.704,0.00109928,0
315.15,433.981,5.70819,352.566,0.00145394,0
209.626,463.17,5.70819,259.867,0.00170993,0
266.579,464.831,5.70819,72.457,0.00108639,0
99.8515,468.847,5.70819,83.1759,0.00120584,0
229.75,474.898,5.70819,74.4444,0.0012328,0
118.451,484.971,5.70819,260.072,0.00103345,0
318.233,487.949,5.70819,322.506,0.00119666,0
82.9388,490.112,5.70819,259.057,0.00122986,0
679.172,491.116,5.70819,108.175,0.0012044,0
70.2428,492.217,5.70819,261.265,0.00135582,0
707.892,501.182,5.70819,98.7462,0.00131384,0
713.975,501.807,5.70819,103.955,0.00131217,0
491.471,43.936,6.78823,345.718,0.00212276,0
217.132,48.1876,6.78823,56.609,0.00226772,0
316.431,49.4952,6.78823,216.975,0.00234128,0
327.099,50.2407,6.78823,17.9423,0.00252142,0
333.821,53.4295,6.78823,17.6847,0.00404596,0
138.768,54.1342,6.78823,270.953,0.00204796,0
419.257,56.9916,6.78823,193.204,0.00118164,0
317.584,60.2643,6.78823,38.6483,0.00389286,0
287.03,61.0238,6.78823,241.285,0.00194498,0
62.7558,61.0043,8.07261,349.466,0.00182271,0
292.431,65.4237,6.78823,312.399,0.00115323,0
69.9531,66.0927,6.78823,0.229364,0.00209133,0
531.295,66.3088,6.78823,177.917,0.00132835,0
299.521,68.1017,6.78823,208.525,0.00120943,0
286.109,70.1431,6.78823,309.333,0.00116361,0
292.042,72.4836,6.78823,342.406,0.00174187,0
182.231,73.2724,6.78823,16.0734,0.00120229,0
59.3879,79.4371,6.78823,344.036,0.00175726,0
283.08,78.7006,6.78823,308.439,0.00344172,0
312.754,81.4554,6.78823,44.6871,0.00166016,0
212.11,83.5676,6.78823,345.693,0.00191905,0
266.282,88.7519,6.78823,214.461,0.00202996,0
828.893,89.3534,6.78823,197.859,0.00106863,0
118.619,89.5541,6.78823,81.9298,0.00201105,0
141.615,89.9923,6.78823,152.24,0.0013309,0
232.117,94.3577,6.78823,174.043,0.00199024,0
809.967,94.3101,6.78823,263.565,0.00135624,0
219.309,95.0836,6.78823,17.6862,0.001011,0
139.615,96.5488,6.78823,156.785,0.00105427,0
215.387,96.1686,8.07261,178.599,0.00113424,0
246.308,99.9767,6.78823,177.245,0.00156931,0
250.526,107.822,8.07261,175.666,0.00164947,0
260.271,108.606,6.78823,177.134,0.00151309,0
223.234,110.789,6.78823,58.2617,0.00179411,0
503.264,114.046,6.78823,0.105567,0.00173962,0
320.117,115.224,6.78823,0.00560131,0.00106422,0
198.867,119.272,6.78823,226.843,0.00100219,0
247.035,121.148,6.78823,175.195,0.00230994,0
140.534,131.066,6.78823,271.279,0.00699887,0
487.063,132.106,8.07261,23.5501,0.00245498,0
419.248,133.827,6.78823,168.723,0.00717351,0
756.569,135.628,6.78823,89.3047,0.00421135,0
317.341,139.638,6.78823,3.63844,0.00381964,0
259.104,143.591,6.78823,201.916,0.00162761,0
74.9139,148.627,6.78823,354.879,0.00278049,0
49.1487,150.005,6.78823,186.906,0.00182456,0
255.121,158.27,6.78823,180.6,0.00165833,0
188.056,162.066,6.78823,12.604,0.00266775,0
339.355,162.521,6.78823,161.271,0.00410671,0
251.356,164.614,6.78823,181.788,0.00419298,0
343.826,168.72,6.78823,158.179,0.00488864,0
319.52,170.266,6.78823,355.907,0.00392572,0
348.241,173.616,6.78823,236.589,0.00358182,0
143.995,176.806,6.78823,159.511,0.00169372,0
149.488,181.508,6.78823,164.341,0.00118315,0
642.951,181.654,6.78823,146.533,0.00413734,0
282.556,185.387,8.07261,84.9951,0.00317999,0
144.547,187.375,6.78823,164.158,0.00490975,0
222.405,186.824,6.78823,262.636,0.00374748,0
132.817,187.952,6.78823,86.8024,0.00109913,0
243.795,187.9,8.07261,260.302,0.00494129,0
262.969,190.227,6.78823,1.6582,0.00143217,0
217.462,191.28,6.78823,261.458,0.00212536,0
254.805,190.859,6.78823,252.89,0.00176822,0
79.0215,192.732,6.78823,1.00077,0.00323651,0
277.156,199.441,8.07261,7.90184,0.00515284,0
289.248,202.71,6.78823,77.8646,0.0029195,0
79.8386,204.816,6.78823,352.669,0.00547686,0
96.5499,204.71,8.07261,176.554,0.00175627,0
170.289,209.418,6.78823,0.105617,0.00126637,0
271.351,210.051,6.78823,354.944,0.00309549,0
80.0513,214.764,6.78823,350.141,0.00259509,0
146.179,218.928,6.78823,247.443,0.00127842,0
80.3806,224.492,6.78823,344.598,0.00189703,0
80.3694,231.576,6.78823,346.701,0.00154015,0
83.9817,242.238,6.78823,252.406,0.00297102,0
473.732,269.32,6.78823,277.191,0.00145132,0
714.865,269.024,6.78823,126.928,0.00184989,0
817.168,271.535,8.07261,353.967,0.00139193,0
525.587,272.396,6.78823,86.4881,0.00104847,0
673.704,277.722,6.78823,74.118,0.00144782,0
777.667,279.57,6.78823,265.791,0.00265176,0
408.28,280.844,6.78823,258.076,0.00103483,0
52.5167,285.684,6.78823,89.1307,0.00284658,0
81.3451,287.185,6.78823,80.1782,0.00150312,0
497.982,298.574,8.07261,318.129,0.00119171,0
172.54,301.168,6.78823,181.614,0.00209799,0
144.035,303.376,6.78823,289.255,0.00218394,0
855.94,303.211,6.78823,268.618,0.002551,0
810.708,303.576,6.78823,258.12,0.00361293,0
846.423,305.693,6.78823,270.904,0.00256896,0
731.068,309.927,6.78823,311.258,0.00143112,0
755.263,310.142,6.78823,334.713,0.00184321,0
201.418,310.577,6.78823,305.93,0.00548052,0
748.817,312.857,6.78823,307.188,0.00175305,0
210.418,315.884,6.78823,162.743,0.00135168,0
783.619,316.351,8.07261,267.289,0.00164928,0
817.218,315.548,6.78823,252.186,0.00106186,0
223.513,321.973,6.78823,216.497,0.00128322,0
252.743,324.952,6.78823,264.461,0.00108659,0
540.898,325.081,6.78823,288.621,0.00100331,0
546.065,328.909,6.78823,275.068,0.00278701,0
174.786,335.084,6.78823,150.078,0.00249517,0
785.929,337.632,8.07261,281.484,0.00153133,0
799.196,337.893,6.78823,270.235,0.00119856,0
823.406,338.772,6.78823,228.396,0.00108085,0
773.289,339.931,6.78823,335.51,0.0012148,0
828.453,342.664,6.78823,223.403,0.00206456,0
815.417,345.11,6.78823,258.256,0.00141906,0
797.759,348.368,6.78823,266.403,0.00114184,0
484.075,352.39,6.78823,74.4917,0.00119122,0
705.525,354.787,8.07261,267.515,0.00741183,0
843.011,351.939,6.78823,99.6198,0.00206863,0
671.682,352.61,6.78823,221.517,0.0015371,0
490.181,352.762,8.07261,78.6782,0.00190905,0
638.673,354.68,6.78823,279.738,0.00165048,0
667.322,360.941,6.78823,328.708,0.0013584,0
855.038,361.809,6.78823,223.027,0.00142876,0
741.644,363.518,6.78823,248.722,0.00100383,0
499.142,365.287,6.78823,81.2716,0.0014596,0
195.54,365.566,6.78823,85.4484,0.00105788,0
729.027,365.951,6.78823,255.412,0.00144826,0
182.086,366.243,8.07261,77.4322,0.00131578,0
719.389,368.079,6.78823,260.083,0.00257009,0
845.494,368.623,6.78823,219.032,0.00146474,0
706.375,370.231,6.78823,264.176,0.00203971,0
792.099,371.685,6.78823,39.9588,0.0034876,0
816.976,374.639,6.78823,268.852,0.00193847,0
285.349,375.665,6.78823,276.653,0.00266416,0
856.294,376.055,6.78823,227.882,0.0014818,0
827.264,385.526,6.78823,274.56,0.00122621,0
499.066,387.821,6.78823,260.537,0.00111051,0
773.028,387.633,6.78823,30.0348,0.00321563,0
756.133,406.657,6.78823,56.111,0.00141408,0
253.285,418.84,6.78823,266.5,0.0010458,0
265.438,430.539,8.07261,260.158,0.00222824,0
322.503,447.012,6.78823,161.496,0.00140865,0
322.926,474.113,6.78823,161.152,0.0037401,0
203.714,58.461,8.07261,24.9577,0.00175347,0
73.8581,59.2245,8.07261,175.495,0.00117012,0
173.186,58.7444,8.07261,46.024,0.00162215,0
142.285,60.8098,8.07261,272.715,0.00123293,0
213.345,61.1805,8.07261,179.668,0.00470556,0
772.473,61.1006,8.07261,0.407574,0.00189857,0
273.397,61.4653,8.07261,234.151,0.00123014,0
335.303,62.1412,8.07261,25.7551,0.00375962,0
191.286,64.1227,8.07261,37.1158,0.0014722,0
152.103,65.0059,8.07261,20.1566,0.00399928,0
378.922,65.0769,8.07261,323.546,0.008898,0
162.798,66.9946,8.07261,23.675,0.00762775,0
237.67,67.0239,8.07261,179.16,0.00439237,0
326.741,67.4623,8.07261,35.1912,0.00745076,0
281.389,67.6683,8.07261,235.611,0.00254662,0
416.892,69.1796,8.07261,187.054,0.00175461,0
213.459,69.6196,8.07261,184.647,0.00446588,0
311.562,72.3498,8.07261,49.3004,0.00713065,0
73.367,74.9716,8.07261,349.508,0.00611072,0
191.374,76.1567,8.07261,181.787,0.00451789,0
163.47,76.7404,8.07261,0.192547,0.00361552,0
245.234,76.7721,8.07261,181.984,0.00362173,0
331.691,77.4935,8.07261,39.8845,0.00171756,0
321.496,78.6795,8.07261,44.6954,0.0044164,0
265.06,80.5925,8.07261,207.163,0.00271511,0
238.551,82.3252,8.07261,175.256,0.00259373,0
275.212,82.3726,8.07261,212.316,0.00360854,0
301.831,82.2608,8.07261,318.254,0.00389202,0
495.116,82.8581,8.07261,355.883,0.00294425,0
767.602,84.6466,8.07261,357.329,0.00183591,0
68.5611,86.3119,8.07261,348.129,0.00131133,0
245.46,88.6073,8.07261,175.238,0.00148628,0
284.495,89.7346,8.07261,301.235,0.00103879,0
315.875,89.7269,8.07261,337.546,0.00787131,0
206.898,91.1688,8.07261,179.356,0.00194872,0
274.353,92.1439,8.07261,202.572,0.00243305,0
824.977,92.4873,8.07261,279.423,0.00318945,0
74.7398,94.7744,8.07261,352.29,0.00271146,0
239.625,96.0229,8.07261,175.869,0.00521838,0
309.57,97.1709,8.07261,341.883,0.00511701,0
782.026,97.6413,8.07261,262.92,0.00566281,0
793.614,98.7511,8.07261,260.678,0.0063096,0
836.398,98.6589,8.07261,85.6796,0.0399818,0
815.561,102.583,8.07261,265.29,0.0449905,0
206.83,104.337,8.07261,180.262,0.00170393,0
802.458,104.881,8.07261,258.149,0.0239622,0
154.639,106.831,8.07261,357.368,0.00102032,0
172.775,107.143,8.07261,358.221,0.00242466,0
215.368,108.121,8.07261,182.907,0.00121216,0
785.924,107.989,8.07261,265.436,0.0341665,0
826.818,108.387,8.07261,80.3162,0.00490086,0
759.027,108.798,8.07261,358.913,0.00224844,0
778.801,108.788,8.07261,261.109,0.0108976,0
75,110.027,8.07261,354.1,0.00174058,0
193.501,111.335,8.07261,187.855,0.00392839,0
238.546,111.135,8.07261,174.725,0.00174977,0
313.7,111.282,8.07261,354.063,0.00566286,0
121.558,111.847,8.07261,358.408,0.00122316,0
142.238,111.989,8.07261,170.672,0.00121865,0
795.276,113.779,8.07261,84.342,0.0073196,0
541.126,114.515,8.07261,169.257,0.0065465,0
312.434,117.757,8.07261,9.73223,0.00524083,0
584.086,118.376,8.07261,158.896,0.00173308,0
758.874,120.102,8.07261,6.63713,0.00677616,0
769.843,121.404,8.07261,98.3968,0.00573308,0
736.499,121.961,8.07261,5.97433,0.00617252,0
121.221,123.125,8.07261,350.295,0.00246916,0
144.949,123.436,8.07261,180.088,0.00170413,0
533.502,123.272,8.07261,172.158,0.005435,0
133.505,123.959,8.07261,272.924,0.00246421,0
496.648,125.171,8.07261,16.8725,0.0145068,0
817.284,124.946,8.07261,80.0014,0.00183742,0
431.358,128.498,8.07261,168.897,0.00523948,0
645.172,128.271,8.07261,12.0531,0.00544111,0
754.172,128.093,8.07261,20.5462,0.00571228,0
797.838,128.144,8.07261,81.0517,0.00147788,0
126.968,130.08,8.07261,269.629,0.00242532,0
312.657,130.364,8.07261,15.3533,0.00680813,0
542.43,130.451,8.07261,174.49,0.00589779,0
781.366,131.269,8.07261,82.6776,0.00146334,0
585.09,131.743,8.07261,155.062,0.00127781,0
237.28,132.721,8.07261,177.266,0.00237085,0
736.374,133.406,8.07261,17.9009,0.00584314,0
767.159,133.261,8.07261,255.859,0.00129173,0
530.753,134.152,8.07261,175.463,0.00330709,0
499.866,134.617,8.07261,24.2675,0.0214537,0
133.713,136.353,8.07261,271.731,0.00104101,0
146.719,136.241,8.07261,358.263,0.00242002,0
426.809,137.131,8.07261,238.905,0.011494,0
667.136,137.107,8.07261,333.007,0.00115932,0
306.173,140.317,8.07261,5.34684,0.00171851,0
78.106,141.276,8.07261,351.497,0.0024376,0
168.296,142.257,8.07261,358.557,0.00252419,0
413.705,141.559,8.07261,239.88,0.00440811,0
234.841,144.18,8.07261,182.842,0.00246067,0
657.672,144.595,8.07261,334.815,0.00175026,0
157.151,146.736,8.07261,356.851,0.00114687,0
390.735,147.526,8.07261,6.96662,0.0160472,0
402.704,147.012,8.07261,242.978,0.00781308,0
242.698,147.986,8.07261,174.43,0.00702126,0
313.19,148.116,8.07261,359.888,0.0193474,0
534.562,149.937,8.07261,175.709,0.00130876,0
260.293,152.093,8.07261,185.016,0.00101223,0
209.887,153.239,8.07261,13.4212,0.00306918,0
440.16,154.082,8.07261,105.475,0.00126681,0
248.233,155.87,8.07261,175.264,0.00154459,0
319.062,156.251,8.07261,358.381,0.0053432,0
219.401,156.824,8.07261,6.43117,0.00548779,0
306.826,157.864,8.07261,356.954,0.00315072,0
169.804,160.05,8.07261,354.626,0.00521355,0
535.602,161.422,8.07261,351.806,0.00266603,0
351.284,161.732,8.07261,162.238,0.00566408,0
363.999,162.866,8.07261,72.6556,0.00523735,0
664.2,162.512,8.07261,350.423,0.00151787,0
243.684,165.226,8.07261,178.125,0.00997189,0
313.761,165.268,8.07261,354.438,0.00535235,0
623.175,165.246,8.07261,65.3259,0.0013213,0
637.193,165.274,8.07261,139.542,0.00149939,0
197.088,165.54,8.07261,3.06548,0.00607288,0
357.714,172.548,8.07261,241.012,0.00726604,0
308.502,174.028,8.07261,353.464,0.0013134,0
630.845,174.395,8.07261,67.6272,0.00125714,0
303.899,175.471,8.07261,352.714,0.00181102,0
238.004,176.103,8.07261,185.158,0.00159185,0
249.17,176.116,8.07261,174.751,0.00142339,0
278.881,175.607,8.07261,92.2217,0.00142306,0
339.028,175.631,8.07261,237.38,0.00209986,0
77.0532,177.682,8.07261,351.546,0.00221318,0
179.811,178.66,8.07261,0.988682,0.00195442,0
220.859,178.831,8.07261,261.02,0.00713454,0
595.488,178.696,8.07261,169.4,0.00386594,0
652.647,179.586,8.07261,152.882,0.00297729,0
716.15,180.464,8.07261,179.264,0.0013955,0
347.12,181.035,8.07261,239.666,0.0021914,0
332.71,182.902,8.07261,239.766,0.00411087,0
296.827,183.661,8.07261,84.9864,0.00353742,0
535.963,186.82,8.07261,348.694,0.00269154,0
178.995,189.101,8.07261,358.143,0.00271856,0
230.573,189.173,8.07261,267.613,0.00630009,0
311.327,189.438,8.07261,347.336,0.0196632,0
137.862,193.298,8.07261,86.8966,0.00280027,0
149.618,193.343,8.07261,357.651,0.00315802,0
199.514,193.522,8.07261,245.952,0.0144292,0
291.963,193.351,8.07261,78.721,0.00409998,0
126.321,194.053,8.07261,74.9741,0.00313833,0
297.744,195.011,8.07261,69.6822,0.00156518,0
237.982,195.812,8.07261,266.884,0.00140793,0
212.693,197.076,8.07261,252.811,0.00465439,0
267.906,196.897,8.07261,3.98385,0.00199001,0
83.8825,198.503,8.07261,356.394,0.00514295,0
144.288,201.209,8.07261,178.289,0.00309651,0
538.245,200.605,8.07261,340.987,0.00319903,0
730.727,201.328,8.07261,10.4613,0.00624742,0
720.471,201.73,8.07261,7.96762,0.00102455,0
180.944,202.621,8.07261,247.816,0.0103918,0
193.163,204.992,8.07261,245.27,0.00242345,0
297.868,208.246,8.07261,244.201,0.00107979,0
161.058,207.829,8.07261,357.372,0.00386064,0
192.17,210.36,8.07261,246.518,0.0014066,0
735.244,211.169,8.07261,8.3795,0.00820851,0
86.8875,211.868,8.07261,351.224,0.00331759,0
279.182,212.391,8.07261,263.165,0.0103277,0
532.106,214.982,8.07261,349.748,0.00190334,0
765.917,216.433,8.07261,74.9741,0.00593054,0
202.299,216.835,8.07261,253.572,0.00116594,0
153.486,217.897,8.07261,56.3846,0.00177525,0
86.3364,219.482,8.07261,344.624,0.0041189,0
103.111,220.398,8.07261,183.883,0.0048856,0
726.928,220.183,8.07261,0.347297,0.00471882,0
183.34,221.148,8.07261,242.53,0.00624077,0
170.089,221.791,8.07261,245.957,0.001119,0
664.802,223.518,8.07261,159.85,0.00170057,0
677.179,223.96,8.07261,164.405,0.00112859,0
132.816,226.358,8.07261,58.543,0.0044504,0
194.178,225.81,8.07261,246.262,0.00200366,0
539.734,225.86,8.07261,2.39039,0.00283788,0
165.449,229.956,8.07261,243.436,0.00209056,0
736.591,231.315,8.07261,358.85,0.00130949,0
815.373,233.678,8.07261,264.056,0.00891041,0
835.299,233.708,8.07261,275.033,0.0129094,0
659.176,234.776,8.07261,156.903,0.00429589,0
142.731,235.615,8.07261,58.7249,0.00137538,0
153.546,236.83,8.07261,242.296,0.00178735,0
825.447,237.667,8.07261,170.929,0.0186576,0
103.249,239.205,8.07261,247.632,0.00205648,0
834.562,242.528,8.07261,169.642,0.00436183,0
816.299,243.648,8.07261,17.1496,0.0105506,0
138.031,245.664,8.07261,242.246,0.00198344,0
695.371,247.089,8.07261,194.583,0.00413042,0
827.12,250.12,8.07261,172.473,0.0066812,0
90.2696,251.056,8.07261,48.1511,0.00140828,0
735.754,252.853,8.07261,354.787,0.00123193,0
123.932,253.66,8.07261,240.75,0.00165967,0
756.542,256.117,8.07261,210.928,0.003167,0
91.1823,256.174,8.07261,53.823,0.00126972,0
802.794,256.5,8.07261,67.2731,0.00108118,0
835.041,256.756,8.07261,175.182,0.00146085,0
617.43,260.979,8.07261,359.426,0.00208524,0
96.1451,261.759,8.07261,57.2738,0.00268133,0
828.066,262.949,8.07261,177.351,0.00154192,0
551.22,264.11,8.07261,83.832,0.00162961,0
651.231,264.191,8.07261,262.422,0.00252974,0
628.898,264.617,8.07261,273.844,0.00377904,0
531.226,265.668,8.07261,78.3365,0.00226909,0
707.102,266.04,8.07261,121.489,0.00123834,0
741.795,267.138,8.07261,352.508,0.00658236,0
783.291,268.5,8.07261,60.167,0.0014961,0
84.2981,270.1,8.07261,66.5392,0.00305532,0
94.8443,269.806,8.07261,63.5945,0.00112443,0
544.282,270.941,8.07261,80.7762,0.00153212,0
760.145,270.61,8.07261,181.756,0.00327825,0
277.507,273.829,8.07261,43.9399,0.00182366,0
733.766,276.255,8.07261,353.604,0.00258155,0
751.315,275.656,8.07261,180.879,0.00450896,0
71.3395,276.626,8.07261,80.8149,0.00459325,0
344.332,277.33,8.07261,106.145,0.00119216,0
632.007,277.172,8.07261,272.877,0.00100425,0
717.002,277.45,8.07261,125.873,0.00605223,0
87.169,278.934,8.07261,72.3176,0.00274587,0
655.464,279.682,8.07261,111.575,0.00150529,0
827.466,280.355,8.07261,183.252,0.00902261,0
62.3496,281.516,8.07261,93.843,0.009516,0
400.097,280.938,8.07261,266.032,0.00133219,0
97.7158,281.952,8.07261,79.4407,0.00615382,0
742.821,283.358,8.07261,355.818,0.00538734,0
463.007,283.727,8.07261,276.548,0.00149847,0
497.377,284.168,8.07261,308.693,0.00298566,0
753.739,284.229,8.07261,176.154,0.00223724,0
445.603,284.981,8.07261,274.648,0.00129229,0
632.086,285.131,8.07261,357.016,0.00197816,0
688.376,284.944,8.07261,95.1841,0.00206353,0
767.737,284.711,8.07261,105.143,0.0031735,0
711.519,286.679,8.07261,118.769,0.00160836,0
836.521,287.249,8.07261,96.1538,0.0385661,0
643.911,288.264,8.07261,354.489,0.0092885,0
779.068,287.981,8.07261,100.537,0.00781551,0
817.3,287.516,8.07261,86.5289,0.0336876,0
588.658,289.302,8.07261,125.251,0.00153177,0
807.164,288.683,8.07261,90.886,0.00549407,0
292.201,291.842,8.07261,42.7996,0.00142412,0
734.274,291.979,8.07261,356.595,0.0051082,0
518.75,292.679,8.07261,317.199,0.00748648,0
746.726,292.648,8.07261,353.376,0.0017437,0
826.695,293.386,8.07261,101.256,0.00969198,0
315.545,293.961,8.07261,112.458,0.00153885,0
143.462,295.35,8.07261,105.576,0.00224251,0
762.709,295.224,8.07261,352.879,0.0066839,0
799.704,294.809,8.07261,91.5367,0.00188351,0
271.438,297.113,8.07261,36.2104,0.00118695,0
815.164,298.325,8.07261,87.8478,0.00167107,0
164.167,299.192,8.07261,129.16,0.00171187,0
332.016,298.747,8.07261,176.926,0.00271278,0
466.027,300.471,8.07261,291.776,0.00299156,0
692.373,301.323,8.07261,285.53,0.00186932,0
756.987,302.415,8.07261,341.537,0.0048129,0
830.717,303.446,8.07261,268.467,0.00411377,0
744.529,303.71,8.07261,332.146,0.00834501,0
216.674,304.945,8.07261,155.601,0.00127311,0
155.048,305.592,8.07261,130.922,0.0114969,0
270.401,307.453,8.07261,29.591,0.00103602,0
537.933,308.011,8.07261,301.599,0.00262921,0
648.995,308.229,8.07261,329.767,0.00598536,0
764.629,309.346,8.07261,338.55,0.00540968,0
466.086,310.074,8.07261,291.159,0.00124524,0
797.178,310.223,8.07261,262.743,0.00116995,0
812.87,310.738,8.07261,252.2,0.00128423,0
774.43,311.804,8.07261,267.774,0.00143583,0
722.603,313.083,8.07261,285.106,0.00406706,0
587.366,314.87,8.07261,247.346,0.00247476,0
804.304,316.876,8.07261,257.811,0.00157331,0
564.959,317.662,8.07261,290.908,0.00509986,0
734.582,318.916,8.07261,304.036,0.00163365,0
198.711,320.114,8.07261,317.255,0.00178033,0
550.026,321.461,8.07261,284.701,0.00287721,0
647.699,321.12,8.07261,319.497,0.00177571,0
308.725,321.569,8.07261,275.49,0.00379612,0
720.381,322.87,8.07261,270.64,0.0011567,0
780.509,322.695,8.07261,271.03,0.00152594,0
294.197,323.698,8.07261,264.954,0.00114209,0
155.811,325.135,8.07261,324.376,0.0013964,0
583.187,325.084,8.07261,257.006,0.011304,0
691.185,325.141,8.07261,286.802,0.00342848,0
751.473,324.943,8.07261,312.975,0.0012014,0
481.663,325.935,8.07261,325.818,0.00387559,0
608.957,325.734,8.07261,282.762,0.00245018,0
273.705,327.482,8.07261,265.433,0.0107464,0
324.245,326.699,8.07261,297.971,0.00400629,0
555.68,327.268,8.07261,286.442,0.00154268,0
564.174,326.785,8.07261,286.218,0.00525884,0
616.992,326.519,8.07261,284.093,0.00112289,0
792.25,327.391,8.07261,269.719,0.00135114,0
212.144,328.077,8.07261,229.344,0.00213012,0
204.141,330.412,8.07261,234.037,0.00446027,0
521.858,330.247,8.07261,298.89,0.00681385,0
596.489,330.008,8.07261,275.469,0.00292898,0
260.608,330.964,8.07261,266.607,0.00129217,0
285.351,331.622,8.07261,260.448,0.00609187,0
303.991,331.898,8.07261,271.842,0.00439904,0
772.645,332.21,8.07261,333.861,0.0021365,0
654.167,332.865,8.07261,164.361,0.00793111,0
332.925,333.511,8.07261,308.585,0.00159829,0
535.781,333.934,8.07261,287.905,0.00121456,0
223.154,334.747,8.07261,228.935,0.00234379,0
562.082,337.068,8.07261,275.594,0.00118727,0
269.157,337.892,8.07261,266.758,0.00215247,0
625.701,338.268,8.07261,282.917,0.00129707,0
833.586,338.047,8.07261,233.197,0.00130985,0
323.159,339.398,8.07261,298.42,0.00798205,0
615.1,338.917,8.07261,285.691,0.00213506,0
622.958,338.502,8.07261,284.824,0.00127532,0
578.025,344.337,8.07261,262.55,0.00102201,0
710.408,344.037,8.07261,77.9029,0.00144175,0
548.135,346.168,8.07261,277.194,0.0012344,0
282.903,348.324,8.07261,88.9188,0.00183857,0
758.917,347.831,8.07261,332.141,0.00230801,0
771.298,348.983,8.07261,336.694,0.00543224,0
271.138,350.751,8.07261,279.714,0.00253484,0
729.319,351.438,8.07261,254.142,0.00348179,0
495.808,352.286,8.07261,84.9469,0.0019654,0
695.798,352.916,8.07261,248.276,0.00243223,0
280.968,356.298,8.07261,274.468,0.00137445,0
667.969,356.385,8.07261,320.969,0.00140528,0
252.463,357.988,8.07261,285.105,0.00318964,0
570.474,357.88,8.07261,288.307,0.0128601,0
583.273,358.266,8.07261,169.625,0.00128206,0
763.866,360.316,8.07261,341.898,0.00243312,0
658.673,363.123,8.07261,261.561,0.00127838,0
691.868,362.657,8.07261,258.485,0.0102438,0
773.373,362.523,8.07261,351.764,0.00443295,0
702.282,364.34,8.07261,270.525,0.00152593,0
245.77,366.107,8.07261,113.235,0.00107389,0
507.827,366.058,8.07261,88.1268,0.00121978,0
165.861,367.086,8.07261,79.497,0.00171155,0
227.226,367.125,8.07261,115.528,0.00595365,0
278.053,367.202,8.07261,276.395,0.00123776,0
298.772,367.743,8.07261,272.34,0.0014905,0
371.717,367.837,8.07261,292.562,0.00206912,0
587.177,367.637,8.07261,282.586,0.00107709,0
215.503,368.621,8.07261,109.259,0.00260578,0
295.393,369.669,8.07261,272.111,0.00149336,0
244.349,373.399,8.07261,111.967,0.00268377,0
697.288,372.509,8.07261,267.601,0.00119753,0
527.829,373.787,8.07261,153.892,0.00134398,0
771.753,375.733,8.07261,7.10179,0.0035217,0
781.893,374.886,8.07261,9.58552,0.00207578,0
359.092,375.797,8.07261,283.815,0.00169138,0
471.356,376.206,8.07261,66.4793,0.00105428,0
514.574,377.164,8.07261,90.1681,0.00103908,0
370.585,379.38,8.07261,285.946,0.00174259,0
408.605,380.099,8.07261,263.203,0.0172593,0
224.801,381.434,8.07261,110.098,0.00164906,0
479.357,380.846,8.07261,69.7237,0.00171082,0
810.775,381.862,8.07261,266.055,0.00396645,0
529.197,383.191,8.07261,254.008,0.00421886,0
465.646,383.92,8.07261,59.9069,0.00452146,0
515.326,383.605,8.07261,257.266,0.00202423,0
379.451,385.204,8.07261,276.63,0.00651858,0
790.535,384.715,8.07261,267.643,0.00447954,0
185.761,386.86,8.07261,66.6845,0.00392752,0
488.994,387.788,8.07261,265.639,0.00227365,0
840.844,388.495,8.07261,258.768,0.00190244,0
203.071,388.634,8.07261,86.3329,0.00125065,0
481.408,389.2,8.07261,271.752,0.00173579,0
388.092,391.144,8.07261,268.34,0.00125666,0
522.564,390.661,8.07261,257.734,0.00106074,0
818.474,391.572,8.07261,271.321,0.0014921,0
574.176,392.225,8.07261,132.593,0.00471584,0
801.194,393.224,8.07261,263.822,0.00108317,0
828.722,393.083,8.07261,278.281,0.00120655,0
759.105,394.006,8.07261,40.6298,0.00134043,0
263.806,395.289,8.07261,134.031,0.0112862,0
536.925,403.404,8.07261,256.023,0.00273309,0
764.539,403.932,8.07261,34.8087,0.00240116,0
590.729,408.971,8.07261,157.083,0.00141185,0
260.33,419.811,8.07261,268.831,0.00112532,0
594.066,420.992,8.07261,179.665,0.00129873,0
372.347,423.81,8.07261,289.678,0.0108325,0
228.222,425.658,8.07261,263.989,0.00171614,0
315.793,435.747,8.07261,0.3086,0.00230589,0
229.291,437.974,8.07261,263.936,0.00132772,0
274.859,447.665,8.07261,72.8251,0.00104283,0
306.643,452.966,8.07261,348.615,0.0047313,0
266.505,463.35,8.07261,73.336,0.00161483,0
144.68,463.902,8.07261,160.78,0.00127331,0
210.317,463.595,8.07261,78.6439,0.00183558,0
292.65,465.579,8.07261,150.658,0.00271427,0
99.3258,469.555,8.07261,82.3175,0.00149416,0
604.749,471.236,8.07261,88.2369,0.00100337,0
229.052,472.984,8.07261,74.9584,0.00178294,0
67.0938,473.89,8.07261,76.5569,0.00101097,0
291.887,479.362,8.07261,159.681,0.00546683,0
144.8,480.334,8.07261,80.1787,0.00316036,0
326.798,483.9,8.07261,181.842,0.00219065,0
100.432,485.986,8.07261,261.155,0.00157144,0
317.965,486.41,8.07261,310.682,0.00163452,0
83.8014,488.715,8.07261,260.046,0.00160309,0
678.616,490.423,8.07261,101.341,0.00100604,0
69.7206,491.285,8.07261,262.645,0.00166789,0
710.887,501.639,8.07261,100.616,0.00229953,0
318.174,59.3363,9.6,34.1365,0.00157691,1
120.686,90.3171,9.6,16.5072,0.00109979,1
419.06,131.213,9.6,171.453,0.00225653,1
758.727,135.747,9.6,86.6883,0.00110955,1
73.4772,149.82,9.6,353.437,0.00118428,1
339.839,160.268,9.6,162.041,0.00103981,1
185.392,167.4,11.4164,357.84,0.00109132,1
641.767,181.537,9.6,145.37,0.00204091,1
76.8556,190.671,9.6,357.619,0.00109269,1
84.7197,241.459,9.6,253.593,0.00133618,1
785.084,273.372,11.4164,80.8667,0.00199872,1
203.313,309.948,9.6,311.477,0.00342238,1
175.691,334.352,9.6,147.035,0.00108174,1
792.466,371.602,9.6,267.014,0.00129101,1
322.936,476.746,11.4164,178.558,0.00219618,1
207.82,88.8711,11.4164,179.183,0.00196927,1
318.562,88.7164,11.4164,341.218,0.0090956,1
388.088,88.3219,11.4164,347.488,0.00301129,1
787.282,94.3986,11.4164,260.36,0.00518749,1
237.419,97.1599,11.4164,177.749,0.00121996,1
746.507,99.0877,11.4164,354.979,0.00104975,1
310.603,103.307,11.4164,353.091,0.00675936,1
811.984,102.935,11.4164,265.912,0.0386671,1
170.448,106.692,11.4164,357.605,0.00241335,1
271.85,106.204,11.4164,185.094,0.0020428,1
194.283,108.746,11.4164,356.016,0.0032818,1
782.278,108.196,11.4164,261.362,0.0277796,1
542.521,111.01,11.4164,171.605,0.0048863,1
311.683,113.207,11.4164,4.95785,0.00907104,1
758.199,115.12,11.4164,5.84154,0.00347188,1
795.826,115.166,11.4164,80.8689,0.00656716,1
585.391,116.661,11.4164,160.393,0.00148784,1
126.305,118.501,11.4164,352.246,0.00247177,1
137.705,118.451,11.4164,355.778,0.00242468,1
734.535,119.893,11.4164,8.45217,0.00578255,1
771.826,120.377,11.4164,93.2168,0.0101821,1
159.302,122.819,11.4164,358.707,0.00108032,1
495.021,122.287,13.5765,9.18367,0.0132904,1
429.272,121.463,16.1452,171.558,0.00403668,1
751.106,126.811,11.4164,11.6852,0.00224411,1
646.407,128.541,11.4164,11.7648,0.00171987,1
798.585,128.652,11.4164,82.6932,0.00101309,1
235.493,130.212,11.4164,176.388,0.00181186,1
314.03,130.811,11.4164,10.2685,0.00236234,1
528.37,130.391,11.4164,174.369,0.0109345,1
505.218,131.907,11.4164,12.9184,0.0210768,1
544.497,134.769,11.4164,174.091,0.00354989,1
583.305,134.597,11.4164,158.301,0.00126578,1
764.033,134.214,11.4164,83.2848,0.00157412,1
424.99,137.397,11.4164,170.243,0.00186,1
737.595,135.805,11.4164,10.4541,0.0046352,1
669.072,137.701,11.4164,344.453,0.00115701,1
168.641,141.235,11.4164,357.025,0.00183743,1
701.993,139.741,11.4164,165.777,0.00124663,1
405.807,143.087,11.4164,241.75,0.0142122,1
388.362,145.154,11.4164,3.39588,0.0144502,1
269.757,145.63,11.4164,175.744,0.00106333,1
656.748,147.391,11.4164,342.076,0.00151907,1
154.061,147.773,11.4164,356.128,0.00186574,1
243.204,148.198,11.4164,178.445,0.00159238,1
314.453,147.779,11.4164,5.3833,0.0103322,1
519.986,147.506,11.4164,284.738,0.0200532,1
208.681,154.874,11.4164,7.16031,0.00204844,1
171.28,156.997,11.4164,355.386,0.00350647,1
741.773,156.463,11.4164,1.34089,0.00121842,1
350.749,156.961,16.1452,167.953,0.00974327,1
363.716,158.942,11.4164,73.5475,0.00452878,1
532.81,160.663,11.4164,349.357,0.00304013,1
222.137,160.126,11.4164,175.474,0.00461796,1
306.369,160.207,11.4164,358.78,0.00180092,1
355.549,160.154,11.4164,163.059,0.00577672,1
380.401,160.695,11.4164,60.0138,0.00317378,1
243.075,164.254,11.4164,183.007,0.00291819,1
198.716,168.808,11.4164,2.47522,0.00421207,1
300.437,171.356,11.4164,356.504,0.00248722,1
162.663,173.692,11.4164,355.506,0.00122772,1
223.566,175.407,11.4164,257.731,0.00627556,1
598.011,175.312,11.4164,168.673,0.00367289,1
654.128,178.07,11.4164,11.1955,0.0014284,1
720.513,181.488,11.4164,2.11327,0.00141723,1
324.499,185.175,11.4164,243.494,0.0210257,1
176.516,185.533,11.4164,358.002,0.00361429,1
231.889,187.334,11.4164,263.208,0.00115019,1
245.19,186.23,11.4164,259.063,0.00168428,1
279.741,188.87,11.4164,91.1202,0.00376603,1
307.395,188.687,11.4164,353.974,0.0160606,1
536.731,187.96,11.4164,344.616,0.00229884,1
200.913,190.329,11.4164,246.321,0.0158028,1
148.422,193.189,11.4164,352.01,0.00136767,1
131.694,194.297,11.4164,298.445,0.00206869,1
701.974,193.877,11.4164,182.66,0.00118805,1
214.151,197.444,11.4164,255.479,0.00495001,1
264.299,196.359,11.4164,17.566,0.00228803,1
293.581,195.527,11.4164,244.922,0.00660151,1
537.729,196.1,11.4164,342.399,0.00243856,1
728.143,198.334,11.4164,7.62487,0.00574584,1
178.457,200.871,11.4164,350.001,0.0128509,1
159.564,203.025,11.4164,352.666,0.0013587,1
99.6151,206.357,11.4164,172.824,0.00359075,1
192.728,206.144,11.4164,247.371,0.00315601,1
281.256,207.867,16.1452,263.341,0.0151178,1
736.849,211.336,11.4164,6.12412,0.00736881,1
529.768,214.518,11.4164,344.026,0.00172657,1
86.2263,216.439,11.4164,352.635,0.00330279,1
765.05,217.269,11.4164,240.727,0.0032293,1
164.501,219.024,11.4164,247.863,0.00151933,1
104.22,223.157,11.4164,264.288,0.00471682,1
181.767,222.997,11.4164,243.424,0.0042601,1
725.715,222.981,11.4164,2.64447,0.00339814,1
132.876,225.755,11.4164,55.4624,0.00116288,1
146.978,227.072,11.4164,55.8151,0.00138542,1
196.17,227.504,11.4164,248.265,0.00172223,1
156.534,236.727,11.4164,242.667,0.00135888,1
660.114,236.213,11.4164,156.822,0.00286955,1
812.545,238.571,11.4164,260.462,0.0183921,1
781.978,245.143,11.4164,241.467,0.00277886,1
647.294,247.658,11.4164,160.722,0.00134877,1
694.892,247.257,11.4164,80.0279,0.00150231,1
630.853,248.271,13.5765,9.08886,0.00138635,1
779.782,252.084,11.4164,237.159,0.00239378,1
761.013,253.926,11.4164,219.13,0.00298279,1
93.4507,256.542,11.4164,61.9819,0.00249267,1
800.78,258.813,11.4164,62.2961,0.00102363,1
647.725,261.524,11.4164,264.217,0.00411943,1
530.62,262.776,11.4164,79.1324,0.00193984,1
631.5,261.931,11.4164,272.333,0.00520353,1
742.427,263.202,11.4164,352.914,0.00720887,1
108.821,263.776,11.4164,63.9105,0.0013575,1
278.598,273.813,11.4164,40.1416,0.00157613,1
718.203,276.944,11.4164,353.235,0.004282,1
725.752,277.348,11.4164,354.728,0.00396694,1
659.222,279.245,11.4164,260.485,0.0014909,1
631.211,281.157,11.4164,273.87,0.00386664,1
753.014,279.833,11.4164,352.772,0.00213229,1
101.18,282.128,11.4164,80.4546,0.0068353,1
467.207,284.185,11.4164,278.879,0.00113919,1
495.76,285.031,11.4164,317.936,0.00144033,1
813.412,286.662,11.4164,84.7396,0.0214453,1
692.098,288.152,11.4164,105.992,0.0022147,1
709.142,289.215,11.4164,119.323,0.00160702,1
782.045,287.601,11.4164,99.0578,0.00477423,1
646.633,289.873,11.4164,339.278,0.0093887,1
295.697,293.522,16.1452,49.4002,0.00244756,1
519.012,292.164,11.4164,320.652,0.00455708,1
164.44,294.931,11.4164,113.942,0.00123054,1
310.878,296.722,11.4164,108.945,0.00142936,1
460.733,297.122,11.4164,278.416,0.00352881,1
694.325,299.111,11.4164,288.953,0.00206236,1
771.942,303.32,16.1452,282.541,0.0094434,1
800.397,301.176,11.4164,94.0422,0.00288095,1
332.879,302.414,11.4164,172.44,0.00123735,1
743.473,302.943,11.4164,329.337,0.0110614,1
153.597,305.089,11.4164,116.292,0.00758041,1
650.479,306.988,11.4164,325.162,0.0053614,1
538.605,308.327,11.4164,291.038,0.00276162,1
768.642,309.496,11.4164,285.618,0.00350706,1
719.552,310.135,11.4164,286.472,0.00274707,1
462.502,313.59,11.4164,276.097,0.00111264,1
305.193,318.231,11.4164,272.824,0.00331706,1
569.556,317.601,11.4164,278.733,0.00568652,1
734.556,318.026,11.4164,302.503,0.00286142,1
781.92,321.592,11.4164,269.568,0.00177136,1
195.782,321.477,11.4164,154.796,0.00209717,1
645.698,322.348,11.4164,321.812,0.00374921,1
275.131,324.358,11.4164,263.781,0.00793209,1
479.83,324.628,11.4164,296.798,0.00183055,1
584.005,325.122,11.4164,263.078,0.00496051,1
612.442,324.924,11.4164,281.068,0.00227957,1
718.561,325.165,11.4164,270.529,0.00124996,1
328.011,325.945,11.4164,291.105,0.00413222,1
556.81,326.867,11.4164,281.005,0.00429789,1
692.778,325.883,11.4164,285.728,0.00180293,1
752.92,326.476,11.4164,315.912,0.00113673,1
208.267,329.772,11.4164,200.846,0.00254481,1
521.212,330.052,11.4164,295.179,0.00275692,1
596.726,330.461,11.4164,271.715,0.00178759,1
260.756,332.799,11.4164,277.036,0.00156088,1
287.693,333.017,11.4164,265.219,0.00631284,1
655.794,332.867,11.4164,271.261,0.00192332,1
299.292,335.163,11.4164,272.716,0.00432928,1
535.675,334.64,11.4164,281.608,0.00117158,1
224.097,336.722,11.4164,219.749,0.00216867,1
628.472,336.998,11.4164,278.565,0.00262788,1
618.722,339.249,11.4164,281.816,0.00219944,1
322.546,340.375,11.4164,283.727,0.00973537,1
584.022,348.882,11.4164,270.204,0.00152653,1
773.029,349.425,11.4164,330.489,0.00213065,1
727.892,350.95,11.4164,239.808,0.00360537,1
283.548,352.334,11.4164,274.185,0.00443763,1
492.291,352.425,11.4164,74.334,0.00205055,1
753.633,352.12,16.1452,325.572,0.00226383,1
706.79,354.508,11.4164,277.222,0.00266774,1
257.001,356.484,11.4164,283.698,0.00172125,1
570.109,357.471,11.4164,286.452,0.0129388,1
774.063,360.651,11.4164,331.776,0.00132702,1
690.701,362.612,11.4164,279.019,0.00272875,1
554.799,364.451,11.4164,296.477,0.00123742,1
161.822,365.381,11.4164,78.8278,0.00122505,1
226.762,366.804,11.4164,112.667,0.00529634,1
247.885,371.448,11.4164,113.529,0.00227233,1
299.225,370.426,11.4164,273.627,0.001635,1
769.734,376.108,11.4164,356.901,0.00334498,1
525.682,379.325,11.4164,249.673,0.0035726,1
363.651,379.707,11.4164,283.719,0.00176032,1
405.854,379.901,11.4164,261.763,0.0225415,1
513.199,380.359,11.4164,257.74,0.00200074,1
223.682,382.434,11.4164,109.092,0.0013709,1
380.054,382.879,11.4164,281.645,0.00297234,1
810.349,381.931,11.4164,268.078,0.00120585,1
485.248,385.454,11.4164,270.218,0.00329301,1
791.772,383.83,11.4164,271.839,0.00309697,1
185.724,385.996,11.4164,76.7322,0.00169569,1
467.819,386.751,11.4164,280.871,0.00200951,1
760.756,389.777,11.4164,33.8176,0.00100808,1
574.495,393.025,11.4164,262.64,0.00533719,1
261.057,395.745,11.4164,133.078,0.0142261,1
537.719,403.14,11.4164,259.769,0.00216884,1
766.892,405.214,11.4164,37.1297,0.00267435,1
808.264,413.902,11.4164,95.4458,0.00119461,1
271.543,416.264,11.4164,162.872,0.015377,1
228.378,423.151,11.4164,267.533,0.00125712,1
373.617,424.089,11.4164,276.891,0.00830993,1
263.747,434.042,11.4164,263.375,0.00116498,1
316.041,435.918,11.4164,163.496,0.00159491,1
307.436,453.356,11.4164,161.709,0.00145184,1
154.035,453.452,11.4164,262.134,0.00103959,1
265.21,460.782,11.4164,73.2367,0.00159503,1
213.054,462.664,11.4164,75.0946,0.00137381,1
140.181,466.523,11.4164,259.567,0.00135845,1
229.433,469.933,11.4164,74.099,0.00175052,1
281.475,470.643,11.4164,157.138,0.00688068,1
141.292,477.792,11.4164,82.7191,0.00241835,1
289.023,479.99,11.4164,161.311,0.00614135,1
157.648,483.996,11.4164,79.7659,0.00227822,1
710.39,501.176,11.4164,100.423,0.00237361,1
640.346,182.137,13.5765,128.372,0.00114149,1
204.183,309.393,13.5765,191.674,0.00257543,1
133.355,116.225,16.1452,357.231,0.00433889,1
159.048,119.404,16.1452,357.219,0.00120861,1
732.99,118.299,16.1452,5.92025,0.0054935,1
772.09,120.03,16.1452,91.4326,0.00496379,1
232.812,127.409,16.1452,176.149,0.00175492,1
525.532,128.877,16.1452,174.158,0.0149546,1
751.528,128.26,16.1452,8.21142,0.00117156,1
508.954,129.545,16.1452,4.68565,0.0236149,1
547.004,138.784,16.1452,170.633,0.00166795,1
582.076,137.738,16.1452,163.562,0.00157737,1
738.524,138.45,16.1452,7.4491,0.00468665,1
408.354,140.411,16.1452,0.917593,0.0232469,1
385.578,142.81,16.1452,359.315,0.0121404,1
700.121,142.467,16.1452,4.22618,0.00122103,1
318.816,146.86,16.1452,3.75769,0.00704305,1
150.938,148.17,16.1452,356.33,0.00211268,1
173.944,151.224,16.1452,356.726,0.00331808,1
516.756,150.353,16.1452,357.452,0.02272,1
654.992,153.453,16.1452,349.184,0.00154554,1
745.222,153.386,16.1452,3.69275,0.00172823,1
208.366,154.608,16.1452,6.31089,0.00107993,1
242.783,160.333,16.1452,181.307,0.001486,1
379.295,162.87,16.1452,244.811,0.00172666,1
532.851,161.988,16.1452,344.908,0.00409971,1
306.747,164.795,16.1452,0.767006,0.00297559,1
298.181,167.486,16.1452,0.0161713,0.00356992,1
655.52,169.16,16.1452,356.059,0.00144581,1
599.493,171.231,16.1452,164.837,0.00318879,1
161.508,174.997,16.1452,356.812,0.00170473,1
196.686,174.097,16.1452,353.4,0.0020127,1
152.793,176.324,16.1452,356.821,0.00106956,1
225.331,179.8,16.1452,253.925,0.00799701,1
325.286,182.94,16.1452,240.937,0.0311545,1
199.911,187.292,16.1452,249.613,0.00938769,1
280.342,188.324,16.1452,3.81604,0.00347802,1
303.728,187.885,16.1452,353.669,0.0122161,1
538.111,193.392,16.1452,340.125,0.00344325,1
698.114,192.576,16.1452,2.08878,0.00147936,1
138.41,194.023,16.1452,351.279,0.00150143,1
725.471,194.523,16.1452,5.72552,0.00623271,1
178.213,197.523,16.1452,353.646,0.0144802,1
215.01,197.999,16.1452,257.646,0.00825579,1
261.374,199.404,16.1452,263.26,0.00172919,1
193.445,205.957,16.1452,248.566,0.00181782,1
737.306,211.302,16.1452,4.20203,0.0064307,1
526.957,214.923,16.1452,340.569,0.00128966,1
161.019,217.168,16.1452,247.205,0.00161241,1
783.421,220.388,16.1452,249.478,0.00201999,1
179.604,224.905,16.1452,244.422,0.00229839,1
198.133,226.353,16.1452,250.742,0.00147109,1
726.555,226.738,16.1452,1.88504,0.00165235,1
162.045,234.08,16.1452,241.689,0.00146637,1
662.574,237.617,16.1452,158.599,0.00146099,1
780.505,248.772,16.1452,242.536,0.00670479,1
768.662,253.819,16.1452,231.929,0.00590387,1
635.27,258.6,16.1452,11.1974,0.0075381,1
643.592,258.253,16.1452,165.658,0.00656499,1
741.804,257.607,16.1452,352.306,0.00699113,1
529.206,259.865,16.1452,77.6138,0.001348,1
723.384,275.969,16.1452,354.346,0.00817362,1
661.167,278.901,16.1452,178.519,0.00144583,1
630.262,283.142,16.1452,349.833,0.00536335,1
778.637,286.91,16.1452,106.254,0.00673997,1
518.369,290.947,16.1452,317.252,0.00277447,1
696.967,293.643,16.1452,281.826,0.00417525,1
650.086,295.638,16.1452,323.404,0.00716103,1
459.045,298.036,16.1452,283.941,0.0027726,1
743.177,301.766,16.1452,316.769,0.00903006,1
152.889,305.559,16.1452,103.764,0.00471004,1
538.778,309.274,16.1452,286.201,0.00241959,1
716.357,308.617,16.1452,287.214,0.00174461,1
301.655,315.383,16.1452,271.26,0.00367086,1
283.277,316.584,16.1452,271.035,0.00749045,1
570.521,316.596,16.1452,273.336,0.00452684,1
732.635,319.41,16.1452,302.118,0.00325443,1
191.681,323.847,16.1452,152.314,0.00170409,1
330.717,323.849,16.1452,281.924,0.00247557,1
644.547,323.674,16.1452,280.509,0.00234183,1
555.481,325.315,16.1452,280.488,0.00332191,1
694.477,328.548,16.1452,281.056,0.00108776,1
720.651,329.107,16.1452,287.4,0.00139734,1
293.077,332.3,16.1452,271.863,0.00681048,1
225.063,336.03,16.1452,123.443,0.00132885,1
259.686,335.444,16.1452,289.511,0.00115805,1
321.368,342.082,16.1452,277.66,0.00561844,1
626.097,336.771,16.1452,277.425,0.00316122,1
587.597,350.683,16.1452,275.29,0.00209922,1
285.192,352.924,16.1452,272.589,0.00549426,1
494.015,352.286,16.1452,75.5939,0.00154976,1
725.555,354.107,16.1452,270.222,0.00283663,1
776.415,353.573,16.1452,329.566,0.00182782,1
716.399,356.564,16.1452,269.931,0.00233065,1
570.274,357.508,16.1452,274.114,0.00743781,1
707.514,357.767,16.1452,280.492,0.00113113,1
156.953,362.774,16.1452,80.3557,0.00124842,1
226.861,367.216,16.1452,110.045,0.00293695,1
551.519,366.047,16.1452,279.946,0.00146908,1
304.401,368.589,16.1452,274.053,0.00141173,1
545.547,375.336,16.1452,270.778,0.00174785,1
246.245,376.996,16.1452,113.32,0.00120752,1
520.231,378.875,16.1452,261.101,0.00422994,1
214.173,381.427,16.1452,104.364,0.00162548,1
360.127,381.225,16.1452,285.382,0.00226814,1
404.071,380.339,16.1452,263.393,0.0208362,1
766.65,379.869,16.1452,338.115,0.00263156,1
379.896,381.849,16.1452,291.72,0.00224413,1
187.659,384.114,16.1452,85.5168,0.00165206,1
487.07,384.217,16.1452,268.766,0.00356407,1
508.228,385.865,16.1452,262.623,0.00102882,1
573.599,393.247,16.1452,265.586,0.00321137,1
259.294,396.629,16.1452,125.97,0.0179679,1
539.481,404.477,16.1452,259.384,0.00118294,1
768.968,405.028,16.1452,29.3036,0.00218316,1
269.179,414.603,16.1452,170.373,0.0156554,1
228.552,420.639,16.1452,268.811,0.00116859,1
374.191,424.106,16.1452,276.533,0.00584207,1
121.615,437.101,16.1452,266.534,0.00108063,1
172.93,452.593,16.1452,263.943,0.00120537,1
290.6,452.42,16.1452,163.249,0.00124538,1
157.489,455.283,16.1452,263.671,0.00193109,1
262.224,458.229,16.1452,74.267,0.00157515,1
231.418,466.442,16.1452,73.8832,0.00192721,1
138.404,473.288,16.1452,82.9982,0.00316271,1
609.884,472.522,16.1452,85.7008,0.00100464,1
249.683,476.584,16.1452,75.2393,0.00136536,1
282.525,475.198,16.1452,81.3107,0.0114234,1
228.604,475.984,16.1452,74.588,0.00146826,1
176.621,478.311,16.1452,77.7143,0.00117127,1
323.535,478.094,16.1452,180.906,0.0013801,1
160.801,481.073,16.1452,79.8111,0.00358958,1
492.371,118.341,19.2,6.62927,0.00782219,2
227.941,173.19,22.8328,253.503,0.00892496,2
294.792,174.971,27.1529,3.24535,0.00303626,2
329.307,178.329,22.8328,2.2409,0.0319759,2
627.812,177.412,22.8328,73.5796,0.00118037,2
538.157,183.963,22.8328,334.628,0.00168333,2
185.17,188.402,22.8328,249.514,0.00988932,2
725.962,187.712,22.8328,5.33526,0.00457297,2
213.916,202.092,27.1529,251.986,0.00277095,2
281.882,204.279,22.8328,269.023,0.0109816,2
311.841,212.812,22.8328,254.312,0.00106057,2
204.258,215.933,22.8328,251.841,0.00180841,2
638.388,253.784,22.8328,150.958,0.012057,2
717.761,270.215,22.8328,355.122,0.00592729,2
628.827,286.741,22.8328,282.615,0.00259794,2
528.477,292.096,22.8328,293.892,0.00176436,2
700.272,293.248,22.8328,285.552,0.006092,2
652.088,299.257,22.8328,283.37,0.00316898,2
537.584,304.505,22.8328,289.465,0.00176771,2
292.739,308.705,22.8328,275.671,0.0110572,2
572.202,309.416,22.8328,274.2,0.00288076,2
307.421,334.784,22.8328,272.705,0.00310378,2
226.972,355,22.8328,111.586,0.00195649,2
349.406,351.976,22.8328,277.412,0.00224709,2
567.789,354.597,22.8328,277.08,0.00178704,2
595.589,354.201,22.8328,268.545,0.0012822,2
286.421,356.344,22.8328,277.376,0.00347063,2
717.909,357.191,22.8328,284.841,0.00195429,2
548.463,374.393,22.8328,275.433,0.00207761,2
203.777,382.955,22.8328,98.5889,0.00330935,2
399.745,380.094,22.8328,282.027,0.00883815,2
512.476,380.362,22.8328,271.159,0.00305801,2
289.092,384.382,22.8328,272.598,0.00274906,2
353.527,383.983,22.8328,282.032,0.00193979,2
485.316,384.325,22.8328,273.149,0.00393605,2
260.641,406.369,22.8328,267.433,0.022804,2
375.907,424.433,22.8328,281.651,0.00140824,2
637.479,252.615,32.2904,108.943,0.00715956,2
538.402,295.556,32.2904,281.197,0.00313672,2
565.205,300.295,32.2904,281.164,0.0031725,2
296.656,304.798,32.2904,283.893,0.0124548,2
347.493,347.461,32.2904,280.448,0.00266834,2
238.474,353.644,32.2904,119.675,0.00166205,2
288.864,355.509,32.2904,276.955,0.0011985,2
600.507,357.391,32.2904,265.951,0.00104337,2
