538.947,390.311,2.09095,206.688,0.0145079,11010559
789.261,155.445,2.63958,328.887,0.017532,11141887
777.163,184.523,2.72653,194.667,0.0173141,13501183
628.376,241.159,2.60003,173.141,0.0139152,10027775
628.376,241.159,2.60003,115.915,0.0139152,10027775
628.376,241.159,2.60003,82.8803,0.0139152,10027775
644.201,358.873,2.67309,329.798,0.0143508,12059391
644.201,358.873,2.67309,283.984,0.0143508,12059391
835.525,360.564,2.50143,193.624,0.0254229,7275263
665.795,361.099,2.56718,317.273,0.0207172,9110271
665.795,361.099,2.56718,282.785,0.0207172,9110271
465.625,366.631,2.5543,260.154,0.0203574,8782591
826.993,367.94,2.59462,272.118,0.0228508,9896703
452.101,368.451,2.81049,324.916,0.0138635,15663871
452.101,368.451,2.81049,147.372,0.0138635,15663871
886.623,379.519,2.73106,206.863,0.0166874,13632255
886.623,379.519,2.73106,54.7112,0.0166874,13632255
820.626,403.1,2.82203,208.428,0.0212151,15991551
816.447,404.433,2.43207,69.8409,0.0164043,5243647
844.713,413.463,2.60542,328.955,0.0161176,10224383
654.447,424.07,2.86501,339.173,0.0171164,328703
409.792,424.516,2.54131,260.611,0.0182239,8389375
804.071,425.44,2.51055,207.731,0.0158362,7537407
121.432,443.546,2.73754,183.372,0.0186972,13763327
118.517,452.338,2.63491,189.632,0.0212579,11010815
836.075,454.076,2.4131,319.415,0.0144325,4653823
114.351,463.756,2.51215,192.025,0.0178107,7537407
985.713,500.075,2.50147,246.83,0.0201324,7275263
908.94,518.659,2.72722,22.0226,0.013365,13501183
986.516,523.173,2.32388,180.776,0.039346,1901311
986.516,523.173,2.32388,68.2923,0.039346,1901311
983.311,525.838,2.53231,112.313,0.0193321,8127231
983.311,525.838,2.53231,24.3916,0.0193321,8127231
898.214,526.708,2.50152,43.7064,0.0143636,7275263
961.151,549.824,2.44697,219.13,0.014094,5636863
982.924,550.951,2.73775,15.1689,0.01334,13763327
991.931,555.021,2.33697,269.793,0.0157302,2360063
991.246,564.06,2.37417,84.0432,0.01599,3474175
994.366,565.811,2.41122,17.5864,0.0137106,4588287
711.293,627.15,2.46065,193.864,0.0134686,6095615
431.691,11.2703,2.98992,265.035,0.0140882,3474431
240.018,13.9665,3.4701,46.2002,0.0147069,14222335
926.936,58.1845,3.28782,188.397,0.0147584,10290175
582.595,66.051,3.5793,110.399,0.020676,16450559
582.595,66.051,3.5793,8.14581,0.020676,16450559
11.7313,106.884,3.17533,148.534,0.0135046,7799807
627.296,116.488,3.25099,208.866,0.0159442,9503743
858.909,145.628,2.94691,352.203,0.019894,2425855
858.909,145.628,2.94691,173.587,0.019894,2425855
799.841,153.797,3.11808,220.406,0.0266491,6489087
661.567,156.022,3.23081,79.42,0.0150687,9044991
803.818,156.685,3.53006,219.65,0.0158335,15467519
857.283,178.102,3.17978,3.23746,0.0154383,7930879
772.955,185.114,3.06305,195.915,0.0146959,5178367
601.964,186.075,3.34975,177.731,0.0226463,11666431
606.643,191.479,3.47263,173.398,0.0230872,14287871
733.032,199.328,3.15995,263.551,0.0301665,7472127
733.032,199.328,3.15995,80.4326,0.0301665,7472127
604.113,211.87,3.41483,3.06982,0.0204177,13042687
617.316,215.083,3.4198,71.8827,0.0170895,13173759
641.201,217.851,2.86324,26.9922,0.0145498,328703
791.263,218.842,3.4792,2.7395,0.0138484,14418943
605.068,221.396,3.28724,353.089,0.0203445,10290175
609.336,223.578,3.1593,170.698,0.0217773,7406591
791.691,224.855,3.40475,357.371,0.0143201,12846079
787.312,229.724,3.45173,7.61652,0.013713,13829119
856.72,230.488,3.25241,11.1422,0.0139589,9503743
791.913,231.63,3.14454,359.579,0.0156242,7078911
822.002,233.103,2.8958,184.477,0.0136271,1115135
792.615,237.276,3.41843,350.425,0.0149373,13108223
705.455,239.574,3.14964,198.378,0.0145708,7209983
848.881,242.173,3.14223,201.224,0.0161225,7013375
631.924,243.504,2.83349,357.794,0.0134122,16253695
631.924,243.504,2.83349,176.753,0.0134122,16253695
677.297,243.989,3.47907,180.116,0.0164971,14418943
682.422,245.936,3.48942,181.168,0.0173183,14615551
767.705,246.032,3.3919,264.632,0.0179003,12583935
767.705,246.032,3.3919,81.9249,0.0179003,12583935
632.32,248.442,3.38807,3.19202,0.0139134,12518399
632.32,248.442,3.38807,177.723,0.0139134,12518399
840.893,252.395,3.46554,356.706,0.0136911,14091263
632.581,255.296,2.99925,357.061,0.0145912,3671039
632.581,255.296,2.99925,178.93,0.0145912,3671039
687.472,259.916,3.08666,353.423,0.0134479,5768191
687.472,259.916,3.08666,15.4155,0.0134479,5768191
610.027,269.604,3.39725,344.858,0.0204481,12715007
610.027,269.604,3.39725,180.706,0.0204481,12715007
548.461,272.062,3.25285,200.684,0.0137144,9569279
715.544,273.264,3.23926,178.243,0.014132,9241599
684.699,274.719,3.14399,173.819,0.0136072,7078911
855.492,274.501,3.19549,354.881,0.0151552,8258559
855.492,274.501,3.19549,171.18,0.0151552,8258559
563.53,280.15,3.38099,172.812,0.016238,12321791
685.316,282.026,3.58415,349.166,0.0135308,16581631
685.316,282.026,3.58415,183.444,0.0135308,16581631
712.017,283.953,3.36078,357.549,0.0135312,11928575
712.017,283.953,3.36078,166.031,0.0135312,11928575
717.052,286.023,3.55527,356.556,0.0139004,15991807
717.052,286.023,3.55527,187.598,0.0139004,15991807
708.27,287.536,3.39544,162.059,0.0159448,12649471
796.301,288.603,3.53033,351.632,0.0154401,15467519
741.072,288.95,3.02067,268.39,0.0252374,4195327
741.072,288.95,3.02067,81.4302,0.0252374,4195327
646.387,293.692,3.2435,307.873,0.0146019,9307135
646.387,293.692,3.2435,261.408,0.0146019,9307135
612.504,295.358,3.2183,359.825,0.0202102,8782847
635.877,303.013,3.3772,158.469,0.0145566,12256255
687.252,308.399,3.1206,169.021,0.0146256,6554623
691.557,316.33,3.15311,353.805,0.0133384,7275519
662.044,318.736,2.98898,100.038,0.0149839,3408895
648.874,324.055,3.34316,357.3,0.0145323,11535359
648.874,324.055,3.34316,276.912,0.0145323,11535359
637.542,325.718,2.94019,179.594,0.0158083,2229247
828.494,325.96,3.03267,193.376,0.0137392,4457471
798.944,327.906,3.03436,351.983,0.0151661,4523007
650.746,329.085,2.94519,353.877,0.0156111,2360319
634.173,330.493,2.87908,196.031,0.015586,721919
470.283,334.213,3.29649,356.988,0.0158113,10486783
662.457,337.698,3.54924,242.331,0.0251676,15860735
350.935,338.187,3.367,172.091,0.0162049,12059647
652.346,338.187,3.40137,310.187,0.0360806,12780543
905.373,347.538,3.28079,179.83,0.0154101,10159103
480.375,348.403,3.07715,175.308,0.0143211,5506047
480.375,348.403,3.07715,144.268,0.0143211,5506047
913.398,352.259,2.96666,271.068,0.015604,2884607
913.398,352.259,2.96666,210.119,0.015604,2884607
415.255,352.662,3.25538,119.941,0.0140431,9569279
442.403,353.589,3.39071,349.014,0.0138971,12518399
442.403,353.589,3.39071,105.605,0.0138971,12518399
624.746,355.023,3.21904,238.089,0.018166,8782847
483.21,357.948,3.39343,194.46,0.0206034,12583935
993.617,358.76,3.07102,189.735,0.0226586,5374975
840.092,360.938,3.47521,288.609,0.0261404,14353407
840.092,360.938,3.47521,85.8091,0.0261404,14353407
635.504,363.144,3.19862,141.198,0.0163576,8324095
649.325,364.124,2.98324,2.46964,0.0147838,3277823
649.325,364.124,2.98324,164.978,0.0147838,3277823
893.851,364.809,3.2846,225.068,0.0181948,10224639
624.802,365.841,3.02898,227.299,0.041601,4391935
624.802,365.841,3.02898,176.444,0.041601,4391935
835.701,366.434,2.94684,9.20477,0.013749,2425855
447.066,367.294,3.24985,221.799,0.0170285,9503743
617.668,369.9,3.46118,1.51495,0.0268703,14025727
624.662,370.451,2.79269,233.694,0.0178764,15205119
624.662,370.451,2.79269,172.894,0.0178764,15205119
888.302,372.421,3.56676,312.29,0.0300551,16188415
888.302,372.421,3.56676,160.758,0.0300551,16188415
896.578,378.653,2.89281,338.94,0.0171793,1049599
466.841,379.402,3.04833,298.162,0.028608,4850687
935.373,380.817,2.97519,119.787,0.0211519,3081215
890.155,382.841,3.30266,152.695,0.0302428,10617855
539.39,385.016,3.33533,159.204,0.0169061,11338751
426.86,385.555,3.35884,256.186,0.022361,11863039
426.86,385.555,3.35884,26.4594,0.022361,11863039
893.117,388.669,3.02986,147.458,0.0293153,4391935
814.866,390.591,3.16711,271.558,0.0156716,7603199
896.214,393.506,3.29754,190.217,0.0135824,10552319
901.434,393.507,3.59084,315.828,0.014376,16712703
996.274,393.956,3.20397,48.811,0.0189221,8455167
996.274,393.956,3.20397,22.6726,0.0189221,8455167
388.767,399.3,3.41452,259.104,0.0137538,13042687
989.812,403.76,3.03096,99.2316,0.0160365,4457471
977.926,403.91,3.07153,81.8342,0.0146102,5374975
985.833,404.071,2.95686,95.1703,0.0159519,2622463
137.551,405.363,3.40103,10.8072,0.015423,12780543
968.49,405.752,3.35774,70.6141,0.0145139,11863039
817.703,408.873,3.40995,196.396,0.0270035,12977151
234.478,412.226,3.09353,84.0066,0.0150196,5899263
233.873,417.039,3.31758,89.1463,0.0386311,10945535
305.88,422.493,3.48943,307.441,0.0208673,14615551
227.117,431.014,3.29871,11.9015,0.0214193,10552319
305.134,431.809,3.03696,297.409,0.0208541,4588543
824.255,433.057,3.26419,359.853,0.0145908,9765887
809.467,434.387,3.13502,18.8895,0.0152931,6882303
940.167,434.409,3.1387,166.238,0.0145804,6947839
412.685,436.485,3.46546,120.801,0.0138451,14091263
406.159,437.524,3.53039,50.4268,0.0215855,15467519
842.87,441.025,2.90293,99.809,0.016611,1311743
868.017,448.752,2.91728,309.418,0.0184155,1639423
414.375,448.866,2.90159,118.32,0.0179772,1246207
779.632,448.955,3.13126,247.358,0.0135473,6816767
821.225,449.878,3.19883,276.906,0.0196478,8324095
840.174,453.437,3.24378,294.569,0.0347312,9307135
889.807,455.521,3.42389,279.469,0.0151271,13239295
889.807,455.521,3.42389,113.553,0.0151271,13239295
907.374,455.77,3.48421,175.312,0.0196045,14484479
225.36,460.097,3.33434,16.4814,0.0185256,11338751
894.114,465.28,3.25408,188.543,0.0134151,9569279
370.845,471.33,3.42845,20.339,0.0179935,13370367
557.844,470.782,3.31772,312.016,0.0205532,10945535
831.43,472.285,3.18235,154.355,0.017939,7930879
831.43,472.285,3.18235,63.4396,0.017939,7930879
549.913,481.843,3.11408,120.384,0.0199601,6358015
549.913,481.843,3.11408,28.2737,0.0199601,6358015
229.663,483.94,3.36944,266.61,0.0204124,12059647
606.378,484.208,3.31415,222.842,0.0176113,10879999
606.378,484.208,3.31415,116.973,0.0176113,10879999
368.779,484.486,3.3696,6.72726,0.0174603,12059647
820.729,485.517,3.43933,175.41,0.018101,13566975
820.729,485.517,3.43933,20.3374,0.018101,13566975
238.677,486.442,3.14127,242.809,0.0139538,7013375
337.231,490.387,3.02515,145.241,0.0187289,4260863
337.231,490.387,3.02515,114.696,0.0187289,4260863
939.372,494.791,3.52163,250.423,0.020471,15270911
939.372,494.791,3.52163,31.7624,0.020471,15270911
984.534,495.047,3.13708,194.478,0.0265061,6947839
845.221,503.065,3.37536,348.131,0.0233251,12190719
845.221,503.065,3.37536,270.933,0.0233251,12190719
410.862,507.337,3.38819,3.79559,0.0289203,12518399
410.862,507.337,3.38819,243.25,0.0289203,12518399
914.901,507.985,3.32771,31.1503,0.0163197,11207679
903.482,509.152,2.87467,285.824,0.0149326,590847
903.482,509.152,2.87467,129.906,0.0149326,590847
838.925,512.35,3.42542,196.338,0.0201579,13304831
782.471,514.917,2.99514,17.6627,0.0141818,3539967
126.075,515.664,3.38504,356.308,0.016732,12452863
896.247,521.853,3.21439,114.969,0.0230611,8651775
790.936,524.117,3.21975,232.854,0.0194056,8782847
784.706,525.28,3.25004,176.494,0.0139538,9503743
56.3949,530.773,3.05363,159.225,0.016626,4981759
81.3892,534.793,3.30295,136.193,0.0135189,10617855
795.194,537.304,3.51842,160.644,0.0176619,15205375
787.721,546.596,3.27018,155.576,0.0150408,9896959
54.091,547.34,3.27865,327.51,0.0185348,10093567
110.209,548.905,2.87608,64.1767,0.019769,656383
859.925,549.162,3.47079,228.165,0.0139533,14222335
869.066,550.506,3.13679,352.819,0.0185383,6882303
869.066,550.506,3.13679,173.444,0.0185383,6882303
80.6507,554.318,3.19974,103.31,0.0190571,8324095
95.6784,554.453,3.52911,80.0987,0.0185237,15467519
851.571,559.226,3.36685,334.895,0.0140582,12059647
851.571,559.226,3.36685,209.899,0.0140582,12059647
475.86,560.808,3.37791,145.014,0.018966,12256255
991.854,583.077,3.07123,149.254,0.0210007,5374975
991.854,583.077,3.07123,36.0295,0.0210007,5374975
549.702,608.568,3.01669,216.006,0.0145126,4064255
549.702,608.568,3.01669,90.1227,0.0145126,4064255
551.792,612.131,3.33247,92.1652,0.0178476,11273215
780.674,663.313,3.4306,93.193,0.0229416,13370367
808.034,666.085,3.52509,90.026,0.0244921,15336447
815.012,666.01,3.21871,80.4879,0.0157266,8782847
388.933,6.70761,3.8905,262.553,0.0169213,5767424
388.933,6.70761,3.8905,65.92,0.0169213,5767424
231.227,8.98204,4.11978,175.986,0.0196027,9896192
421.085,12.391,4.13541,260.744,0.0154288,10223872
349.108,36.8623,4.41474,81.0726,0.0134094,14942464
229.048,48.8387,4.2687,189.441,0.0222538,12517632
142.033,54.3909,4.10362,72.9795,0.0208706,9634048
104.328,67.1447,4.3304,71.6732,0.0177497,13500672
693.811,102.168,3.87359,86.7117,0.0143616,5439744
5.76801,120.957,4.21797,263.221,0.0224699,11600128
12.0789,120.768,3.89724,196.956,0.0241457,5898496
720.098,145.476,3.68595,86.5275,0.0134772,1900800
727.99,149.489,4.34924,251.734,0.0296594,13828352
654.22,157.059,4.4237,80.9042,0.0173302,15073536
803.692,156.873,3.63088,220.347,0.0158291,786688
678.012,158.115,4.1602,80.7716,0.0140789,10617088
626.159,167.012,4.24906,78.7706,0.0134367,12124416
866.951,175.929,4.21,172.733,0.0265349,11469056
872.324,180.305,4.03863,251.838,0.0250147,8454400
872.324,180.305,4.03863,85.3487,0.0250147,8454400
842.402,184.656,4.06502,261.061,0.025224,8978688
842.402,184.656,4.06502,82.9002,0.025224,8978688
30.8723,186.04,4.17022,279.317,0.0147222,10813696
30.8723,186.04,4.17022,89.6,0.0147222,10813696
868.191,186.354,4.376,186.079,0.0200566,14287104
781.154,187.733,3.81524,69.0945,0.0162959,4391168
774.195,188.55,4.0497,193.253,0.0155892,8651008
774.195,188.55,4.0497,159.404,0.0155892,8651008
847.163,188.739,3.803,261.464,0.0165424,4129024
509.745,205.089,4.23753,356.465,0.0142896,11927808
613.391,210.707,4.00839,163.24,0.0200005,7930112
692.779,217.299,4.17614,116.047,0.0145469,10879232
587.036,219.44,4.17336,72.3231,0.0328023,10879232
883.082,224.431,4.16358,155.285,0.0204372,10682624
901.324,225.711,3.76845,244.323,0.0141279,3473664
901.324,225.711,3.76845,100.984,0.0141279,3473664
681.149,227.923,3.84591,141.823,0.0140429,4915456
851.716,228.188,4.13186,139.553,0.0163072,10158336
851.716,228.188,4.13186,12.7526,0.0163072,10158336
681.795,239.15,3.9029,179.495,0.0154765,6029568
858.21,241.147,3.95538,5.46014,0.0149589,6947072
885.297,244.653,3.74912,356.063,0.0176304,3080448
852.888,245.968,4.34472,6.66476,0.022094,13762816
873.98,247.043,4.24275,185.76,0.0175608,12058880
976.99,246.995,4.29691,172.415,0.0222941,12976384
857.969,248.991,3.64627,5.52545,0.0178708,1114368
798.319,250.216,4.05009,348.389,0.0170986,8716544
692.414,253.429,3.76373,288.57,0.0152273,3408128
854.31,256.207,3.692,357.618,0.0174399,1966336
854.31,256.207,3.692,168.887,0.0174399,1966336
608.642,257.246,4.04309,3.00763,0.0230631,8585472
705.666,258.794,4.24786,88.6822,0.0138323,12124416
684.08,267.004,3.97489,176.061,0.0161177,7340288
855.001,267.255,3.89503,352.71,0.0175955,5832960
966.342,267.436,3.85387,280.738,0.0137177,5112064
200.989,270.819,4.36327,256.676,0.0220867,14090496
200.989,270.819,4.36327,96.5213,0.0220867,14090496
781.948,280.527,4.1126,1.72461,0.0172829,9765120
685.271,282.004,3.63861,184.012,0.013496,917760
807.957,284.531,3.8972,20.2918,0.0180077,5898496
441.149,284.987,4.45347,173.869,0.0175801,15532288
776.897,285.088,4.4623,11.6913,0.0160004,15663360
782.433,290.92,4.2347,349.19,0.0159306,11927808
796.659,295.82,3.87163,358.135,0.017472,5439744
643.237,299.381,3.67886,306.869,0.0159593,1704192
643.237,299.381,3.67886,41.213,0.0159593,1704192
594.45,302.072,3.79234,274.645,0.0332168,3932416
594.45,302.072,3.79234,62.8948,0.0332168,3932416
858.602,313.317,3.86882,351.698,0.017423,5374208
636.331,313.898,3.6783,185.569,0.0177932,1704192
970.467,320.254,3.73184,281.017,0.0134499,2752768
785.366,329.047,3.78165,10.6983,0.0200501,3735808
720.074,330.271,4.34439,183.091,0.016363,13762816
898.668,333.187,3.813,186.028,0.0163103,4325632
469.824,334.197,3.88883,356.789,0.0158141,5767424
693.013,336.262,3.70595,346.096,0.017293,2294016
972.101,336.791,3.76421,74.1337,0.0207593,3408128
615.05,341.671,4.16229,351.078,0.0151182,10682624
640.972,343.464,3.85946,287.341,0.0211861,5177600
475.785,345.342,3.88514,0.179718,0.0280567,5701888
805.952,344.944,3.80762,273.734,0.0299638,4194560
805.952,344.944,3.80762,106.846,0.0299638,4194560
378.227,345.599,3.67342,258.85,0.0338318,1638656
378.227,345.599,3.67342,85.612,0.0338318,1638656
826.862,351.211,4.33954,356.187,0.0220829,13697280
655.755,353.014,3.99206,272.027,0.0317381,7667968
479.1,354.511,3.64288,192.486,0.0496879,1048832
660.405,357.073,4.14276,359.812,0.0277863,10289408
660.405,357.073,4.14276,301.684,0.0277863,10289408
379.99,360.123,3.6317,339.116,0.0372246,786688
379.99,360.123,3.6317,286.137,0.0372246,786688
920.478,359.641,3.70357,71.0204,0.0173488,2228480
625.824,360.795,4.09392,176.244,0.018472,9437440
625.824,360.795,4.09392,151.547,0.018472,9437440
822.824,361.16,4.1484,110.318,0.016772,10420480
860.278,361.031,3.87315,253.818,0.0266437,5439744
860.278,361.031,3.87315,80.1361,0.0266437,5439744
874.425,362.727,4.27828,1.56155,0.0248877,12648704
874.425,362.727,4.27828,264.438,0.0248877,12648704
874.425,362.727,4.27828,150.632,0.0248877,12648704
894.826,369.919,4.28308,222.851,0.0332786,12714240
873.193,372.899,3.7649,261.968,0.0177813,3408128
210.764,373.875,4.2806,259.721,0.022449,12714240
210.764,373.875,4.2806,102.062,0.022449,12714240
435.194,374.505,3.97738,29.2529,0.046974,7405824
481.94,374.814,4.27699,187.465,0.0155998,12648704
415.162,379.6,4.04132,230.74,0.0178394,8519936
437.219,386.345,4.11336,248.651,0.0216764,9830656
437.219,386.345,4.11336,195.219,0.0216764,9830656
809.477,387.373,3.75228,239.456,0.0183704,3145984
405.185,391.044,4.13551,265.901,0.0246261,10223872
825.896,391.238,4.07069,118.233,0.0138357,9044224
308.189,392.054,3.90843,357.669,0.0210101,6095104
136.832,394.455,3.84756,296.165,0.0206345,4980992
136.832,394.455,3.84756,240.919,0.0206345,4980992
136.832,394.455,3.84756,22.6888,0.0206345,4980992
401.583,396.244,4.14651,278.051,0.03817,10354944
401.583,396.244,4.14651,251.617,0.03817,10354944
401.583,396.244,4.14651,145.243,0.03817,10354944
401.583,396.244,4.14651,16.6835,0.03817,10354944
821.64,396.842,3.6449,11.8646,0.0272002,1048832
277.132,400.532,4.09374,41.99,0.0258441,9437440
97.6062,401.949,4.03453,75.2978,0.0262851,8388864
824.639,405.922,4.04905,347.994,0.0238613,8651008
824.639,405.922,4.04905,209.32,0.0238613,8651008
482.374,408.175,4.21576,348.326,0.0299983,11600128
981.054,408.148,4.1335,270.301,0.0263871,10158336
981.054,408.148,4.1335,87.837,0.0263871,10158336
989.23,408.45,3.97223,98.5233,0.0304673,7274752
964.359,411.137,3.69463,267.609,0.021227,2031872
964.359,411.137,3.69463,67.0909,0.021227,2031872
460.725,412.994,4.41491,120.079,0.0165211,14942464
383.156,414.205,4.05104,133.968,0.0137289,8716544
916.114,419.806,4.19342,149.811,0.0150811,11206912
824.895,422.315,3.94465,31.5487,0.0141918,6750464
836.197,421.668,4.01598,138.846,0.0183802,8061184
222.748,427.078,4.29489,352.744,0.0248081,12910848
808.933,426.598,4.41296,210.436,0.0164205,14876928
235.851,431.229,3.83199,188.251,0.0217262,4653312
311.643,431.247,4.39061,289.951,0.0139584,14549248
900.801,431.412,3.88916,184.206,0.0163426,5767424
961.243,433.755,4.43544,42.3751,0.0187929,15270144
842.633,436.017,3.80327,121.721,0.025627,4129024
139.292,438.121,4.48345,347.212,0.0283724,16056576
224.948,439.868,4.38922,0.994568,0.0161318,14483712
932.926,440.64,3.9694,219.718,0.0140685,7209216
832.799,442.238,4.38341,268.975,0.0194578,14418176
832.799,442.238,4.38341,86.3953,0.0194578,14418176
841.593,446.008,3.63747,143.444,0.0202764,917760
841.593,446.008,3.63747,68.677,0.0202764,917760
873.382,448.733,3.93876,302.326,0.0181948,6684928
448.775,450.01,4.38136,319.489,0.0137585,14352640
420.788,451.197,3.85663,101.79,0.0264818,5112064
812.995,451.913,3.74536,238.642,0.021157,3014912
812.995,451.913,3.74536,72.3614,0.021157,3014912
875.655,454.939,3.93876,315.106,0.0226285,6684928
370.905,457.128,4.32114,10.995,0.0167535,13369600
106.602,458.74,4.04203,27.773,0.0271855,8519936
118.494,463.795,3.62398,188.562,0.031986,655616
629.702,464.353,4.14623,82.784,0.0167841,10354944
258.382,465.946,3.81955,36.6833,0.0172212,4456704
888.705,468.246,4.27672,316.531,0.0220273,12648704
888.705,468.246,4.27672,195.752,0.0220273,12648704
852.354,471.196,3.64916,309.706,0.0157808,1114368
826.981,474.629,3.76787,349.338,0.0176589,3473664
361.424,475.7,3.96916,299.069,0.0233211,7209216
361.424,475.7,3.96916,97.418,0.0233211,7209216
809.453,477.661,3.88559,45.4871,0.013728,5701888
809.453,477.661,3.88559,21.0497,0.013728,5701888
562.1,479.34,3.80199,24.2126,0.0181995,4129024
94.0586,480.083,3.90546,150.004,0.0247537,6029568
88.644,481.371,3.87369,283.757,0.0167671,5439744
77.5327,486.646,4.20307,69.6931,0.0256924,11337984
96.8045,490.203,4.24408,12.2102,0.0250117,12058880
274.372,493.85,4.44997,52.9904,0.0176676,15466752
535.434,493.754,4.00679,326.868,0.016233,7930112
560.575,494.187,3.88887,8.72565,0.034955,5767424
280.421,494.584,3.87903,205.872,0.0168316,5570816
269.247,499.176,3.77841,46.9002,0.0211788,3670272
782.505,498.763,4.00896,174.612,0.0174531,7930112
14.7694,499.899,4.08996,173.522,0.0168771,9371904
406.891,502.919,4.07607,345.103,0.0201709,9175296
406.891,502.919,4.07607,320.088,0.0201709,9175296
431.429,502.904,4.00133,48.9048,0.0145984,7799040
838.976,503.724,4.38911,126.829,0.0173572,14483712
123.091,507.33,4.1448,338.41,0.0195474,10354944
512.529,507.238,4.4005,148.092,0.0159562,14680320
258.551,509.122,3.93382,20.1208,0.0151708,6553856
839.021,512.12,3.64804,192.984,0.0201172,1114368
110.425,513.967,4.29465,345.295,0.0236138,12910848
786.962,514.161,3.6531,181.039,0.0186605,1245440
786.962,514.161,3.6531,26.0971,0.0186605,1245440
387.567,516.202,3.94778,356.316,0.0246694,6816000
426.241,517.857,4.08161,43.0137,0.013691,9240832
489.984,519.565,4.32,40.9749,0.0294589,13369600
915.485,521.962,4.32323,301.227,0.0206098,13435136
915.485,521.962,4.32323,230.534,0.0206098,13435136
74.038,523.255,3.59967,141.89,0.0161196,131328
780.012,525.47,4.2881,354.368,0.0251453,12845312
797.363,529.418,3.85759,229.174,0.0159167,5177600
865.972,529.735,4.48321,143.285,0.0247526,16056576
899.232,531.475,4.01045,209.421,0.0319696,7995648
899.232,531.475,4.01045,15.1976,0.0319696,7995648
850.312,532.921,4.14091,7.58026,0.0179362,10289408
369.676,534.568,3.96273,140.681,0.0161824,7078144
369.676,534.568,3.96273,12.9186,0.0161824,7078144
854.99,537.19,4.32702,85.1232,0.0140239,13500672
862.363,537.128,4.42769,68.6765,0.0135516,15139072
974.991,539.046,4.34806,268.381,0.0314789,13828352
61.401,540.203,4.15945,149.036,0.0224739,10617088
522.83,541.47,3.76228,159.537,0.0198585,3342592
20.1904,542.03,3.91191,346.004,0.0144248,6160640
20.1904,542.03,3.91191,179.272,0.0144248,6160640
867.624,541.585,4.246,159.498,0.0175246,12124416
777.895,550.834,4.3516,1.46579,0.0139984,13893888
103.503,551.825,3.72992,71.3777,0.0196055,2752768
95.9184,554.24,3.68931,78.645,0.0184333,1966336
304.956,554.28,3.79619,194.217,0.0149851,3997952
304.956,554.28,3.79619,62.4454,0.0149851,3997952
282.275,559.091,3.97251,156.187,0.0221862,7274752
282.275,559.091,3.97251,144.023,0.0221862,7274752
282.275,559.091,3.97251,5.96356,0.0221862,7274752
981.047,559.795,4.04343,6.823,0.0157777,8585472
339.185,560.953,4.49144,259.466,0.0151252,16187648
339.185,560.953,4.49144,87.6305,0.0151252,16187648
789.86,561.013,4.16409,238.814,0.0226745,10682624
839.116,562.929,4.10011,260.616,0.0210454,9568512
873.617,565.15,4.16834,177.846,0.0148347,10748160
868.315,566.231,4.17415,179.619,0.017901,10879232
867.144,577.066,3.84252,188.393,0.0213425,4849920
276.69,583.921,4.15758,102.318,0.0186204,10551552
864.814,586.5,3.88387,196.896,0.0233114,5636352
861.219,595.226,3.67385,206.923,0.019691,1638656
856.523,602.686,3.65875,216.631,0.0199142,1310976
793.542,603.915,4.09313,91.5175,0.016018,9437440
706.267,627.277,4.18697,202.95,0.0294827,11075840
706.267,627.277,4.18697,68.9642,0.0294827,11075840
248.062,5.05861,5.22795,64.2255,0.0158915,10420736
457.443,5.37662,4.71104,256.64,0.0205196,2884096
438.595,9.10505,4.53589,261.711,0.0172616,197120
255.494,9.74644,4.8366,68.1248,0.0218278,4784640
247.062,12.5366,5.04104,60.7234,0.0162237,7799296
441.3,22.9689,5.35251,249.678,0.0209393,12124672
441.3,22.9689,5.35251,82.1786,0.0209393,12124672
943.455,31.0791,5.50634,23.2595,0.0217968,14221824
228.871,32.926,4.73267,163.504,0.0290614,3211776
936.648,32.4337,4.76079,144.171,0.015972,3670528
290.727,39.2925,4.72843,82.9625,0.0139325,3146240
279.376,47.505,4.7519,285.328,0.0191057,3539456
246.163,59.4143,5.22004,91.8499,0.0174387,10355200
634.819,74.8553,5.14289,181.081,0.0143347,9241088
148.676,87.2397,5.59863,256.825,0.0182156,15401472
134.776,89.3602,5.53297,259.174,0.0150696,14549504
204.45,91.1463,5.13714,253.734,0.0167396,9175552
17.8456,95.0612,5.21885,68.8551,0.0190234,10289664
152.971,104.885,4.78661,268.582,0.0144652,4063744
853.102,146.639,5.30037,264.996,0.0343555,11403776
853.102,146.639,5.30037,75.8604,0.0343555,11403776
708.006,147.827,5.01494,79.806,0.0170343,7406080
865.852,162.67,4.5611,291.697,0.0257891,590336
865.852,162.67,4.5611,183.942,0.0257891,590336
183.277,166.305,5.15167,109.873,0.0144727,9372160
876.896,173.454,5.42857,324.863,0.0267313,13173248
837.236,179.559,5.13299,199.923,0.0271573,9110016
769.558,194.232,5.31158,323.835,0.0163247,11600384
830.44,194.312,4.33346,171.715,0.0159397,13566208
755.569,197.446,5.65311,179.837,0.0137196,16122368
877.999,198.277,5.44805,23.0574,0.0201541,13435392
870.112,208.182,4.97617,166.879,0.0289702,6881792
870.112,208.182,4.97617,53.944,0.0289702,6881792
770.147,211.354,5.05405,28.3238,0.0165461,7995904
608.95,215.909,4.65755,206.876,0.0199333,2097664
608.95,215.909,4.65755,142.593,0.0199333,2097664
797.29,218.057,4.79797,15.6948,0.0174276,4260352
853.786,219.869,5.57754,90.716,0.0171001,15139328
615.035,221.892,5.22727,52.3324,0.0242918,10420736
630.817,236.33,4.62477,5.78519,0.0153739,1573376
786.795,235.649,4.63121,8.87177,0.0225988,1638912
779.526,237.795,5.1669,10.7629,0.019454,9568768
643.014,239.784,4.88168,2.66049,0.0138511,5505536
772.892,245.456,5.54229,48.0005,0.0206983,14680576
965.204,248.624,5.15458,85.2195,0.0159687,9437696
965.204,248.624,5.15458,9.50549,0.0159687,9437696
787.348,251.023,4.60054,351.806,0.0183768,1180160
652.919,264.645,4.97903,184.609,0.021106,6881792
788.441,265.47,5.52229,0.12085,0.0189298,14418432
801.133,276.207,5.27156,1.19427,0.0186857,11010560
770.803,279.805,5.5447,172.913,0.0273665,14680576
558.246,283.919,5.17199,255.112,0.0296979,9634304
549.444,291.875,5.39392,261.645,0.0185016,12714496
462.581,298.413,5.46958,343.184,0.0347424,13697536
687.196,300.06,4.8532,156.27,0.0138645,5046784
443.071,300.885,4.9246,94.0743,0.0328764,6095360
430.662,301.857,5.10373,0.889648,0.0330755,8716800
430.662,301.857,5.10373,74.476,0.0330755,8716800
803.444,305.976,5.63732,325.265,0.0174725,15860224
342.956,310.121,5.19194,88.7841,0.0309014,9961984
330.824,311.286,4.76861,4.19846,0.0277807,3801600
330.824,311.286,4.76861,72.3185,0.0277807,3801600
445.269,314.198,5.54244,257.443,0.0321651,14680576
445.269,314.198,5.54244,184.367,0.0321651,14680576
973.952,313.894,5.52797,243.542,0.038069,14483968
973.952,313.894,5.52797,108.752,0.038069,14483968
431.651,315.371,5.51924,344.401,0.0332578,14352896
431.651,315.371,5.51924,271.36,0.0332578,14352896
288.186,320.433,4.79103,1.3371,0.0166382,4129280
979.805,320.286,5.02726,240.254,0.0144041,7602688
905.122,323.487,5.52754,188.505,0.0177809,14483968
332.085,323.989,4.77274,339.206,0.026051,3867136
332.085,323.989,4.77274,277.153,0.026051,3867136
792.295,327.848,5.31366,19.1354,0.0213215,11600384
775.077,329.794,5.25514,174.874,0.0288447,10813952
639.055,334.255,4.94893,211.35,0.0162825,6488576
656.588,333.699,4.90017,309.129,0.0314323,5767680
656.588,333.699,4.90017,247.486,0.0314323,5767680
940.808,340.749,5.4846,254.915,0.018229,13894144
940.808,340.749,5.4846,58.0789,0.018229,13894144
905.747,344.157,4.88239,171.992,0.0144198,5505536
650.036,348.15,5.08789,278.216,0.0315222,8454656
373.07,351.953,5.41078,11.004,0.0228233,12911104
407.091,359.586,5.0148,180.814,0.0197105,7406080
407.091,359.586,5.0148,130.177,0.0197105,7406080
975.103,361.984,5.28544,288.987,0.0241209,11207168
241.723,362.78,4.84001,235.007,0.0240535,4850176
241.723,362.78,4.84001,112.94,0.0240535,4850176
902.003,362.828,5.11714,209.302,0.0215217,8913408
983.998,364.309,5.37543,273.744,0.0223411,12452352
669.966,366.967,5.28215,291.189,0.0287344,11207168
460.597,369.532,4.76395,339.504,0.0316486,3736064
460.597,369.532,4.76395,292.308,0.0316486,3736064
824.594,371.764,4.69403,269.722,0.0351164,2621952
824.594,371.764,4.69403,145.121,0.0351164,2621952
900.942,373.228,5.05453,167.439,0.0270827,7995904
881.483,376.153,4.78076,257.086,0.0372397,3998208
881.483,376.153,4.78076,90.0798,0.0372397,3998208
850.403,377.855,4.93657,307.077,0.0286361,6291968
850.403,377.855,4.93657,260.788,0.0286361,6291968
307.218,379.295,4.95215,324.496,0.0149178,6488576
928.183,381.227,5.49285,102.604,0.0143166,14025216
817.362,384.706,4.56419,248.308,0.0201707,590336
469.708,386.02,5.40764,326.643,0.0221987,12911104
115.4,386.827,5.10316,146.827,0.025656,8716800
108.1,387.686,4.92694,27.4419,0.0549029,6160896
143.7,388.968,5.44914,211.387,0.0166307,13435392
279.703,389.371,4.97021,269.845,0.0175202,6750720
130.589,392.519,4.32182,120.988,0.0159957,13369600
115.858,395.134,4.72299,282.752,0.033324,3080704
115.858,395.134,4.72299,122.231,0.033324,3080704
125.387,397.284,5.22436,270.794,0.0341296,10355200
125.387,397.284,5.22436,112.404,0.0341296,10355200
109.445,399.567,5.01068,213.206,0.0318378,7340544
133.207,400.972,4.73929,228.551,0.0166932,3342848
837.571,401.787,5.32538,354.078,0.0220492,11796992
476.167,404.002,5.28431,343.425,0.0206391,11207168
664.484,406.417,4.3499,85.4298,0.0192904,13828352
831.547,407.416,4.96614,328.427,0.0335067,6750720
452.397,408.854,5.15657,106.646,0.0199618,9437696
610.705,409.229,4.5323,58.7854,0.0138477,131584
416.244,412.86,5.48297,82.0411,0.0254061,13894144
851.159,413.648,5.20585,266.885,0.0209198,10158592
888.513,415.83,4.95974,115.988,0.0214612,6619648
950.604,417.117,4.7896,64.1887,0.0283858,4129280
313.148,418.801,5.12906,348.046,0.0336164,9044480
109.717,420.051,4.68203,179.636,0.0279488,2490880
155.398,421.506,5.62306,216.509,0.0400485,15729152
228.317,422.416,4.61401,75.5812,0.0877477,1376768
451.273,422.244,5.22657,273.39,0.0216428,10420736
857.9,425.355,5.61412,64.4195,0.0221206,15598080
312.837,425.539,4.51791,293.522,0.0255625,16580864
413.486,425.976,4.84949,264.903,0.0231794,4981248
94.0756,429.512,5.65245,290.284,0.0150018,16056832
800.925,431.134,4.65255,217.266,0.0242666,2032128
132.087,438.176,4.70595,340.331,0.0152425,2818560
132.087,438.176,4.70595,248.833,0.0152425,2818560
814.262,437.755,5.28751,250.52,0.0184205,11272704
466.963,440.863,5.55838,17.8265,0.0244515,14877184
220.425,445.289,5.11972,81.8647,0.0235036,8913408
420.207,445.157,4.61787,116.323,0.0141395,1442304
229.59,446.431,4.7431,79.7035,0.0341059,3408384
808.378,446.103,5.39316,281.413,0.0144834,12714496
808.378,446.103,5.39316,75.8614,0.0144834,12714496
211.687,446.378,4.75849,333.666,0.0237024,3604992
108.798,447.924,5.11747,23.0084,0.0353533,8913408
393.065,447.415,4.86974,51.2558,0.0134508,5308928
830,449.324,5.60298,273.294,0.0256449,15467008
891.779,449.531,5.268,191.59,0.0169905,11010560
948.203,449.406,5.31405,251.126,0.0167396,11600384
868.747,455.295,4.93189,128.196,0.0167759,6226432
424.465,456.666,4.98737,87.2971,0.0305477,7012864
417.478,457.803,4.84099,81.4568,0.0305418,4850176
124.407,460.807,5.35735,181.674,0.0243166,12190208
853.206,463.123,5.12261,159.878,0.0236347,8978944
640.286,464.232,4.87216,92.6842,0.0154054,5308928
416.77,465.183,4.79396,75.7287,0.0364658,4194816
416.77,465.183,4.79396,14.171,0.0364658,4194816
880.266,468.048,5.31466,131.064,0.0254346,11600384
364.924,469.03,5.53357,22.1532,0.0187677,14549504
788.651,470.27,5.50122,189.267,0.0163804,14090752
115.268,472.952,5.49155,201.472,0.0341253,14025216
815.918,474.528,4.5994,192.116,0.0170816,1180160
815.918,474.528,4.5994,13.9125,0.0170816,1180160
99.6545,477.238,5.06009,20.6053,0.0380593,8061440
966.927,477.038,5.00771,39.7607,0.0371449,7340544
254.25,477.806,5.34715,281.94,0.0137719,12059136
254.25,477.806,5.34715,236.403,0.0137719,12059136
555.69,477.974,5.50219,25.6047,0.0157989,14156288
77.06,480.455,4.70475,283.85,0.036844,2818560
603.749,483.928,5.62252,211.108,0.0179176,15729152
250.289,484.778,4.48281,228.932,0.0168493,16056576
203.509,485.751,5.76539,264.264,0.0185676,787200
283.758,488.035,4.4822,68.8651,0.0191857,15991040
306.458,488.988,4.95458,122.111,0.0153738,6554112
888.375,488.709,5.38542,171.872,0.0259855,12583424
359.771,491.703,5.44929,38.4803,0.019049,13435392
119.826,493.906,4.57307,327.468,0.0328424,786944
119.826,493.906,4.57307,125.161,0.0328424,786944
226.807,493.961,5.64221,266.301,0.0359905,15925760
226.807,493.961,5.64221,224.263,0.0359905,15925760
226.376,500.866,4.62432,268.705,0.0134815,1573376
570.687,501.26,5.03173,211.782,0.0192395,7668224
648.213,503.293,5.66104,137.605,0.0355443,16187904
648.213,503.293,5.66104,22.2981,0.0355443,16187904
642.75,513.578,5.22371,26.9989,0.0245495,10355200
830.07,512.699,4.45865,281.436,0.0141109,15663360
807.053,513.541,4.56372,208.033,0.0196627,590336
807.053,513.541,4.56372,22.3341,0.0196627,590336
698.376,515.755,5.57053,324.478,0.0232287,15008256
574.654,516.768,5.50468,249.752,0.0199933,14156288
902.837,517.815,5.40025,100.29,0.0183561,12780032
902.837,517.815,5.40025,23.1169,0.0183561,12780032
803.599,521.546,4.84231,201.749,0.0229685,4915712
803.599,521.546,4.84231,9.37512,0.0229685,4915712
521.824,523.982,5.28776,334.685,0.0148377,11272704
992.522,525.339,5.27412,100.842,0.0399246,11076096
495.79,525.914,5.40509,101.703,0.026019,12845568
371.048,540.711,4.82221,0.577698,0.0180752,4588032
371.048,540.711,4.82221,148.803,0.0180752,4588032
528.691,542.046,5.11494,148.201,0.0165345,8847872
378.911,546.173,5.33321,337.626,0.0154834,11862528
297.78,552.548,5.23432,88.4861,0.016259,10551808
522.057,552.082,5.3159,262.423,0.0243237,11665920
988.558,552.41,5.13191,273,0.0328834,9110016
988.558,552.41,5.13191,85.2933,0.0328834,9110016
988.558,552.41,5.13191,11.5302,0.0328834,9110016
862.432,554.002,4.93022,58.8835,0.0160123,6226432
874.222,556.849,4.79066,158.647,0.0149623,4129280
952.041,558.718,5.2379,349.719,0.0285281,10551808
967.451,559.033,5.0243,187.503,0.0167208,7537152
992.219,559.067,4.62555,273.944,0.0288917,1573376
992.219,559.067,4.62555,9.82822,0.0288917,1573376
515.71,567.109,4.67863,206.926,0.0229067,2425344
958.759,571.041,5.64967,301.318,0.0144566,16056832
850.773,607.877,4.94673,235.271,0.0153428,6423040
788.303,617.835,5.49786,271.138,0.014446,14090752
822.463,623.479,4.96805,120.933,0.0156057,6750720
935.226,10.1242,5.70955,186.058,0.0223986,131840
363.835,18.8264,6.77232,257.584,0.0242394,12452608
336.426,39.6595,5.67651,75.4773,0.0139793,16384512
289.788,46.3735,6.37911,270.151,0.0239443,8127232
289.788,46.3735,6.37911,82.1626,0.0239443,8127232
153.54,48.5444,6.00696,78.4559,0.0172586,3801856
220.415,52.695,6.97373,252.379,0.0329309,14549760
57.958,81.1206,6.65511,70.8843,0.0178876,11207424
161.955,84.127,5.89115,244.559,0.0172138,2360064
106.184,101.813,6.47964,258.298,0.0143669,9241344
223.086,104.216,6.22632,128.774,0.0228002,6357760
112.17,110.033,6.48198,249.495,0.0167083,9306880
105.164,110.955,6.74246,258.635,0.0148157,12124928
614.983,124.39,6.52042,183.057,0.0162047,9700096
824.871,127.57,5.36397,83.0648,0.0141013,12321280
227.027,135.591,6.75561,345.884,0.0139822,12256000
839.886,148.917,7.01061,253.005,0.0305223,14942976
848.643,155.626,6.28912,252.663,0.0221494,7078656
848.643,155.626,6.28912,77.1813,0.0221494,7078656
760.589,163.012,6.60155,176.507,0.0347296,10617600
886.2,178.573,6.34554,177.123,0.0243648,7734016
879.297,186.069,6.35435,2.25592,0.0247987,7865088
761.374,189.394,5.88921,173.45,0.020754,2360064
764.091,203.473,6.53193,176.477,0.0310597,9831168
587.708,211.193,6.89693,355.432,0.0241466,13763328
840.667,214.044,6.6582,131.543,0.0135104,11207424
896.803,217.999,6.6238,176.374,0.0170869,10814208
782.348,219.839,7.13796,302.437,0.0176446,16253696
765.815,222.685,6.74997,179.948,0.0272365,12190464
891.336,225.973,5.82587,159.959,0.0161831,1573632
780.086,229.42,6.33107,3.64856,0.0211855,7602944
780.086,229.42,6.33107,302.886,0.0211855,7602944
623.073,231.69,5.99794,58.1902,0.017252,3670784
897.792,233.658,6.16059,170.37,0.0181592,5571328
766.971,238.732,5.85767,170.206,0.0338686,1966848
890.977,240.081,6.02162,168.197,0.0321486,3932928
624.875,244.367,6.41232,49.6238,0.0141442,8520448
624.875,244.367,6.41232,6.2276,0.0141442,8520448
659.448,244.469,6.29735,359.524,0.014807,7209728
900.12,246.642,6.74423,169.7,0.0216497,12124928
708.968,251.622,6.69157,232.182,0.0144577,11600640
708.968,251.622,6.69157,98.3631,0.0144577,11600640
768.488,253.927,6.04368,181.719,0.0320414,4195072
441.355,264.843,6.94366,307.65,0.0406254,14222080
555.192,265.989,6.54452,89.8564,0.0327538,9962240
893.174,268.659,6.61761,180.339,0.0289732,10748672
764.08,287.841,5.87647,183.799,0.0137797,2163456
538.141,293.553,6.0588,265.553,0.0218963,4391680
771.739,294.053,6.24662,182.903,0.0259963,6619904
410.453,302.664,6.94547,169.652,0.039365,14287616
790.55,303.712,6.06614,356.222,0.0259624,4457216
790.55,303.712,6.06614,260.917,0.0259624,4457216
864.824,305.51,6.11044,354.21,0.0137997,4981504
904.339,311.74,5.97873,171.218,0.0203012,3408640
465.324,312.607,6.25489,341.662,0.0299271,6685440
465.324,312.607,6.25489,273.769,0.0299271,6685440
247.443,317.108,6.25517,357.705,0.0147802,6685440
897.487,319.709,6.89211,180.705,0.0331473,13697792
804.755,323.951,5.8529,19.1846,0.019014,1901312
989.54,339.951,6.95615,133.176,0.0235733,14353152
449.926,345.993,7.01048,83.4893,0.026496,14942976
898.185,346.848,6.72247,182.061,0.0165161,11928320
818.583,349.69,6.56921,344.524,0.0516751,10224384
818.583,349.69,6.56921,110.891,0.0516751,10224384
965.33,353.04,6.29513,338.571,0.020023,7144192
348.904,353.268,7.12373,92.9293,0.0296474,16122624
248.911,354.783,7.04238,345.57,0.0137053,15270656
896.891,357.104,6.37267,206.881,0.014766,8061696
626.456,357.913,6.65934,226.914,0.0188412,11207424
626.456,357.913,6.65934,173.124,0.0188412,11207424
906.733,357.414,6.65248,206.786,0.0190808,11141888
427.784,358.747,7.0769,312.646,0.023827,15598336
427.784,358.747,7.0769,82.6149,0.023827,15598336
819.188,360.67,6.3649,109.771,0.017517,7930624
841.29,370.25,6.80415,293.076,0.0293942,12780288
610.627,379.051,5.86928,244.536,0.0353756,2097920
610.627,379.051,5.86928,52.3052,0.0353756,2097920
687.296,378.606,6.9307,339.261,0.0204115,14091008
619.902,384.008,6.86099,240.592,0.0180109,13370112
881.123,384.489,6.68272,94.12,0.0158042,11469568
116.153,386.766,5.78474,140.837,0.0256134,1049344
277.907,390.294,5.99999,270.338,0.0174255,3670784
310.502,390.806,6.38801,344.108,0.0205394,8192768
365.883,404.967,6.36756,254.829,0.0156852,7996160
439.565,406.755,6.66686,89.1241,0.0225784,11338496
423.758,411.383,6.31704,79.2501,0.0261419,7406336
87.9404,419.903,6.08467,348.445,0.0167145,4719360
943.889,425.432,7.12574,165.959,0.013335,16122624
858.409,425.579,5.96732,335.958,0.0221491,3277568
789.726,438.893,6.21248,211.21,0.0155066,6226688
190.566,443.156,6.27445,201.507,0.0140484,6947584
190.566,443.156,6.27445,164.36,0.0140484,6947584
824.216,442.67,6.12474,59.5641,0.0168528,5178112
257.992,446.458,5.87835,64.1907,0.0189008,2228992
264.133,454,6.44662,228.163,0.05503,8913664
459.714,454.103,6.7364,33.5202,0.0298794,12059392
408.336,455.009,6.53408,279.159,0.0362037,9831168
441.974,456.768,5.8767,189.74,0.0213529,2163456
887.31,463.652,7.0885,317.513,0.02167,15729408
322.057,474.917,6.05472,125.077,0.0304643,4326144
323.009,489.627,6.90704,100.005,0.0214892,13894400
110.267,492.307,6.05602,198.908,0.0309542,4391680
283.45,495.86,6.47657,313.837,0.0160099,9241344
956.158,503.166,5.61099,14.7504,0.0413643,15532544
274.976,503.777,5.85954,122.568,0.0281264,1966848
556.474,503.625,5.77692,291.978,0.0157748,918272
639.073,505.691,6.2978,25.28,0.0167584,7209728
78.1723,507.056,6.26122,194.797,0.0220321,6750976
659.444,507.072,5.82875,149.889,0.0171675,1573632
104.64,507.185,6.74187,205.083,0.0266037,12124928
62.3518,509.945,6.34174,203.623,0.0187302,7668480
654.676,513.859,6.46008,153.021,0.027911,9044736
91.4906,522.781,5.95529,190.894,0.0547038,3146496
311.311,523.657,7.09405,76.8326,0.013604,15794944
273.732,525.866,5.79348,357.928,0.0305389,1180416
273.732,525.866,5.79348,191.926,0.0305389,1180416
772.568,527.435,6.9503,348.959,0.0158764,14353152
513.248,528.111,6.75531,90.7966,0.019527,12256000
296.125,528.692,6.35763,211.181,0.0218453,7865088
296.125,528.692,6.35763,61.2108,0.0218453,7865088
71.0191,531.939,6.71342,302.093,0.0298159,11797248
907.682,532.783,5.82137,214.726,0.0153864,1508096
269.281,538.804,6.79776,115.804,0.0245775,12714752
460.733,544.422,5.71925,343.333,0.0192789,197376
774.76,545.302,7.12891,356.793,0.017564,16188160
373.381,553.771,6.33622,351.845,0.0162714,7602944
785.304,554.585,6.5912,2.25885,0.0420364,10486528
785.304,554.585,6.5912,239.457,0.0420364,10486528
330.058,560.091,5.86599,36.6564,0.0145987,2032384
850.082,562.138,6.30604,225.264,0.0156155,7275264
850.082,562.138,6.30604,91.1096,0.0156155,7275264
389.595,564.407,5.72267,289.37,0.0149717,262912
501.872,565.618,6.75969,47.2844,0.0152671,12321536
246.448,566.758,6.87656,145.049,0.0169473,13566720
769.074,599.336,6.16541,92.8383,0.014741,5636864
365.081,608.877,6.63488,88.8853,0.0145186,10945280
803.588,609.269,7.03636,126.078,0.0375222,15205120
186.736,639.979,6.56138,102.445,0.0136816,10158848
414.354,683.005,6.58332,91.6541,0.0148025,10420992
438.803,687.007,5.92839,280.94,0.0147026,2818816
234.961,17.2132,9.59519,172.455,0.0296577,4194817
637.434,24.2687,8.38122,176.686,0.0133473,11141377
308.06,45.7415,8.97732,272.021,0.01902,16122113
308.06,45.7415,8.97732,81.6797,0.01902,16122113
266.213,64.0371,8.01204,255.285,0.0148665,7864577
183.905,76.4901,8.95117,258.446,0.0159077,15925505
172.016,88.0491,7.30707,258.076,0.0145382,1245441
229.112,95.2992,7.86034,236.466,0.0147246,6488321
229.112,95.2992,7.86034,129.722,0.0147246,6488321
183.946,115.391,7.91733,331.589,0.01528,7012609
22.4131,118.185,8.12186,256.532,0.0323866,8847617
572.398,141.357,8.32442,252.365,0.01559,10682625
869.904,144.086,7.53505,249.779,0.0378319,3473665
859.639,154.45,8.14355,262.045,0.0240538,9044225
859.639,154.45,8.14355,106.444,0.0240538,9044225
476.212,157.817,7.6031,260.303,0.0157017,4129025
861.227,182.419,8.28558,195.906,0.0264754,10289409
861.227,182.419,8.28558,29.3673,0.0264754,10289409
615.598,187.55,10.4314,262.037,0.0266112,10289665
827.409,188.914,9.13543,180.144,0.0149334,655873
779.981,201.689,7.82478,76.7328,0.0197635,6160641
897.523,204.146,8.08891,176.907,0.0134151,8585473
214.549,208.213,8.42757,345.897,0.0141633,11534593
839.552,215.405,9.20059,134.377,0.0135104,1180161
226.178,212.493,8.88734,346.188,0.0184285,15401217
840.285,214.735,7.70948,134.26,0.0135456,5112065
424.574,225.713,8.40555,118.436,0.0171122,11337985
814.359,231.986,8.05461,187.917,0.0136485,8257793
228.503,233.489,8.22048,358.793,0.0148577,9765121
670.051,246.313,8.43956,1.25827,0.0216015,11665665
842.524,245.321,8.13129,3.87457,0.0146651,8978689
842.524,245.321,8.13129,169.553,0.0146651,8978689
442.147,266.17,7.53428,305.597,0.0405102,3473665
340.663,267.717,7.93284,228.938,0.0263574,7143681
661.767,272.706,8.39816,354.2,0.0140231,11272449
661.767,272.706,8.39816,179.607,0.0140231,11272449
815.377,273.328,8.60012,187.113,0.0135887,13041921
902.227,275.68,8.07292,174.366,0.0200913,8454401
894.461,286.465,7.77074,174.428,0.0280264,5701889
603.72,287.68,7.5213,357.126,0.0195059,3342593
359.32,305.723,8.16077,356.49,0.0414237,9240833
437.676,308.086,8.78888,302.802,0.0434589,14614785
437.676,308.086,8.78888,224.904,0.0434589,14614785
437.676,308.086,8.78888,121.887,0.0434589,14614785
437.676,308.086,8.78888,49.191,0.0434589,14614785
464.258,314.188,7.74972,340.158,0.0289842,5505281
464.258,314.188,7.74972,274.143,0.0289842,5505281
665.273,316.386,7.74146,8.43903,0.0169329,5439745
337.428,317.464,8.30183,219.594,0.0375804,10486017
337.428,317.464,8.30183,118.425,0.0375804,10486017
820.489,323.925,7.76433,272.091,0.0143552,5636353
820.489,323.925,7.76433,218.931,0.0143552,5636353
246.625,336.078,7.88664,346.825,0.0170313,6750465
372.559,336.321,8.47396,348.722,0.030416,11927809
258.12,337.359,8.54108,345.852,0.0158672,12517633
906.138,339.207,7.66828,179.093,0.0147194,4718849
141.301,339.546,7.93116,350.297,0.01502,7143681
428.3,358.886,7.21342,76.662,0.0240829,327937
357.559,362.482,8.04893,85.6127,0.020552,8257793
976.671,364.005,7.327,280.246,0.0234837,1442049
425.744,369.765,8.10541,151.94,0.0355818,8716545
412.696,371.762,8.81388,146.325,0.0359526,14811393
618.473,373.006,7.64059,236.977,0.0318945,4456705
618.473,373.006,7.64059,212.966,0.0318945,4456705
687.982,379.019,7.46161,340.899,0.0202351,2752769
416.744,384.946,8.10942,220.833,0.0174385,8782081
311.379,390.69,7.35133,343.556,0.0201159,1638657
515.547,390.971,8.09508,2.52087,0.0189139,8651009
140.755,391.948,7.65175,215.831,0.0175066,4587777
154.447,392.128,8.37107,311.478,0.0157789,11075841
391.808,392.535,7.55864,269.386,0.0336265,3670273
375.108,393.49,8.94266,234.974,0.0175434,15859969
846.269,397.676,7.33931,49.4302,0.0266638,1573121
537.215,400.093,7.42838,223.125,0.020716,2425089
680.059,402.762,8.4415,41.7854,0.0284252,11665665
922.928,411.382,7.96701,230.907,0.0171556,7471361
922.928,411.382,7.96701,52.2771,0.0171556,7471361
290.131,416.594,8.54708,280.918,0.0190291,12583169
290.131,416.594,8.54708,55.1422,0.0190291,12583169
929.757,421.901,8.54368,164.432,0.0179205,12517633
831.923,430.665,8.69256,150.313,0.0272766,13762817
831.923,430.665,8.69256,40.7157,0.0272766,13762817
243.947,436.56,8.98127,197.69,0.0217169,16122113
456.491,443.766,7.51649,269.839,0.0581922,3277057
456.491,443.766,7.51649,71.1939,0.0581922,3277057
456.491,443.766,7.51649,26.081,0.0581922,3277057
297.856,446.746,7.45547,288.11,0.0274999,2687233
841.999,450.88,7.95999,297.156,0.0303528,7405825
841.999,450.88,7.95999,149.918,0.0303528,7405825
318.121,451.507,7.83486,266.248,0.0300616,6291713
318.121,451.507,7.83486,105.569,0.0300616,6291713
269.998,463.807,7.4203,219.308,0.0181821,2359553
220.804,465.058,7.25665,16.5074,0.0410737,721153
591.799,476.483,8.90685,218.1,0.0180174,15532289
591.799,476.483,8.90685,108.441,0.0180174,15532289
114.65,483.584,8.277,198.344,0.0300727,10223873
679.451,483.692,8.35345,343.736,0.0224386,10879233
217.538,489.179,7.61806,319.56,0.0177057,4260097
91.8559,491.468,8.55101,7.612,0.0259561,12583169
132.337,491.661,8.49261,141.526,0.013401,12124417
322.578,499.618,7.52724,298.695,0.0400013,3408129
268.405,510.58,7.73086,128.281,0.0355265,5308673
848.233,514.143,7.46951,200.158,0.0146103,2818305
60.2352,523.77,7.41386,18.1086,0.0305482,2294017
771.931,528.006,7.5702,347.651,0.0157026,3801345
384.353,536.843,7.6707,75.7922,0.0144475,4718849
69.3299,543.66,7.70273,303.884,0.0366063,5046529
69.3299,543.66,7.70273,115.374,0.0366063,5046529
105.253,545.847,8.04599,74.4591,0.017909,8192257
774.29,545.331,7.58585,1.47736,0.0174344,3932417
883.952,548.371,7.43552,124.735,0.0138843,2490625
87.7322,550.769,7.52138,96.9935,0.0244238,3342593
899.879,553.289,9.44324,108.528,0.0147876,3080705
899.879,553.289,9.44324,41.0743,0.0147876,3080705
364.651,559.272,7.64339,125.363,0.0227883,4456705
959.838,558.285,7.78129,345.741,0.0500972,5767425
245.461,566.204,7.55358,147.911,0.0168579,3604737
826.063,603.274,7.68064,304.131,0.0139342,4849921
802.936,609.465,7.5994,120.007,0.0371234,4063489
379.584,14.3194,9.7039,248.939,0.0196751,5046785
235.078,16.7549,9.94453,172.59,0.0293331,6816257
235.078,16.7549,9.94453,53.6966,0.0293331,6816257
396.76,20.4974,10.7137,265.213,0.0217662,12190209
208.169,28.1673,9.45829,68.4377,0.0397754,3211777
387.933,37.7962,10.782,244.452,0.0149164,12648961
952.864,41.9091,11.16,191.764,0.0308547,15139329
242.159,48.361,11.1345,252.147,0.0382591,15008257
206.412,71.3096,10.0042,254.915,0.0142514,7275009
28.1191,88.641,10.3317,69.4167,0.0205722,9568769
576.374,113.324,10.4788,79.2872,0.0162468,10617345
595.891,122.404,10.0743,86.3463,0.0284551,7733761
878.131,130.589,10.5827,245.176,0.0302475,11338241
878.131,130.589,10.5827,93.3855,0.0302475,11338241
184.915,135.884,9.46023,195.079,0.013448,3211777
835.994,136.581,11.1512,80.609,0.0230868,15073793
689.334,160.825,10.3579,80.1781,0.0218854,9765377
729.752,161.314,9.73149,357.798,0.0588419,5243393
729.752,161.314,9.73149,172.567,0.0588419,5243393
779.218,162.306,11.103,316.953,0.0313708,14811649
779.218,162.306,11.103,256.187,0.0313708,14811649
835.493,162.345,10.4519,211.99,0.0201341,10420737
564.231,167.848,9.86718,207.729,0.0172687,6226433
631.596,171.165,11.9329,76.3518,0.0244384,3277569
871.85,170.662,9.80199,308.405,0.0278722,5767681
700.252,172.633,10.151,358.256,0.0149637,8323585
608.628,174.775,11.3679,75.1599,0.030614,16515585
642.666,181.648,9.72114,262.793,0.0142504,5177857
732.1,188.544,9.53245,0.765991,0.0588677,3736065
732.1,188.544,9.53245,170.779,0.0588677,3736065
734.156,210.695,9.59265,352.616,0.0593624,4194817
734.156,210.695,9.59265,175.018,0.0593624,4194817
779.632,218.029,9.75954,325.041,0.0172738,5440001
779.632,218.029,9.75954,75.3216,0.0172738,5440001
587.232,232.459,10.462,356.198,0.0272912,10486273
622.032,248.106,10.6283,10.3128,0.014362,11600385
659.548,255.532,9.91927,338.12,0.0137987,6619649
673.616,268.348,10.0478,359.898,0.0165505,7537153
673.616,268.348,10.0478,163.383,0.0165505,7537153
740.079,277.289,9.30325,359.93,0.0549466,1966593
740.079,277.289,9.30325,171.801,0.0549466,1966593
624.93,285.087,10.6087,354.569,0.0177293,11469313
651.332,286.51,10.8622,337.841,0.0144831,13173249
668.596,297.857,9.4799,290.312,0.0247103,3342849
668.596,297.857,9.4799,47.2312,0.0247103,3342849
689.583,297.416,10.5354,18.8876,0.0138162,11010561
258.72,300.02,10.7805,358.631,0.0134227,12648961
603.476,299.064,9.27801,349.502,0.0144554,1769985
638.332,299.841,9.24517,333.189,0.014832,1507841
638.332,299.841,9.24517,14.0667,0.014832,1507841
741.802,300.027,9.30357,349.909,0.0519504,1966593
741.802,300.027,9.30357,180.593,0.0519504,1966593
983.157,301.163,10.8084,125.977,0.0159217,12845569
286.316,305.208,9.22983,8.28351,0.0197704,1442305
626.958,310.2,10.0681,357.319,0.0178587,7733761
594.228,313.393,11.2522,351.547,0.0225865,15729153
796.211,315.191,9.43606,326.764,0.0227816,3015169
796.211,315.191,9.43606,300.181,0.0227816,3015169
796.211,315.191,9.43606,7.79861,0.0227816,3015169
678.898,321.209,9.35969,265.22,0.019342,2425345
628.479,329.953,11.3627,343.953,0.0250503,16450049
680.82,335.252,9.8161,266.053,0.0183119,5898753
745.589,338.452,9.99954,352.476,0.0511072,7209473
745.589,338.452,9.99954,175.075,0.0511072,7209473
285.831,342.402,9.33558,348.061,0.0171764,2228737
938.997,355.621,9.90819,263.601,0.0163386,6554113
459.578,357.138,10.0892,301.95,0.0561894,7864833
459.578,357.138,10.0892,86.9543,0.0561894,7864833
885.589,365.161,9.90429,208.742,0.0166215,6488577
606.34,366.6,10.0287,330.443,0.0314749,7406081
619.229,370.262,9.36375,202.927,0.0314694,2425345
927.635,370.116,10.6275,118.216,0.0154148,11600385
145.72,371.781,10.6505,222.603,0.0138064,11796993
145.72,371.781,10.6505,18.9278,0.0138064,11796993
473.969,372.508,9.47347,326.471,0.0383254,3277313
850.082,372.468,9.49367,296.069,0.0311131,3473921
528.951,390.922,10.1611,213.158,0.0849205,8389121
528.951,390.922,10.1611,25.3125,0.0849205,8389121
810.808,392.85,10.8982,233.836,0.0280331,13435393
94.2857,396.426,10.034,58.4745,0.024136,7471617
887.585,397.884,10.127,221.887,0.0234912,8126977
897.782,408.288,10.8287,221.591,0.0340009,12976641
897.782,408.288,10.8287,121.013,0.0340009,12976641
983.342,423.847,11.5662,29.7487,0.0186698,1049345
348.389,423.612,10.0683,233.609,0.0153561,7733761
846.595,424.363,10.6517,277.924,0.0267171,11796993
913.331,428.846,10.7359,190.571,0.0146547,12321281
317.673,438.421,10.6958,280.193,0.021994,12059137
855.73,445.795,10.4994,318.886,0.0222024,10748417
128.149,455.403,10.9135,185.253,0.0263822,13566465
113.061,461.649,11.1923,196.44,0.0519821,15335937
835.707,462.59,10.8487,296.687,0.0225835,13107713
363.168,461.838,11.8515,21.9281,0.0178795,2818817
977.451,464.424,10.0154,61.6764,0.0338646,7340545
789.898,476.17,10.7015,186.131,0.0160096,12124673
877.564,481.933,10.8545,339.67,0.0311302,13173249
239.494,494.276,9.37866,234.055,0.0233938,2556417
304.98,500.765,10.5035,219.06,0.0139975,10748417
384.328,499.771,10.1844,292.851,0.0138372,8520193
850.57,499.411,10.9346,153.203,0.0156043,13697537
885.326,503.117,9.91415,166.751,0.0325715,6619649
899.652,513.017,10.3098,40.0737,0.0164066,9437697
287.726,518.128,9.99862,178.199,0.0144705,7209473
335.469,527.532,10.7239,66.7109,0.0145699,12255745
949.194,532.387,10.4394,1.86722,0.0433892,10355201
796.309,536.015,11.2764,188.243,0.0139474,15925761
796.309,536.015,11.2764,161.851,0.0139474,15925761
839.289,542.503,10.3521,90.2612,0.01814,9699841
271.245,554.271,10.0821,319.495,0.0278508,7799297
490.561,559.14,11.1613,286.298,0.0285075,15139329
479.781,571.828,9.78857,299.688,0.0259031,5636609
806.79,598.319,9.84311,128.413,0.0250017,6095361
818.508,611.05,9.34055,138.692,0.0252044,2294273
773.237,621.682,10.6129,253.396,0.0154364,11534849
773.237,621.682,10.6129,95.4763,0.0154364,11534849
942.209,23.1744,11.8771,38.6177,0.0232725,2949889
975.937,22.6535,13.0988,171.927,0.0141161,10027777
957.591,28.8152,11.9926,182.091,0.0275136,3670785
957.591,28.8152,11.9926,39.8107,0.0275136,3670785
246.892,31.0708,12.8921,254.358,0.0402624,8848129
231.148,65.3389,12.3463,249.083,0.0155951,5767937
836.607,120.317,13.4751,80.782,0.0166793,12059393
490.413,129.593,12.1081,79.5796,0.0146555,4326145
764.134,132.164,13.3156,78.5114,0.014704,11207425
465.068,134.489,11.9476,79.0216,0.0141715,3343105
547.369,148.53,12.79,264.484,0.0173625,8323841
768.89,148.33,13.1225,78.3911,0.0253295,10158849
880.645,157.572,12.0589,298.868,0.02698,4064001
880.645,157.572,12.0589,144.183,0.02698,4064001
847.642,171.49,12.0688,208.749,0.0322994,4129537
581.295,178.502,14.2552,0.726654,0.0283369,16122625
191.158,186.797,14.0043,172.685,0.0151581,14877441
250.12,191.543,12.0762,32.6328,0.0230817,4129537
874.798,194.627,11.5309,38.4084,0.0293837,787201
599.221,217.439,13.3122,0.583038,0.0171127,11207425
645.652,243.506,11.9439,29.372,0.0153648,3343105
532.342,256.427,13.0866,80.1536,0.0237038,9962241
972.222,254.961,13.8642,231.403,0.038039,14156545
981.726,273.033,13.4427,230.035,0.01835,11928321
292.229,277.763,11.6024,10.896,0.0160803,1245953
93.6756,279.574,13.8068,92.4984,0.016001,13828865
590.525,285.725,13.7773,354.606,0.0251412,13697793
188.272,294.008,12.2605,176.619,0.0137208,5243649
535.556,297.809,12.9222,263.435,0.0216223,9044737
322.003,302.667,13.7332,195.506,0.0429322,13435649
979.6,349.725,13.3457,128.189,0.0777489,11404033
616.876,354.43,12.383,329.154,0.0194847,5964545
285.526,362.805,11.868,349.028,0.0198608,2884353
266.302,380.171,11.6243,347.228,0.0172654,1377025
266.302,380.171,11.6243,290.765,0.0172654,1377025
297.941,392.413,14.2265,340.228,0.0350039,15991553
883.639,396.246,13.5359,220.161,0.0228803,12387073
469.848,407.554,14.2293,332.981,0.0221866,15991553
804.651,408.96,12.0726,210.013,0.0216373,4129537
99.1425,417.062,12.1653,176.293,0.072163,4653825
820.102,418.266,12.2425,210.304,0.0296931,5112577
448.06,430.256,12.5655,259.818,0.0201316,7013121
912.219,432.021,13.4288,189.008,0.0146006,11797249
581.804,459.52,12.8574,67.0025,0.0150015,8651521
402.208,476.007,13.5288,7.39651,0.0454618,12387073
200.996,478.787,12.5453,36.7148,0.0243906,6882049
348.108,484.554,12.5696,2.1499,0.0138796,7013121
838.091,484.656,12.93,149.385,0.0186416,9110273
861.22,485.44,13.5735,338.958,0.0221325,12583681
43.1421,500.642,11.6693,31.1968,0.0174935,1639169
649.14,510.562,12.0166,153.199,0.03859,3801857
649.14,510.562,12.0166,24.6249,0.03859,3801857
592,526.445,14.0098,232.377,0.016111,14877441
592,526.445,14.0098,80.2603,0.016111,14877441
988.057,533.342,12.1393,270.38,0.0464617,4522753
556.564,542.46,13.531,61.8617,0.013758,12387073
975.385,549.782,12.5307,267.526,0.0501081,6816513
290.252,560.978,13.1261,92.9063,0.0273648,10158849
206.666,563.917,12.3971,90.9251,0.0135111,6030081
505.214,570.429,12.9295,241.836,0.0231333,9110273
762.918,609.033,12.1379,88.002,0.0259146,4522753
718.738,638.189,14.0616,81.1629,0.0162073,15139585
173.805,35.4686,15.1573,71.2423,0.0416182,3866882
972.681,46.0833,15.1589,191.026,0.0150182,3866882
801.225,122.809,19.0398,81.5423,0.0166217,3670530
793.602,147.44,17.0324,80.8351,0.0245198,12321026
581.217,178.986,14.4715,359.517,0.0280795,524546
169.677,192.149,15.7844,173.429,0.0192592,6816002
848.116,202.74,16.3105,139.048,0.0358039,9175298
772.3,264.406,14.7666,358.091,0.023194,1966338
350.249,268.622,17.5371,345.651,0.0443995,14418178
451.733,289.201,14.7972,326.766,0.0365891,2162946
491.729,286.8,16.1303,335.393,0.0174288,8388866
494.315,357.18,16.0881,161.428,0.0160635,8192258
889.143,355.567,16.8993,197.431,0.0169205,11731202
811.612,372.494,15.2913,225.248,0.0216225,4522242
673.476,385.7,16.8055,312.85,0.0402158,11337986
853.296,401.833,15.2807,28.1595,0.0279196,4456706
328.435,420.028,17.3159,240.539,0.0293864,13500674
910.729,437.946,15.9009,188.815,0.0148689,7340290
485.221,445.894,16.5319,215.924,0.0454861,10158338
485.221,445.894,16.5319,32.0166,0.0454861,10158338
303.296,469.696,17.5219,288.917,0.0159994,14352642
231.978,470.554,15.2407,204.349,0.068752,4260098
231.978,470.554,15.2407,11.5378,0.068752,4260098
419.271,482.794,16.7167,2.73453,0.0804881,10944770
419.271,482.794,16.7167,194.131,0.0804881,10944770
590.897,500.324,17.0835,199.59,0.0159839,12517634
878.331,521.878,17.6455,278.746,0.0146581,14876930
490.182,536.614,15.3766,107.358,0.0441861,4915458
393.735,541.194,15.9527,71.9027,0.0157926,7602434
837.284,540.024,15.0332,238.951,0.0175783,3277058
837.284,540.024,15.0332,101.155,0.0175783,3277058
346.771,544.177,16.0357,110.361,0.0208563,7930114
346.771,544.177,16.0357,74.1758,0.0208563,7930114
235.767,561.457,14.7348,132.383,0.0186695,1835266
235.767,561.457,14.7348,94.3549,0.0186695,1835266
236.792,89.4907,21.8062,246.477,0.0142817,13435394
672.711,144.419,18.37,80.026,0.0158006,1049090
413.842,261.191,18.9502,183.181,0.0568348,3342850
910.849,299.794,17.3296,180.4,0.0218033,13566210
780.646,317.245,19.448,336.474,0.0190717,5177858
814.872,321.316,18.2559,332.181,0.0150599,590338
814.872,321.316,18.2559,271.037,0.0150599,590338
420.71,332.401,19.8073,179.168,0.0455103,6488578
458.874,331.424,19.3158,70.3535,0.0355368,4719106
357.605,342.23,19.7958,349.311,0.0492695,6488578
644.32,360.609,22.1888,301.515,0.0321787,14746114
884.24,433.117,21.9975,191.275,0.0278969,14090754
432.031,443.377,19.3751,121.136,0.0235647,4915714
445.1,481.729,18.9963,191.592,0.0295978,3473922
905.242,488.899,20.9041,191.573,0.0133844,10420738
976.111,489.726,18.8815,32.0543,0.079104,3080706
371.678,521.636,19.088,289.306,0.0173423,3867138
371.678,521.636,19.088,69.0377,0.0173423,3867138
969.348,525.033,22.5591,8.41211,0.0782438,15925762
216.321,541.816,19.858,91.2332,0.0176991,6685186
483.235,594.525,21.3012,92.9034,0.0419109,11796994
122.532,103.779,25.4113,249.448,0.0140923,7799554
203.555,220.309,28.4746,347.919,0.017658,16057090
712.039,270.968,25.1859,175.048,0.0188622,7209730
539.551,276.505,24.1244,259.031,0.0489994,4064002
539.551,276.505,24.1244,81.6251,0.0489994,4064002
587.845,278.472,24.789,353.045,0.0252473,6030082
712.155,318.613,26.4252,183.495,0.0241194,10683138
454.403,390.794,23.2985,315.982,0.0299642,1573634
247.337,395.432,28.4767,329.034,0.0137265,16057090
667.02,485.513,24.7795,338.38,0.027175,6030082
703.625,500.393,25.6451,335.179,0.0317053,8454914
618.015,509.283,25.711,201.864,0.0194317,8651522
618.015,509.283,25.711,35.2467,0.0194317,8651522
680.699,524.907,23.2517,331.422,0.0266449,1377026
816.27,149.957,32.8717,85.9849,0.0174429,9699587
810.295,222.43,32.6795,125.849,0.0195808,9306371
344.885,288.314,30.163,343.942,0.0436443,3539203
386.679,311.905,32.0439,348.837,0.0471729,7864579
386.679,311.905,32.0439,178.872,0.0471729,7864579
925.221,357.789,33.0016,196.275,0.0211027,10027267
390.604,364.06,34.8255,247.249,0.0403102,13893891
390.604,364.06,34.8255,181.104,0.0403102,13893891
383.07,422.244,35.1559,247.222,0.0261076,14614787
647.628,431.605,29.893,358.251,0.023325,2883843
200.094,439.237,29.7534,19.631,0.0185806,2490627
689.212,439.497,35.4239,352.376,0.0292266,15139075
575.078,492.286,32.9434,201.473,0.0168632,9896195
377.08,246.508,41.8266,300.551,0.0322286,10420739
377.08,246.508,41.8266,202.51,0.0322286,10420739
653.819,381.674,38.7547,356.57,0.0378219,4915715
653.819,381.674,38.7547,293.886,0.0378219,4915715
334.464,391.929,43.1963,251.511,0.0361201,12780035
537.697,445.998,41.8057,227.071,0.01733,10420739
283.304,463.892,34.4953,178.936,0.014454,13238531
931.549,486.245,42.5539,29.064,0.0297693,11665923
576.179,215.768,54.8334,18.8354,0.0204994,13304579
820.768,436.986,50.2866,218.244,0.0182085,7078659
210.584,234.247,63.0435,350.612,0.0192291,6684932
242.577,376.598,57.4866,331.278,0.0180355,260
422.991,100.292,80.9793,230.037,0.0134773,8061444
422.991,100.292,80.9793,119.317,0.0134773,8061444
850.841,284.884,85.9723,199.278,0.0389173,12452356
207.572,159.191,101.507,254.237,0.0238225,7734020
350.281,228.338,97.7725,341.796,0.0340203,4981508
861.305,541.36,106.84,103.977,0.0281208,11404036
579.138,477.966,149.153,92.9891,0.044485,2163205
