857.078,136.202,5.70819,264.549,0.00151274,0
733.078,147.974,5.70819,180.355,0.00538747,0
764.526,153.27,5.70819,179.923,0.00217046,0
736.184,182.34,5.70819,172.711,0.00477599,0
737.734,197.801,5.70819,177.99,0.00449178,0
771.308,229.116,5.70819,170.869,0.00198951,0
406.947,243.561,5.70819,185.37,0.00327219,0
744.773,273.085,5.70819,173.715,0.00371589,0
745.906,288.173,5.70819,179.668,0.00346566,0
462.074,290.049,5.70819,341.062,0.00258254,0
446.163,292.142,5.70819,100.242,0.00234091,0
428.727,292.689,8.07261,72.5352,0.00369845,0
412.193,295.547,5.70819,166.953,0.00315218,0
360.166,300.362,5.70819,357.016,0.00350228,0
344.751,302.061,5.70819,100.137,0.00213375,0
317.747,304.326,5.70819,185.047,0.00245061,0
466.551,306.682,5.70819,279.577,0.00220403,0
448.18,308.625,5.70819,247.465,0.0025027,0
431.986,310.307,5.70819,278.978,0.00246151,0
414.016,312.364,5.70819,186.995,0.00303959,0
361.145,318.342,8.07261,348.869,0.00518429,0
346.572,318.522,5.70819,250.559,0.00199972,0
750.477,333.414,5.70819,165.556,0.00396639,0
823.886,341.623,5.70819,119.166,0.00526251,0
364.841,345.895,5.70819,74.1329,0.00285279,0
481.138,348.491,5.70819,173.087,0.00224407,0
437.031,368.981,5.70819,200.068,0.0024609,0
534.017,380.594,5.70819,195.893,0.00565894,0
106.908,384.431,5.70819,26.9331,0.0047099,0
529.299,387.193,5.70819,6.11929,0.00730395,0
403.019,391.198,5.70819,261.229,0.00152531,0
109.456,397.772,5.70819,168.455,0.00203754,0
313.163,412.656,5.70819,337.902,0.00196321,0
410.331,415.25,5.70819,69.3736,0.00361476,0
154.91,417.099,5.70819,207.995,0.00286003,0
229.315,417.638,5.70819,71.3865,0.0128499,0
235.645,416.763,4.8,99.9133,0.0032071,0
99.4184,417.874,5.70819,179.94,0.0049469,0
459.404,437.575,5.70819,37.8072,0.00546564,0
264.647,449.507,5.70819,211.541,0.00560983,0
430.251,458.539,5.70819,177.271,0.00501936,0
220.745,459.9,5.70819,15.444,0.003411,0
408.451,460.964,5.70819,11.1386,0.00300561,0
115.956,469.841,5.70819,202.097,0.00222343,0
226.757,473.991,5.70819,9.38467,0.00416052,0
233.199,474.652,4.8,220.542,0.00109621,0
423.676,487.634,5.70819,211.939,0.00330354,0
415.358,488.526,8.07261,358.676,0.00995718,0
267.911,516.441,5.70819,349.202,0.00281121,0
90.9031,519.796,5.70819,191.762,0.00365495,0
791.277,548.683,5.70819,1.43497,0.00335637,0
967.036,555.956,4.8,337.111,0.00118789,0
218.642,44.2913,5.70819,253.857,0.00127947,0
886.577,122.345,5.70819,247.915,0.00111813,0
872.221,133.919,5.70819,252.745,0.00160891,0
844.658,138.705,5.70819,252.331,0.00104026,0
743.843,141.27,5.70819,353.819,0.00112008,0
781.553,150.657,5.70819,257.902,0.0012616,0
856.827,154.225,5.70819,232.905,0.00119679,0
881.219,162.036,5.70819,321.807,0.00128806,0
874.032,162.859,5.70819,173.004,0.00100056,0
842.885,168.156,5.70819,198.631,0.00106585,0
616.18,177.326,5.70819,261.985,0.0014533,0
884.394,176.483,5.70819,1.54843,0.0011581,0
842.893,183.491,5.70819,173.875,0.00127642,0
768.31,194.11,5.70819,174.705,0.001702,0
860.183,201.212,5.70819,111.913,0.0016908,0
589.977,202.722,5.70819,3.34617,0.00133224,0
618.72,213.88,5.70819,57.0938,0.00104483,0
896.659,230.03,5.70819,165.992,0.00130329,0
773.09,245.278,5.70819,180.708,0.0015471,0
426.076,248.924,5.70819,300.457,0.00216654,0
355.145,251.48,5.70819,248.351,0.00185792,0
443.017,258.349,5.70819,305.189,0.00218506,0
557.93,258.321,5.70819,96.2592,0.0020903,0
340.181,261.351,5.70819,219.908,0.00125018,0
510.947,264.897,5.70819,69.244,0.00117774,0
560.484,276.026,5.70819,247.105,0.0015596,0
512.696,280.098,5.70819,345.75,0.00103925,0
795.559,295.319,5.70819,346.417,0.00120204,0
470.682,297.417,5.70819,284.838,0.00135618,0
439.192,301.305,5.70819,285.315,0.00258092,0
598.987,302.295,5.70819,346.256,0.00103902,0
329.069,303.513,5.70819,71.3009,0.00161445,0
338.08,311.159,5.70819,104.347,0.00210579,0
903.917,311.461,5.70819,183.734,0.00167744,0
330.941,320.031,5.70819,283.635,0.00142496,0
666.788,319.599,5.70819,239.785,0.00186976,0
317.301,321.39,5.70819,187.31,0.00217709,0
779.579,320.876,5.70819,168.386,0.001247,0
660.952,324.936,5.70819,302.591,0.00181313,0
372.956,332.624,5.70819,349.873,0.00108171,0
442.362,337.455,5.70819,349.604,0.00113969,0
469.007,337.658,5.70819,87.7456,0.0016285,0
451.713,338.701,5.70819,85.3848,0.00160853,0
653.438,340.889,5.70819,294.685,0.00130587,0
642.763,343.804,5.70819,284.886,0.00145866,0
349.803,346.951,5.70819,93.7363,0.00206473,0
333.841,348.053,5.70819,78.71,0.00144762,0
319.524,348.607,5.70819,98.0552,0.0018721,0
656.518,348.667,5.70819,315.037,0.00148617,0
457.4,349.417,6.78823,82.0179,0.00175926,0
464.624,350.477,5.70819,86.8026,0.00232308,0
474.153,354.271,5.70819,168.902,0.00124702,0
625.586,359.158,5.70819,188.638,0.00101591,0
674.425,359.535,5.70819,309.426,0.00126575,0
846.269,362.283,5.70819,291.167,0.00108999,0
612.681,362.91,5.70819,356.873,0.00206394,0
830.492,363.07,5.70819,248.019,0.00122916,0
428.924,364.205,5.70819,152.672,0.00235348,0
462.293,364.498,5.70819,314.225,0.00161331,0
476.052,364.114,5.70819,326.528,0.00215654,0
416.06,366.065,5.70819,143.484,0.00180365,0
622.646,367.863,5.70819,221.219,0.00122284,0
856.93,366.691,8.07261,282.661,0.00241714,0
887.037,367.702,5.70819,274.109,0.00149123,0
680.236,370.262,8.07261,312.278,0.00270031,0
846.629,371.817,5.70819,295.017,0.00171591,0
614.079,372.832,5.70819,255.975,0.00142258,0
852.665,379.072,5.70819,52.0146,0.00140291,0
301.743,379.704,5.70819,335.279,0.00167241,0
684.954,381.954,5.70819,35.5493,0.00228287,0
116.517,383.145,5.70819,129.037,0.00102132,0
812.854,384.079,5.70819,227.139,0.00115742,0
393.864,386.585,5.70819,254.305,0.00243615,0
851.231,389.699,5.70819,47.0678,0.00133205,0
124.028,393.488,5.70819,258.937,0.00121016,0
94.5614,395.5,5.70819,40.2649,0.00133515,0
682.723,394.902,5.70819,35.9209,0.00141681,0
838.103,400.61,5.70819,339.403,0.00146848,0
485.606,402.03,5.70819,339.794,0.00111926,0
901.621,401.907,5.70819,109.401,0.00132236,0
97.1042,405.924,5.70819,161.756,0.00236025,0
426.315,405.517,5.70819,79.8203,0.00102694,0
831.88,407.68,5.70819,330.098,0.00107338,0
437.192,408.711,5.70819,81.3367,0.00113262,0
461.266,412.981,5.70819,124.927,0.00132135,0
111.592,413.553,5.70819,175.442,0.00105631,0
106.526,435.348,5.70819,32.4562,0.00129524,0
115.471,440.904,5.70819,31.6673,0.00224701,0
297.289,441.572,5.70819,291.178,0.00107439,0
847.496,443.919,5.70819,289.049,0.00153994,0
508.145,445.836,5.70819,276.551,0.00263739,0
431.141,447.405,5.70819,101.742,0.0010316,0
490.403,447.45,5.70819,208.101,0.00206729,0
520.393,447.782,5.70819,254.736,0.00101697,0
221.376,449.235,5.70819,345.841,0.00173584,0
410.242,449.492,5.70819,73.5352,0.00226395,0
239.515,451.111,5.70819,179.971,0.00162023,0
115.359,457.66,8.07261,194.349,0.00321188,0
419.777,460.326,5.70819,19.4638,0.0022399,0
237.506,462.303,5.70819,194.613,0.00161667,0
107.27,463.237,5.70819,22.7367,0.00206999,0
97.2738,466.323,8.07261,20.3575,0.00217938,0
85.0089,470.913,5.70819,110.65,0.00198614,0
323.147,470.568,5.70819,327.292,0.00137079,0
428.223,471.974,5.70819,190.428,0.00125593,0
415.974,473.219,5.70819,11.6433,0.00205487,0
92.7716,487.065,5.70819,9.29856,0.00105918,0
564.692,489.163,5.70819,290.455,0.00189608,0
227.588,490.048,5.70819,239.142,0.00230624,0
120.436,491.003,5.70819,170.014,0.00124284,0
101.911,492.51,8.07261,201.674,0.00337071,0
321.617,494.565,5.70819,304.228,0.00220155,0
326.134,496.661,5.70819,272.477,0.00201304,0
652.965,497.842,5.70819,133.858,0.00192257,0
277.025,499.199,5.70819,133.523,0.00138661,0
892.136,498.56,5.70819,255.88,0.00150008,0
267.632,505.995,5.70819,24.5454,0.00187975,0
659.357,507.929,5.70819,154.598,0.00106537,0
275.345,508.702,5.70819,135.484,0.00118487,0
703.778,510.234,5.70819,324.199,0.00107822,0
531.197,514.798,5.70819,348.307,0.00107381,0
100.726,520.262,5.70819,190.445,0.00183847,0
499.385,520.43,5.70819,109.579,0.00107441,0
59.2215,520.981,5.70819,13.0424,0.00142952,0
274.398,524.14,5.70819,186.296,0.00106887,0
906.666,523.906,5.70819,347.888,0.00141887,0
485.473,526.804,5.70819,40.3929,0.00111829,0
69.8755,529.025,5.70819,145.493,0.00132782,0
501.027,530.187,5.70819,106.614,0.00102468,0
68.16,541.221,5.70819,126.347,0.0018844,0
525.488,546.855,5.70819,267.848,0.00116704,0
848.444,550.664,5.70819,92.5105,0.00126339,0
106.708,554.883,8.07261,240.965,0.00211563,0
528.365,557.2,5.70819,262.071,0.00110689,0
80.2737,557.745,8.07261,280.657,0.00203176,0
810.679,603.206,5.70819,126.783,0.00231979,0
712.053,621.881,5.70819,73.7517,0.00114797,0
222.027,97.4519,8.07261,130.709,0.00118003,0
600.223,112.636,8.07261,88.9598,0.00139724,0
886.07,120.92,8.07261,246.934,0.00225072,0
873.97,133.776,8.07261,255.281,0.0024062,0
856.035,136.171,8.07261,259.856,0.0013755,0
844.037,138.703,8.07261,253.855,0.00162435,0
744.304,141.922,8.07261,353.111,0.00184081,0
887.123,141.893,8.07261,98.6548,0.00175782,0
864.485,143.813,8.07261,265.976,0.00126191,0
719.696,146.381,8.07261,173.523,0.00106609,0
799.195,147.842,8.07261,314.464,0.00103937,0
733.122,148.939,8.07261,178.169,0.00850264,0
782.263,150.927,8.07261,264.571,0.00269492,0
764.506,154.029,8.07261,183.547,0.00314811,0
855.355,155.548,8.07261,231.245,0.00216679,0
876.987,160.977,8.07261,318.337,0.00227351,0
612.876,164.245,8.07261,72.8843,0.00104301,0
855.783,164.123,8.07261,211.366,0.00168668,0
583.445,166.043,8.07261,2.92442,0.00102553,0
843.669,167.164,8.07261,198.688,0.00123693,0
775.323,169.085,8.07261,151.082,0.00140539,0
865.957,172.564,8.07261,345.881,0.00162356,0
617.008,177.689,8.07261,262.815,0.00226069,0
883.584,178.196,8.07261,6.96454,0.001619,0
736.098,181.331,8.07261,174.215,0.0069472,0
843.345,184.807,8.07261,157.485,0.00198932,0
244.973,186.15,8.07261,47.3047,0.00129263,0
784.397,192.295,8.07261,72.4224,0.00122862,0
768.271,194.406,8.07261,176.246,0.00220195,0
878.003,194.036,8.07261,44.4685,0.00156645,0
737.899,198.961,8.07261,174.296,0.0065893,0
858.946,200.261,8.07261,118.848,0.00338293,0
589.709,201.934,8.07261,5.82381,0.00190419,0
619.379,214.132,8.07261,34.3933,0.00106918,0
784.456,220.977,8.07261,350.261,0.00115028,0
590.708,221.676,8.07261,355.202,0.00200793,0
771.243,228.273,8.07261,171.648,0.00228723,0
896.67,230.585,8.07261,167.322,0.00168617,0
673.122,238.143,8.07261,353.211,0.00143031,0
407.761,244.411,8.07261,184.95,0.00588709,0
436.85,245.543,8.07261,301.645,0.00146502,0
773.221,246.327,8.07261,177.345,0.001887,0
425.048,249.163,8.07261,298.922,0.00352167,0
354.595,252.668,8.07261,342.923,0.00342709,0
654.617,258.18,8.07261,356.368,0.00107096,0
443.966,259.435,8.07261,307.852,0.00352866,0
557.585,258.834,8.07261,94.6528,0.00325603,0
340.866,261.283,8.07261,221.29,0.00192565,0
541.072,262.579,8.07261,80.6874,0.00100519,0
511.919,265.335,8.07261,74.5447,0.00223676,0
744.721,271.971,8.07261,175.818,0.0048692,0
325.666,275.468,8.07261,210.21,0.00126924,0
559.847,275.626,8.07261,249.714,0.00230841,0
901.444,276.924,8.07261,175.746,0.00126507,0
513.427,279.629,8.07261,345.508,0.00203789,0
596.618,285.092,8.07261,2.07976,0.00135052,0
324.148,288.054,8.07261,201.967,0.00147986,0
460.866,289.19,8.07261,337.25,0.00387447,0
746.029,289.339,8.07261,177.095,0.00470709,0
672.995,289.693,8.07261,36.222,0.00171907,0
447.195,290.919,8.07261,100.499,0.00334832,0
412.744,294.474,8.07261,169.544,0.00502729,0
795.699,294.604,8.07261,343.939,0.00152446,0
470.611,297.295,8.07261,341.558,0.00231791,0
359.53,299.511,8.07261,355.8,0.00566579,0
345.702,300.999,8.07261,100.254,0.00296247,0
439.213,301.407,8.07261,276.954,0.00469479,0
318.317,303.161,8.07261,185.373,0.00398203,0
327.428,302.542,8.07261,191.395,0.0022729,0
598.741,303.223,8.07261,348.67,0.00162238,0
404.976,305.056,8.07261,177.422,0.00110351,0
802.062,306.422,8.07261,348.524,0.00182591,0
368.74,308.069,8.07261,353.814,0.00133957,0
465.781,307.896,8.07261,336.348,0.00330567,0
449.417,309.539,8.07261,246.254,0.00364044,0
338.059,311.311,8.07261,76.8353,0.00371884,0
903.901,310.78,8.07261,184.349,0.00273038,0
430.915,311.564,8.07261,280.531,0.00363531,0
414.727,313.399,8.07261,183.934,0.00490405,0
682.685,315.555,8.07261,251.052,0.00101022,0
347.651,319.512,8.07261,190.73,0.00273398,0
779.638,320.385,8.07261,171.834,0.0016093,0
329.698,321.397,8.07261,189.927,0.00210414,0
317.965,322.257,8.07261,184.326,0.00369278,0
664.364,321.823,8.07261,279.677,0.00358207,0
632.918,325.531,8.07261,243.132,0.00143389,0
373.354,331.242,8.07261,350.351,0.00172572,0
750.561,332.88,8.07261,359.082,0.00725443,0
441.645,336.103,8.07261,351.035,0.00109652,0
467.958,336.865,8.07261,87.5122,0.00279809,0
418.228,338.416,8.07261,175.964,0.00104902,0
452.687,337.613,8.07261,86.1974,0.00257073,0
406.727,339.27,8.07261,179.562,0.00146163,0
432.704,340.722,8.07261,350.034,0.00108018,0
653.454,340.645,8.07261,301.692,0.00118724,0
823.743,341.552,8.07261,264.858,0.00761364,0
642.29,344.231,8.07261,286.003,0.00250121,0
364.199,345.126,8.07261,7.07192,0.0048744,0
350.717,346.166,8.07261,91.269,0.00315497,0
320.211,347.983,8.07261,165.65,0.00339647,0
332.457,347.476,8.07261,83.1194,0.00229817,0
481.211,348.005,8.07261,169.97,0.00194849,0
656.42,349.097,8.07261,307.225,0.00221399,0
462.937,350.97,8.07261,87.7489,0.00653215,0
631.444,350.928,8.07261,214.493,0.00113782,0
430.22,352.706,8.07261,155.6,0.00118951,0
417.725,353.448,8.07261,165.338,0.00114844,0
474.278,354.11,8.07261,173.94,0.00112138,0
675.148,359.007,8.07261,311.917,0.00208491,0
625.062,359.98,8.07261,210.691,0.00174315,0
611.654,361.675,8.07261,340.884,0.0034483,0
847.168,362.043,8.07261,287.214,0.00126719,0
831.968,362.717,8.07261,241.554,0.00128742,0
299.128,363.88,8.07261,339.944,0.00121925,0
428.598,363.724,8.07261,158.667,0.00347604,0
462.172,364.969,8.07261,315.846,0.0021906,0
476.105,364.687,8.07261,324.227,0.00375471,0
415.173,365.731,8.07261,146.182,0.00369297,0
886.151,367.447,8.07261,262.04,0.00140895,0
908.023,366.63,8.07261,179.088,0.00126472,0
622.878,367.56,8.07261,221.185,0.00202688,0
437.492,369.368,8.07261,203.622,0.00198951,0
822.592,368.514,8.07261,237.919,0.00150763,0
614.479,373.076,8.07261,253.549,0.00186393,0
845.547,372.953,8.07261,289.116,0.00280642,0
406.948,375.857,8.07261,241.831,0.00119697,0
899.759,376.437,8.07261,156.319,0.00142521,0
851.539,378.643,8.07261,47.168,0.00238472,0
300.961,379.91,8.07261,337.415,0.00277364,0
684.238,381.707,8.07261,34.342,0.00391303,0
117.627,383.229,8.07261,130.618,0.00122078,0
814.33,384.368,8.07261,228.203,0.00212891,0
107.021,385.365,8.07261,27.7653,0.00808587,0
530.205,385.653,8.07261,208.986,0.0170873,0
393.032,386.789,8.07261,253.367,0.0038538,0
852.135,390.046,8.07261,45.6996,0.00222112,0
896.036,389.927,8.07261,229.219,0.0013276,0
300.558,391.545,8.07261,342.672,0.00117733,0
403.432,392.005,8.07261,253.948,0.00114544,0
122.645,393.811,8.07261,256.895,0.00151262,0
94.0261,394.686,8.07261,40.9065,0.00210843,0
683.424,395.484,8.07261,25.95,0.00242811,0
110.034,398.572,8.07261,164.833,0.00256275,0
486.191,401.169,8.07261,337.864,0.00136937,0
902.947,401.173,8.07261,223.661,0.00253997,0
839.195,401.822,8.07261,342.328,0.00177585,0
857.925,403.598,8.07261,268.737,0.00110878,0
425.922,404.942,8.07261,79.2962,0.00144218,0
97.2007,407.213,8.07261,168.699,0.00534231,0
447.598,407.592,8.07261,97.7345,0.00160886,0
831.247,407.996,8.07261,224.878,0.00197995,0
438.418,408.655,8.07261,84.1705,0.00192531,0
894.695,410.463,8.07261,100.571,0.00104625,0
820.49,410.608,8.07261,218.874,0.00140422,0
313.141,412.026,8.07261,338.124,0.00220614,0
112.986,412.737,8.07261,172.696,0.00145386,0
460.75,412.569,8.07261,111.11,0.00165391,0
907.6,414.201,8.07261,189.865,0.00125869,0
411.162,415.015,8.07261,71.6279,0.00551964,0
422.192,414.874,8.07261,79.086,0.00150327,0
99.1686,417.278,8.07261,173.49,0.0104889,0
154.79,417.179,8.07261,207.433,0.00419115,0
852.356,416.679,8.07261,268.416,0.00191062,0
230.758,417.712,8.07261,78.7627,0.0228205,0
866.184,419.288,8.07261,331.861,0.00137072,0
321.728,420.288,8.07261,275.955,0.00118209,0
332.064,422.267,8.07261,243.803,0.00160309,0
837.742,423.394,8.07261,35.1965,0.00216492,0
219.631,425.766,8.07261,347.441,0.00112609,0
493.696,432.21,8.07261,186.228,0.00145077,0
244.53,432.564,8.07261,195.596,0.00118791,0
138.92,434.076,8.07261,203.929,0.00107461,0
105.838,435.104,8.07261,33.7004,0.00327406,0
505.047,435.022,8.07261,185.761,0.00142057,0
458.75,438.085,8.07261,32.5993,0.0110225,0
115.503,441.42,8.07261,32.7773,0.00309425,0
297.83,441.86,8.07261,290.442,0.00175371,0
676.35,441.998,8.07261,351.425,0.00127196,0
848.11,443.166,8.07261,290.641,0.00254994,0
508.946,446.001,8.07261,197.236,0.0037224,0
432.345,447.046,8.07261,104.275,0.0017704,0
489.802,446.956,8.07261,205.541,0.00372661,0
317.943,447.598,8.07261,273.604,0.00167708,0
519.769,447.786,8.07261,249.446,0.00101574,0
221.22,448.94,8.07261,357.558,0.00168536,0
265.001,449.418,8.07261,200.291,0.00917299,0
409.557,449.216,8.07261,78.2289,0.00351837,0
379.067,449.576,8.07261,23.0211,0.0014371,0
457.095,450.87,8.07261,22.4348,0.00155512,0
238.729,451.728,8.07261,188.266,0.00338127,0
499.838,453.533,8.07261,204.477,0.00137573,0
843.343,454.728,8.07261,290.029,0.00110899,0
894.541,456.542,8.07261,190.884,0.00123735,0
429.111,459.308,8.07261,182.221,0.00849064,0
220.485,460.154,8.07261,4.61323,0.0052987,0
236.603,461.748,8.07261,195.055,0.00305755,0
407.959,461.685,8.07261,9.69479,0.00466526,0
107.001,463.421,8.07261,23.4253,0.00285182,0
116.417,470.365,8.07261,199.004,0.0029255,0
85.1103,470.97,8.07261,93.8308,0.00331876,0
200.131,470.899,8.07261,39.2251,0.00110833,0
323.963,471.644,8.07261,119.203,0.00232388,0
427.191,472.227,8.07261,191.241,0.00185527,0
886.116,472.305,8.07261,165.069,0.00135034,0
416.692,473.197,8.07261,12.1528,0.00293546,0
228.497,473.665,8.07261,5.38905,0.00862407,0
684.534,477.557,8.07261,343.171,0.0016064,0
116.039,480.229,8.07261,198.111,0.00139201,0
101.248,480.949,8.07261,198.528,0.00166478,0
293.633,485.377,8.07261,98.0315,0.00183846,0
91.4544,486.646,8.07261,9.72488,0.00186043,0
565.029,489.163,8.07261,283.578,0.00229592,0
227.694,490.083,8.07261,238.924,0.00276325,0
121.353,491.845,8.07261,174.708,0.00183966,0
323.767,495.51,8.07261,304.032,0.00429467,0
892.39,497.836,8.07261,325.414,0.00294024,0
277.789,498.86,8.07261,130.575,0.00167646,0
653.189,499.284,8.07261,27.1206,0.00282575,0
77.3475,503.15,8.07261,24.9083,0.00103661,0
104.097,503.59,8.07261,202.271,0.0010769,0
268.098,506.052,8.07261,19.6553,0.00345232,0
275.206,508.861,8.07261,149.378,0.0022394,0
704.573,510.412,8.07261,324.014,0.00156222,0
578.224,511.472,8.07261,241.299,0.0011904,0
531.948,514.664,8.07261,207.244,0.00176444,0
267.694,517.114,8.07261,342.791,0.00295099,0
90.866,519.376,8.07261,190.52,0.00537129,0
102.117,519.579,8.07261,191.565,0.00307667,0
500.102,520.12,8.07261,110.671,0.00115724,0
59.4423,520.735,8.07261,9.58171,0.00212597,0
906.738,522.657,8.07261,356.167,0.0018815,0
274.959,524.489,8.07261,189.532,0.00158146,0
297.433,524.496,8.07261,77.8302,0.00106918,0
486.933,527.899,8.07261,42.3451,0.00225325,0
70.103,528.918,8.07261,143.296,0.00239542,0
499.801,530.612,8.07261,113.062,0.00180201,0
270.452,535.581,8.07261,332.526,0.00119693,0
68.6612,541.313,8.07261,307.626,0.0032074,0
57.5228,545.219,8.07261,320.179,0.00113153,0
525.577,546.205,8.07261,139.631,0.00153215,0
791.501,548.214,8.07261,4.20822,0.00531528,0
88.488,548.788,8.07261,93.0028,0.0011381,0
847.55,550.156,8.07261,87.1491,0.00180629,0
366.249,555.096,8.07261,136.097,0.00140405,0
496.663,555.606,8.07261,285.103,0.00167295,0
528.242,557.548,8.07261,236.949,0.00168864,0
290.344,561.39,8.07261,275.814,0.00127376,0
118.232,561.517,8.07261,76.8427,0.00142116,0
516.371,564.432,8.07261,226.535,0.00117441,0
78.9918,568.211,8.07261,94.3844,0.00146158,0
482.385,568.357,8.07261,303.441,0.00146954,0
481.558,596.233,8.07261,98.7739,0.00128384,0
809.794,603.472,8.07261,127.028,0.00384304,0
823.82,606.593,8.07261,130.271,0.00100994,0
712.21,621.72,8.07261,80.2148,0.00134854,0
600.017,112.659,11.4164,91.1217,0.00227731,1
884.039,119.456,11.4164,97.0133,0.00296871,1
876.133,133.321,11.4164,258.004,0.00171759,1
550.314,138.467,11.4164,262.409,0.00102673,1
848.313,137.6,11.4164,250.652,0.0015017,1
799.711,142.436,11.4164,84.2172,0.00106775,1
747.233,144.117,11.4164,354.077,0.00238852,1
865.155,145.594,11.4164,268.064,0.00119862,1
886.067,145.682,11.4164,165.69,0.0026524,1
717.823,149.177,11.4164,176.782,0.00287286,1
733.408,151.975,11.4164,174.752,0.00689913,1
784.219,152.677,11.4164,264.942,0.0044132,1
838.048,152.154,11.4164,209.91,0.00105707,1
764.516,156.772,11.4164,5.52067,0.00280314,1
877.089,159.428,11.4164,320.637,0.00284437,1
853.047,160.539,11.4164,203.188,0.00471417,1
605.428,166.462,11.4164,2.04451,0.0023954,1
582.786,167.591,11.4164,358.468,0.00211294,1
776.088,169.502,11.4164,155.81,0.00155349,1
865.789,173.257,11.4164,178.08,0.00216903,1
735.977,178.39,11.4164,173.705,0.00522528,1
618.81,179.487,11.4164,7.34653,0.00291647,1
170.639,183.99,11.4164,174.069,0.00116231,1
248.037,184.721,11.4164,48.2443,0.00192297,1
880.367,183.659,11.4164,41.1614,0.0034297,1
846.82,187.705,11.4164,157.45,0.00244942,1
768.534,194.208,11.4164,175.42,0.0011352,1
588.078,198.818,11.4164,2.07161,0.00141939,1
856.658,197.839,11.4164,127.549,0.00465275,1
737.983,202.3,11.4164,173.133,0.00551425,1
589.641,224.17,11.4164,356.416,0.00254563,1
772.453,224.097,11.4164,352.344,0.00179325,1
910.139,230.156,11.4164,169.515,0.0011664,1
674.142,235.537,11.4164,13.2735,0.00129118,1
438.607,245.404,11.4164,300.939,0.00252913,1
415.108,250.823,16.1452,179.074,0.0141719,1
774.73,249.421,11.4164,354.832,0.00135322,1
419.932,249.632,11.4164,296.307,0.00487632,1
352.656,256.094,11.4164,344.771,0.00540314,1
555.711,260.642,11.4164,86.7696,0.00286342,1
446.563,263.733,11.4164,318.746,0.00315908,1
539.684,265.388,11.4164,82.9848,0.00240188,1
514.038,268.745,11.4164,74.0427,0.00342656,1
744.629,268.475,11.4164,177.416,0.0031809,1
557.224,273.715,13.5765,251.654,0.00205533,1
515.085,276.614,11.4164,270.059,0.00328131,1
901.035,278.464,11.4164,176.861,0.0011264,1
594.895,281.529,11.4164,353.248,0.00142044,1
453.595,286.504,11.4164,333.312,0.00525507,1
414.916,291.04,11.4164,172.16,0.00625548,1
423.682,290.114,11.4164,168.349,0.00416224,1
671.094,289.986,11.4164,31.8809,0.00231893,1
746.239,292.754,11.4164,177.919,0.00389745,1
356.681,297.058,11.4164,352.496,0.00644687,1
470.55,297.202,11.4164,333.129,0.00274396,1
322.317,299.143,11.4164,195.172,0.00692732,1
439.096,301.419,11.4164,335.164,0.00647314,1
403.735,304.816,16.1452,177.911,0.00246006,1
682.994,310.734,11.4164,266.924,0.00117835,1
597.724,306.259,11.4164,348.832,0.00155694,1
800.121,307.265,11.4164,352.719,0.00180704,1
369.508,308.09,11.4164,350.173,0.00177566,1
462.732,311.47,11.4164,339.39,0.00353159,1
903.019,309.692,11.4164,183.591,0.00225499,1
308.444,312.801,11.4164,185.323,0.00122474,1
337.75,311.474,11.4164,191.887,0.00471872,1
453.393,312.444,11.4164,331.453,0.00379708,1
426.111,315.339,11.4164,185.464,0.00428482,1
417.359,316.393,11.4164,180.694,0.00641238,1
780.564,317.785,11.4164,356.08,0.00134325,1
358.809,321.448,11.4164,348.236,0.00590083,1
632.181,322.901,11.4164,340.065,0.00221231,1
663.392,321.554,11.4164,300.211,0.00434158,1
321.998,324.907,11.4164,184.908,0.00489142,1
682.121,327.392,11.4164,296.497,0.0010421,1
375.114,327.989,11.4164,347.186,0.0017055,1
750.336,330.991,11.4164,175.065,0.0078537,1
456.251,334.49,11.4164,87.1321,0.00353695,1
464.768,334.505,11.4164,82.7901,0.00382752,1
428.316,338.28,11.4164,172.666,0.00181074,1
405.002,337.926,11.4164,174.491,0.00167689,1
823.575,341.314,11.4164,271.027,0.00536927,1
360.91,343.019,11.4164,354.753,0.00725981,1
324.226,345.871,11.4164,162.84,0.00558757,1
641.068,345.799,11.4164,298.564,0.00316274,1
461.333,350.768,11.4164,83.5518,0.0109351,1
655.885,351.087,11.4164,307.02,0.00182045,1
415.899,352.094,11.4164,168.306,0.00256609,1
435.732,354.89,11.4164,162.116,0.00105914,1
342.154,356.243,11.4164,86.0311,0.00111121,1
675.904,356.991,11.4164,311.89,0.00210526,1
608.914,359.102,11.4164,337.47,0.00426129,1
300.813,363.373,11.4164,334.248,0.00176807,1
428.707,363.265,11.4164,159.044,0.00146054,1
624.017,364.437,11.4164,210.449,0.00270698,1
856.225,364.065,11.4164,282.311,0.00228081,1
412.265,366.986,11.4164,159.874,0.00520686,1
457.752,369.632,16.1452,319.445,0.00350123,1
476.4,366.698,11.4164,321.25,0.00400503,1
820.705,367.719,11.4164,227.139,0.00180526,1
265.852,375.279,11.4164,343.992,0.00107885,1
845.996,376.357,11.4164,281.19,0.00631554,1
678.855,378.041,16.1452,325.032,0.00899583,1
531.756,384.504,11.4164,210.418,0.0326483,1
816.8,385.211,11.4164,227.649,0.00326905,1
107.545,386.615,11.4164,149.402,0.00722033,1
298.987,385.961,11.4164,339.611,0.00415164,1
392.118,388.12,11.4164,253.611,0.00307563,1
892.93,389.524,11.4164,234.548,0.00212243,1
92.8358,391.693,11.4164,44.9403,0.0022663,1
855.352,392.3,11.4164,41.5435,0.00209972,1
685.092,397.46,11.4164,18.7757,0.00286801,1
810.747,400.808,11.4164,212.896,0.001767,1
905.304,399.61,11.4164,211.386,0.00439022,1
116.089,406.688,11.4164,175.492,0.00296375,1
442.566,408.368,11.4164,91.5358,0.00254603,1
826.99,410.255,11.4164,218.72,0.00315772,1
98.3201,413.706,11.4164,172.669,0.0208481,1
414.45,414.663,11.4164,75.7687,0.00538962,1
901.072,415.563,13.5765,195.614,0.00183791,1
154.597,416.77,11.4164,238.75,0.00306075,1
852.852,416.559,11.4164,324.424,0.00310111,1
231.991,418.19,11.4164,76.1922,0.0276674,1
328.781,419.945,11.4164,250.696,0.00296499,1
449.132,423.176,11.4164,261.943,0.00110852,1
837.623,423.268,11.4164,307.809,0.0020515,1
870.073,421.545,11.4164,321.628,0.00139271,1
398.598,425.499,11.4164,52.6204,0.00102706,1
215.591,429.574,11.4164,2.1593,0.00135084,1
245.337,432.032,11.4164,171.206,0.0015349,1
508.047,432.631,11.4164,181.451,0.0019593,1
104.173,435.068,11.4164,182.786,0.00569429,1
458.217,437.959,11.4164,28.4312,0.00802536,1
862.711,439.343,11.4164,319.637,0.00117245,1
299.612,441.969,11.4164,284.976,0.00159062,1
679.19,440.94,16.1452,350.8,0.00302095,1
847.511,442.507,11.4164,306.983,0.00180049,1
431.21,444.789,11.4164,121.021,0.00182705,1
487.746,444.706,11.4164,208.715,0.00568068,1
318.851,447.342,11.4164,276.928,0.00209473,1
408.286,446.598,11.4164,32.8352,0.00327626,1
513.034,446.752,11.4164,191.379,0.00267337,1
129.102,451.334,11.4164,190.64,0.00163691,1
265.453,449.439,11.4164,182.127,0.00612536,1
205.605,451.814,11.4164,4.71516,0.00147932,1
380.72,452.213,11.4164,28.3259,0.00167526,1
456.949,451.623,11.4164,1.79607,0.00168194,1
114.27,457.541,11.4164,193.226,0.00583434,1
235.806,456.272,11.4164,196.868,0.00879995,1
500.38,456.282,11.4164,212.001,0.00172298,1
841.978,456.143,11.4164,295.179,0.00154389,1
364.336,457.681,11.4164,23.7467,0.0012028,1
218.987,460.304,11.4164,7.58787,0.00434768,1
253.887,460.375,11.4164,195.247,0.00133504,1
673.072,460.823,11.4164,338.803,0.00101204,1
94.8724,462.087,11.4164,26.8982,0.00323108,1
425.23,462.651,11.4164,189.477,0.0132317,1
405.205,465.004,11.4164,9.25003,0.00453484,1
230.194,471.762,11.4164,211.272,0.0147557,1
326.061,472.796,11.4164,122.766,0.00278703,1
884.179,472.964,11.4164,171.926,0.00216303,1
118.414,476.193,11.4164,196.9,0.00315483,1
201.442,475.604,11.4164,22.7195,0.00197406,1
680.316,476.202,16.1452,339.347,0.00157225,1
843.727,475.924,11.4164,129.699,0.00115803,1
101.116,480.815,11.4164,198.376,0.0031907,1
293.606,485.336,11.4164,103.644,0.00215867,1
88.2499,487.339,11.4164,10.0121,0.00259129,1
418.801,486.207,11.4164,5.35735,0.0179528,1
102.972,489.206,11.4164,200.181,0.00278564,1
564.814,487.816,11.4164,52.1998,0.00122408,1
213.61,490.231,11.4164,298.36,0.00118223,1
124.341,494.051,11.4164,190.177,0.00108978,1
324.284,495.563,11.4164,252.73,0.00397747,1
892.244,495.785,11.4164,175.468,0.00389199,1
111.941,501.832,11.4164,194.077,0.00152402,1
230.556,504.154,11.4164,251.796,0.00141231,1
653.531,504.177,11.4164,137.703,0.00613779,1
269.808,506.77,11.4164,169.233,0.00373426,1
708.656,506.679,16.1452,330.02,0.00251664,1
467.234,509.539,11.4164,147.382,0.00107927,1
578.425,510.654,11.4164,242.611,0.00165563,1
132.167,512.753,11.4164,175.62,0.00101559,1
533.773,513.43,11.4164,107.368,0.00181322,1
241.078,516.27,11.4164,17.3495,0.00114621,1
90.775,518.109,11.4164,193.024,0.00293558,1
104.491,518.369,11.4164,192.903,0.00260872,1
906.474,521.821,11.4164,46.502,0.00136253,1
692.56,524.321,11.4164,325.933,0.0011201,1
492.039,532.732,11.4164,111.399,0.00563731,1
845.639,535.747,11.4164,86.9295,0.00110748,1
525.26,544.266,11.4164,130.675,0.00120157,1
791.538,547.021,11.4164,0.798844,0.00437457,1
271.894,551.175,11.4164,107.568,0.0017161,1
106.155,553.627,11.4164,82.9465,0.00233259,1
365.98,554.1,11.4164,102.234,0.00104489,1
493.806,555.68,11.4164,281.361,0.00277785,1
240.539,557.969,11.4164,96.6144,0.00121584,1
292.557,558.514,11.4164,93.3509,0.00218544,1
527.771,558.789,11.4164,216.442,0.00114187,1
119.299,561.66,11.4164,78.4591,0.00252361,1
261.707,563.868,11.4164,120.074,0.00182184,1
511.694,564.964,11.4164,251.696,0.00174896,1
482.481,568.167,11.4164,297.232,0.00166354,1
274.114,572.62,11.4164,105.817,0.00124695,1
296.752,575.125,13.5765,89.0269,0.00104712,1
288.461,575.927,11.4164,96.3896,0.00116395,1
810.368,589.53,11.4164,125.701,0.00107626,1
482.773,594.836,13.5765,97.5294,0.00239587,1
767.203,602.144,11.4164,88.895,0.00101306,1
807.188,604.042,11.4164,124.356,0.00412517,1
824.84,607.479,11.4164,124.992,0.00132235,1
425.389,334.962,16.1452,175.295,0.00386752,1
880.619,117.425,16.1452,99.6933,0.00229177,1
565.161,124.329,16.1452,76.6601,0.0011233,1
862.513,126.19,16.1452,89.852,0.00115543,1
799.466,139.422,16.1452,83.7432,0.00201536,1
547.45,142.202,16.1452,261.804,0.00124611,1
749.742,145.847,16.1452,2.97478,0.00348223,1
715.94,151.301,16.1452,173.004,0.00451668,1
784.711,153.482,16.1452,85.3325,0.00380081,1
734.085,155.936,16.1452,170.353,0.00452065,1
764.902,158.018,16.1452,357.878,0.00207158,1
851.768,161.587,16.1452,195.586,0.00404611,1
605.507,166.706,16.1452,6.44076,0.00327935,1
581.882,169.444,16.1452,2.14763,0.00233747,1
735.862,174.756,16.1452,173.742,0.00331936,1
865.119,173.874,16.1452,174.565,0.00200206,1
618.674,183.049,16.1452,12.9646,0.00315817,1
168.638,185.195,16.1452,181.498,0.00153806,1
250.724,183.599,16.1452,344.073,0.00205087,1
880.388,185.921,16.1452,172.56,0.00293749,1
852.701,192.456,16.1452,157.876,0.00688391,1
587.933,194.347,16.1452,2.97135,0.00120375,1
738.103,205.92,16.1452,171.541,0.00451072,1
599.477,209.741,16.1452,6.11423,0.00102971,1
773.139,222.074,16.1452,355.891,0.00208798,1
590.023,226.781,16.1452,356.104,0.00197612,1
761.032,238.598,16.1452,357.139,0.00103917,1
440.198,245.5,16.1452,299.088,0.00285908,1
775.86,253.963,16.1452,357.471,0.00150287,1
349.928,259.658,16.1452,345.518,0.00783408,1
744.716,264.426,16.1452,177.176,0.0022948,1
550.965,267.347,16.1452,257.429,0.00555714,1
516.051,272.411,16.1452,71.4902,0.00646824,1
595.895,277.923,16.1452,353.897,0.00115407,1
453.496,283.051,16.1452,331.058,0.00864121,1
419.111,287.037,16.1452,171.783,0.0095482,1
670.237,290.071,16.1452,277.293,0.00188416,1
353.301,293.94,16.1452,349.793,0.00837786,1
321.585,295.562,16.1452,201.195,0.00884301,1
746.315,296.009,16.1452,179.237,0.0028563,1
470.248,297.467,16.1452,329.13,0.0028649,1
439.042,301.444,16.1452,172.603,0.00764524,1
683.34,307.307,16.1452,279.582,0.00113596,1
370.261,308.393,16.1452,349.727,0.00220229,1
337.848,311.469,16.1452,190.575,0.00522778,1
598.531,309.719,16.1452,348.92,0.00124231,1
307.774,312.929,16.1452,185.164,0.00183386,1
781.53,313.58,16.1452,343.463,0.00138148,1
458.342,315.504,16.1452,334.327,0.00688539,1
711.451,317.415,16.1452,185.638,0.00122951,1
730.569,316.984,16.1452,177.777,0.00108396,1
422.31,319.343,16.1452,180.685,0.0104292,1
662.646,321.4,16.1452,298.524,0.00334293,1
633.623,322.817,16.1452,337.166,0.00217911,1
356.047,325.463,16.1452,351.58,0.00777772,1
379.024,324.099,16.1452,347.354,0.00109188,1
682.14,327.402,16.1452,301.323,0.0010855,1
323.201,328.581,16.1452,181.167,0.00660067,1
749.841,328.663,16.1452,177.425,0.00683204,1
460.105,331.94,16.1452,333.815,0.00806053,1
402.747,335.674,16.1452,175.929,0.00152255,1
358.217,340.81,16.1452,352.139,0.0119101,1
823.408,340.507,16.1452,272.181,0.0039985,1
324.912,343.01,16.1452,166.093,0.00870482,1
642.172,347.607,16.1452,310.484,0.00401169,1
417.082,350.916,16.1452,169.834,0.00273678,1
463.805,350.952,16.1452,320.878,0.006637,1
496.256,349.693,16.1452,172.07,0.00107502,1
675.988,353.8,16.1452,306.915,0.00211349,1
341.954,356.739,16.1452,87.3805,0.00148226,1
606.604,357.044,16.1452,332.317,0.00330127,1
856.534,360.7,16.1452,286.969,0.00148523,1
301.954,361.992,16.1452,336.728,0.00242241,1
818.156,363.387,16.1452,224.93,0.00187217,1
622.775,367.575,16.1452,218.732,0.00210662,1
478.245,366.315,16.1452,319.216,0.00255693,1
408.77,368.733,16.1452,166.786,0.00684561,1
844.935,377.709,16.1452,287.76,0.00858479,1
531.767,384.57,16.1452,238.373,0.0307449,1
298.494,387.42,16.1452,332.755,0.00602742,1
819.429,385.977,16.1452,221.513,0.00265376,1
391.491,391.98,16.1452,250.616,0.00235842,1
466.26,393.902,16.1452,328.8,0.00137851,1
859.199,394.605,16.1452,280.587,0.00318046,1
685.632,399.707,16.1452,13.1665,0.00310484,1
809.596,402.035,16.1452,218.146,0.00226351,1
117.951,407.504,16.1452,226.486,0.00457807,1
446.562,407.867,16.1452,93.2141,0.00290879,1
477.437,411.077,16.1452,39.6361,0.00136254,1
827.219,410.452,16.1452,214.216,0.00303641,1
416.6,414.626,16.1452,250.047,0.0051238,1
154.837,416.486,16.1452,235.146,0.00206509,1
329.247,417.405,16.1452,239.998,0.00434332,1
854.293,417.164,16.1452,309.488,0.0025672,1
232.249,418.275,16.1452,5.07436,0.0256548,1
396.83,424.779,16.1452,56.4435,0.00141114,1
874.917,423.691,16.1452,311.072,0.00163867,1
442.775,426.748,16.1452,95.0649,0.00137763,1
215.03,430.897,16.1452,15.2223,0.00180606,1
511.279,429.648,16.1452,193.393,0.00228195,1
247.885,433.067,16.1452,167.128,0.00196432,1
457.104,437.852,16.1452,24.7749,0.00328247,1
487.17,440.71,16.1452,195.395,0.00810438,1
865.304,440.285,16.1452,317.383,0.00119488,1
303.706,442.701,16.1452,291.053,0.00126184,1
429.909,442.106,16.1452,120.966,0.00206981,1
845.168,441.673,16.1452,313.249,0.00100625,1
406.598,444.677,16.1452,37.632,0.00413823,1
317.599,446.866,16.1452,270.703,0.00176159,1
516.213,447.29,16.1452,205.742,0.00151622,1
265.766,449.391,16.1452,188.792,0.00338915,1
132.465,453.478,16.1452,192.288,0.00219354,1
206.555,453.293,16.1452,20.0888,0.00173122,1
361.876,454.1,16.1452,26.4419,0.00100032,1
381.966,454.014,16.1452,24.4159,0.00170778,1
214.98,457.881,16.1452,25.1187,0.0019767,1
501.856,459.268,16.1452,221.216,0.00141007,1
424.6,465.99,16.1452,196.609,0.0184143,1
231.501,470.794,16.1452,217.242,0.0173311,1
401.164,470.002,16.1452,6.62638,0.00648955,1
326.883,472.539,16.1452,118.831,0.00157886,1
200.558,474.168,16.1452,26.748,0.0025034,1
864.817,475,16.1452,330.631,0.00113587,1
881.385,474.123,16.1452,180.994,0.00152431,1
121.447,477.432,16.1452,192.161,0.00331794,1
446.322,476.024,16.1452,195.236,0.00201658,1
844.307,477.874,16.1452,133.081,0.00132777,1
419.66,483.21,16.1452,195.875,0.0243936,1
294.039,485.665,16.1452,87.7517,0.00188613,1
211.571,491.663,16.1452,286.268,0.00149856,1
325.157,495.501,16.1452,85.0548,0.00239745,1
596.306,496.845,16.1452,213.058,0.00101551,1
227.652,505.381,16.1452,287.612,0.0015412,1
482.955,506.543,16.1452,96.3022,0.00100296,1
653.537,506.038,16.1452,355.957,0.00685993,1
271.37,508.327,16.1452,60.3818,0.00361595,1
404.282,510.627,16.1452,332.82,0.00118086,1
578.987,509.679,16.1452,221.343,0.00128864,1
132.229,512.692,16.1452,177.404,0.00110283,1
534.61,512.453,16.1452,130.608,0.00103176,1
240.898,516.716,16.1452,60.2726,0.00119923,1
689.894,524.639,16.1452,326.937,0.00167356,1
433.319,531.725,16.1452,68.9351,0.00135519,1
493.472,532.412,16.1452,110.101,0.00953451,1
843.328,533.11,16.1452,92.8293,0.00117353,1
224.938,537.673,16.1452,91.8983,0.00107041,1
348.108,539.217,16.1452,66.5188,0.00211773,1
791.184,546.686,16.1452,0.215144,0.00321016,1
291.968,556.826,16.1452,95.4501,0.00276631,1
493.179,555.828,16.1452,286.522,0.00216179,1
237.911,557.667,16.1452,98.8147,0.00181908,1
121.275,561.787,16.1452,80.9994,0.00307955,1
261.489,563.034,16.1452,109.52,0.00260187,1
508.938,566.741,16.1452,75.7942,0.0018706,1
484.124,570.277,16.1452,99.0682,0.00140324,1
273.557,572.91,16.1452,103.405,0.00182839,1
289.304,576.86,16.1452,94.6927,0.00195797,1
580.327,177.972,22.8328,5.06358,0.00183898,2
623.196,189.216,22.8328,20.1367,0.00142769,2
739.197,212.496,22.8328,168.776,0.00132344,2
714.39,221.51,22.8328,168.579,0.00156488,2
382.275,233.081,22.8328,187.713,0.0013314,2
441.811,242.11,22.8328,295.732,0.00133302,2
415.419,256.818,22.8328,182.137,0.0122622,2
348.22,266.274,22.8328,341.91,0.00596073,2
546.723,268.133,22.8328,256.512,0.00931089,2
537.167,272.631,32.2904,270.241,0.0114649,2
419.175,278.064,22.8328,176.736,0.00594945,2
451.314,276.759,22.8328,307.761,0.00265341,2
346.908,284.656,22.8328,347.078,0.00511785,2
325.21,290.179,22.8328,353.188,0.00402334,2
472.146,297.224,22.8328,321.669,0.00103258,2
439.446,301.855,22.8328,178.453,0.00366282,2
400.89,304.759,22.8328,176.892,0.00227665,2
374.266,309.888,22.8328,349.948,0.00174406,2
787.265,307.982,22.8328,344.788,0.00158415,2
304.987,314.049,22.8328,348.007,0.00137578,2
720.931,312.464,22.8328,183.483,0.00236478,2
629.99,317.926,22.8328,337.995,0.00209507,2
294.925,319.206,22.8328,344.539,0.00112584,2
663.914,321.004,22.8328,291.397,0.0018367,2
462.456,324.161,22.8328,326.054,0.00711618,2
749.922,325.458,22.8328,180.503,0.0033917,2
423.165,327.829,22.8328,175.28,0.0083655,2
357.808,334.394,22.8328,347.541,0.0120499,2
325.045,336.761,22.8328,349.178,0.00771953,2
824.093,340.017,22.8328,273.797,0.00105408,2
646.947,351.947,27.1529,300.019,0.00535647,2
470.061,354.174,22.8328,318.058,0.00530702,2
299.79,359.082,22.8328,334.12,0.00170986,2
810.458,361.133,22.8328,210.321,0.00103082,2
400.985,367.406,22.8328,247.478,0.0056704,2
325.222,374.159,22.8328,333.738,0.00162633,2
673.027,378.678,22.8328,336.363,0.00655051,2
456.299,383.243,22.8328,312.057,0.00467763,2
531.404,385.086,22.8328,237.569,0.0140883,2
296.401,388.543,22.8328,333.731,0.00358627,2
390.832,399.462,22.8328,245.515,0.00147994,2
686.462,404.846,22.8328,8.93838,0.00212068,2
802.698,404.907,22.8328,206.704,0.00134289,2
330.319,409.605,22.8328,242.613,0.00376228,2
442.261,409.069,22.8328,245.014,0.00126838,2
473.418,408.981,22.8328,328.066,0.00133955,2
423.486,413.708,22.8328,244.627,0.00169076,2
232.559,417.956,22.8328,12.1053,0.00849689,2
392.514,422.055,22.8328,244.42,0.00123014,2
518.317,424.699,22.8328,233.393,0.00129515,2
435.53,435.648,22.8328,112.246,0.00294904,2
489.353,439.028,22.8328,217.009,0.00905114,2
682.857,441.125,22.8328,350.761,0.00311602,2
232.557,464.649,22.8328,18.6623,0.0221644,2
394.862,474.329,22.8328,355.464,0.00175615,2
423.587,474.416,22.8328,201.624,0.027062,2
674.382,475.395,22.8328,341.143,0.00180854,2
373.873,481.704,22.8328,14.5087,0.00113871,2
451.211,483.498,22.8328,205.194,0.00236183,2
586.902,498.096,22.8328,210.868,0.00121534,2
708.036,498.32,22.8328,330.331,0.00395252,2
219.928,505.359,22.8328,97.3981,0.00121877,2
396.55,506.68,22.8328,291.919,0.00109219,2
624.515,505.519,22.8328,50.5529,0.00127429,2
272.233,509.135,22.8328,111.726,0.00168222,2
653.587,508.178,22.8328,347.594,0.00298177,2
684.581,523.113,22.8328,329.841,0.00199226,2
379.166,238.444,32.2904,192.669,0.00349782,2
625.438,247.394,32.2904,4.30756,0.00135253,2
317.857,252.223,32.2904,354.551,0.00138932,2
423.732,267.894,32.2904,180.601,0.0145958,2
344.016,278.726,32.2904,349.226,0.0109338,2
396.067,304.911,32.2904,180.162,0.00337491,2
715.178,308.02,32.2904,187.235,0.00235175,2
293.088,314.706,32.2904,343.585,0.00124395,2
634.117,315.129,32.2904,333.883,0.00358216,2
750.051,318.108,32.2904,181.484,0.00278213,2
464.487,321.373,32.2904,306.743,0.00258296,2
429.054,333.241,32.2904,177.343,0.00812388,2
349.815,336.041,32.2904,348.748,0.00929625,2
473.095,355.375,32.2904,316.493,0.00434642,2
395.704,362.744,32.2904,244.396,0.00767927,2
664.006,374.574,32.2904,0.321231,0.00632195,2
332.404,381.014,32.2904,338.918,0.00377244,2
448.716,382.292,32.2904,189.868,0.00486729,2
531.492,385.006,32.2904,239.075,0.0113556,2
295.703,389.353,32.2904,333.012,0.00158839,2
332.162,400.579,32.2904,247.274,0.00435237,2
386.581,410.987,32.2904,245.117,0.00217026,2
685.338,414.885,32.2904,356.331,0.00213345,2
232.005,417.845,32.2904,2.14613,0.00294735,2
526.155,423.031,32.2904,240.781,0.00173468,2
685.643,442.538,32.2904,347.555,0.00324452,2
488.067,444.113,32.2904,217.862,0.00874987,2
346.939,448.697,32.2904,246.356,0.00106677,2
231.986,465.765,32.2904,12.3601,0.021199,2
