476.592,2.39664,1.88414,99.5864,0.0302868,3473919
324.247,2.95416,2.11419,234.201,0.014489,11796991
366.879,3.46655,1.98967,239.848,0.0188092,7406079
396.811,4.09477,2.0631,63.7389,0.023636,10027519
536.651,3.90673,1.91074,179.579,0.0214946,4456959
758.232,5.07209,1.88468,185.592,0.0145893,3473919
332.152,5.58282,1.91465,354.247,0.0269592,4653567
325.262,5.95127,1.86134,204.454,0.0227915,2556415
393.879,6.04148,1.85409,61.5252,0.024179,2294271
319.566,6.27744,1.92343,229.276,0.0153844,4981247
19.1016,6.97899,2.04366,297.517,0.023304,9372159
19.1016,6.97899,2.04366,40.1373,0.023304,9372159
205.104,6.8212,1.88259,229.619,0.0317574,3408383
476.904,8.29093,1.92242,296.103,0.0171942,4915711
536.905,8.31439,2.2006,178.691,0.0206738,14680575
734.826,9.71156,1.84734,5.87994,0.0230016,2032127
385.156,10.1298,1.9835,60.1813,0.0223529,7209471
450.921,10.5147,1.82966,229.277,0.0392162,1376767
450.921,10.5147,1.82966,52.8399,0.0392162,1376767
865.546,11.0166,2.02268,171.048,0.0691793,8585727
865.546,11.0166,2.02268,5.69452,0.0691793,8585727
485.615,11.5102,2.09073,311.992,0.0229534,11010559
833.967,11.5425,2.10294,252.581,0.0351301,11403775
242.884,12.059,2.19811,203.119,0.0153787,14615039
537.004,12.1584,2.17093,176.564,0.019139,13697535
43.9987,12.6459,1.87008,206.889,0.0212802,2949631
308.996,12.9519,2.03755,232.554,0.0190554,9110015
268.312,14.4251,1.80427,162.894,0.0182606,328191
195.727,14.8613,1.92455,229.836,0.0328169,4981247
376.59,15.0539,1.98925,67.7932,0.0225868,7406079
321.109,15.3568,2.25483,124.93,0.014514,16450047
321.109,15.3568,2.25483,50.337,0.014514,16450047
489.212,15.6777,1.81439,319.384,0.0196072,721407
243.981,15.9803,1.92781,206.307,0.0164761,5112319
302.286,16.241,2.06099,12.2041,0.015251,9961983
212.017,16.4186,1.8174,50.4281,0.0205601,852479
537.233,16.4265,2.08382,176.584,0.0208808,10748415
727.538,16.9887,2.01673,5.23279,0.0136083,8389119
191.375,18.6106,2.1814,230.243,0.0323733,14090751
31.9296,19.2329,1.94316,41.4669,0.0384662,5702143
829.5,19.5391,2.19961,61.9459,0.0267511,14680575
863.253,20.4588,2.05601,16.5103,0.0403481,9765375
335.526,21.1732,1.81349,241.16,0.0178946,721407
28.3148,22.237,2.16825,43.7689,0.0462861,13631999
875.347,22.5658,1.89185,358.263,0.0433081,3736063
51.9685,22.5982,2.17679,357.521,0.0173545,13894143
51.9685,22.5982,2.17679,191.167,0.0173545,13894143
21.8126,23.5712,2.13372,1.89365,0.0362044,12452351
25.4631,23.5803,2.25141,123.419,0.033804,16318975
335.096,24.1647,2.15739,240.706,0.023584,13238783
873.083,24.1063,1.79876,171.866,0.0228168,131583
893.963,23.9891,1.85454,179.868,0.0335864,2294271
537.608,24.6523,2.03338,176.146,0.0182768,8978943
730.835,25.0019,1.89605,354.651,0.0200847,3932671
350.445,25.5575,2.12476,61.0691,0.0315061,12190207
200.104,25.8388,1.93161,48.4283,0.0218867,5243391
353.145,26.9823,1.8061,63.0681,0.0285959,393727
894.009,27.9244,1.83344,179.878,0.0304704,1507839
20.1556,28.651,1.92261,84.8535,0.0410898,4915711
20.1556,28.651,1.92261,36.5366,0.0410898,4915711
768.866,29.1284,1.83131,248.928,0.0560842,1442303
728.61,31.1314,1.84612,351.575,0.0168921,1966591
759.522,30.9541,1.92055,177.691,0.015763,4850175
878.328,31.2827,2.05307,270.396,0.0328463,9699839
231.523,32.3569,2.20509,225.731,0.0364369,14877183
231.523,32.3569,2.20509,186.3,0.0364369,14877183
341.144,33.6492,1.97492,3.3472,0.0290076,6881791
341.144,33.6492,1.97492,33.3408,0.0290076,6881791
809.483,33.716,2.67304,78.5019,0.0242166,12059391
728.892,34.558,2.16463,351.114,0.0156081,13500927
801.649,35.9066,2.14445,168.986,0.0404844,12845567
801.649,35.9066,2.14445,83.6417,0.0404844,12845567
538.138,36.6947,2.05941,191.878,0.0203539,9896447
863.325,36.3281,2.11069,71.0431,0.051829,11665919
894.278,36.6201,1.85644,177.74,0.028824,2425343
169.6,36.9914,1.88744,230.969,0.0332643,3604991
307.357,37.236,1.9078,160.129,0.0259657,4391423
873.313,37.6625,2.19156,167.089,0.0340988,14418431
873.313,37.6625,2.19156,88.6414,0.0340988,14418431
732.161,38.4702,1.94152,346.298,0.0246516,5636607
220.522,39.6904,1.92513,236.873,0.0407682,5046783
220.522,39.6904,1.92513,57.1393,0.0407682,5046783
275.177,39.3278,2.15536,8.06409,0.0216729,13173247
11.6667,40.134,2.1144,299.032,0.0355175,11796991
11.6667,40.134,2.1144,15.224,0.0355175,11796991
363.452,41.1085,2.10441,251.337,0.015602,11469311
538.474,41.056,2.09856,179.374,0.0185322,11272703
293.302,41.3641,2.03256,4.63687,0.0197445,8978943
374.458,41.8243,1.95591,299.422,0.0154028,6160895
43.0949,42.3325,2.05167,174.433,0.0257187,9634303
283.973,42.3427,1.82524,201.268,0.0196439,1180159
340.528,42.3657,2.09201,13.0137,0.0230665,11010559
359.28,42.9615,2.00647,240.089,0.0194283,7995903
497.995,42.9585,2.21378,349.298,0.0172668,15139327
330.467,43.71,2.06634,198.599,0.025213,10158591
16.9626,44.3789,1.92014,66.3564,0.0204492,4850175
16.9626,44.3789,1.92014,34.1945,0.0204492,4850175
333.236,44.4035,2.14462,198.365,0.016217,12845567
771.601,44.5513,2.07004,359.325,0.045098,10289663
771.601,44.5513,2.07004,239.778,0.045098,10289663
771.601,44.5513,2.07004,105.079,0.045098,10289663
5.35604,45.3069,2.01453,353.084,0.0464176,8323583
5.35604,45.3069,2.01453,148.599,0.0464176,8323583
5.35604,45.3069,2.01453,111.549,0.0464176,8323583
538.842,45.58,2.1333,175.258,0.0197903,12452351
223.847,46.1933,2.07997,169.386,0.0145263,10617343
811.433,46.36,1.95149,347.479,0.0316817,6029823
811.433,46.36,1.95149,264.206,0.0316817,6029823
823.073,48.0641,1.88029,70.6168,0.0200489,3342847
731.683,48.3359,2.04928,348.694,0.0153668,9568767
802.072,51.5773,1.99516,247.335,0.0498161,7602687
802.072,51.5773,1.99516,81.3813,0.0498161,7602687
811.805,51.3083,2.04117,60.4044,0.0286805,9241087
811.805,51.3083,2.04117,12.398,0.0286805,9241087
71.8668,51.8785,2.14389,15.5022,0.015517,12780031
760.192,52.4858,1.86724,180.208,0.0136314,2818559
796.814,53.1475,1.9855,259.177,0.0508633,7275007
796.814,53.1475,1.9855,61.1233,0.0508633,7275007
210.247,54.1984,2.36455,3.68268,0.0359928,3212031
305.166,54.9498,1.86327,230.114,0.0199959,2687487
305.166,54.9498,1.86327,45.5609,0.0199959,2687487
732.936,55.0492,1.9525,349.316,0.0143382,6029823
66.0597,55.8978,2.08106,174.048,0.0148542,10682879
10.7265,56.3887,1.96468,87.1659,0.0548964,6488575
294.573,56.5539,2.02423,348.76,0.0135097,8651263
325.165,57.2058,1.99552,237.722,0.014327,7602687
539.409,57.5746,2.07438,176.174,0.0196745,10420735
72.8682,58.0677,2.09105,29.4068,0.0350442,11010559
291.959,58.1535,2.01212,210.216,0.0148382,8192511
500.039,59.4005,1.97571,356.13,0.016375,6881791
266.577,59.8707,1.80955,130.531,0.0178666,524799
390.337,60.3504,1.9532,332.524,0.0188474,6095359
79.4352,61.4621,2.05118,176.057,0.0209876,9634303
277.708,61.5076,2.25753,220.744,0.0186245,16515583
277.708,61.5076,2.25753,119.801,0.0186245,16515583
426.189,61.4229,1.90082,187.538,0.0394282,4129279
426.189,61.4229,1.90082,10.7296,0.0394282,4129279
304.736,62.1565,1.95313,151.998,0.0205406,6095359
539.589,61.7877,2.22832,183.502,0.0202356,15598079
230.449,62.367,2.07317,179.387,0.0178254,10355199
737.278,63.0688,1.94196,349.55,0.0212089,5636607
72.0905,63.6457,2.1743,26.4343,0.0217283,13828607
760.593,63.5072,1.93986,174.223,0.0143977,5571071
300.263,64.4874,2.03816,336.144,0.0243623,9175551
734.973,65.679,2.12762,349.762,0.0157086,12255743
221.968,67.5401,2.08802,232.958,0.0645733,10879487
221.968,67.5401,2.08802,89.4402,0.0645733,10879487
265.959,67.6432,1.95173,42.6836,0.0165595,6029823
425.46,67.3089,2.07319,182.004,0.0351722,10355199
425.46,67.3089,2.07319,9.35532,0.0351722,10355199
809.798,67.6482,1.85708,4.8981,0.046511,2425343
809.798,67.6482,1.85708,171.153,0.046511,2425343
276.998,67.9758,1.93585,279.084,0.0161967,5439999
281.842,67.9064,2.02569,35.5592,0.0149996,8716799
188.075,69.0514,1.88986,3.14191,0.0382303,3670527
735.453,68.7994,1.89623,350.107,0.0151269,3932671
231.019,69.6891,1.91218,175.909,0.0179635,4522495
539.88,70.0662,2.0914,180.96,0.0207269,11010559
217.621,70.2844,2.26059,57.3269,0.077104,16646655
425.136,70.4494,2.23558,184.611,0.034817,15860223
425.136,70.4494,2.23558,5.87036,0.034817,15860223
503.478,70.6381,1.95633,356.541,0.0204588,6160895
760.804,70.8201,1.93977,179.167,0.0143484,5571071
200.119,72.6289,1.94268,178.745,0.0168562,5702143
427.484,72.5015,1.90709,183.389,0.0183997,4325887
270.286,72.8304,1.95312,108.743,0.0155358,6095359
739.056,72.961,2.02767,348.032,0.0141993,8782335
782.173,72.448,2.69282,6.1459,0.0299959,12583679
809.958,73.0551,1.92038,357.502,0.0419348,4850175
809.958,73.0551,1.92038,179.532,0.0419348,4850175
424.862,74.1752,1.95693,181.211,0.0364582,6226431
540.018,74.2598,2.18988,174.824,0.0189416,14352895
761.014,74.3346,1.80693,173.237,0.0137234,459263
862.354,75.1432,1.91017,80.559,0.019538,4456959
878.34,75.3174,1.87455,349.001,0.0289091,3080703
427.558,76.2484,2.17533,180.353,0.0165385,13894143
531.934,76.0047,1.86693,66.7237,0.0134193,2818559
218.543,77.125,1.91003,235.934,0.0680826,4456959
772.539,77.0072,1.8973,353.659,0.0405373,3998207
260.296,78.4951,1.97791,307.804,0.019152,7012863
260.296,78.4951,1.97791,193.087,0.019152,7012863
540.206,78.5267,2.20935,177.542,0.0187362,15008255
827.949,78.6925,2.19236,262.111,0.053423,14418431
737.53,78.9399,2.17072,348.24,0.0146111,13697535
812.876,79.7632,2.10528,265.368,0.0305228,11469311
807.855,81.0195,1.95449,239.88,0.0303886,6095359
807.855,81.0195,1.95449,193.612,0.0303886,6095359
427.512,81.5616,2.1838,178.39,0.0174873,14156287
166.454,82.0274,2.10631,355.119,0.0321516,11534847
166.454,82.0274,2.10631,174.059,0.0321516,11534847
804.154,81.8819,1.99798,258.977,0.0202155,7733759
223.275,82.7163,1.96859,173.54,0.0506314,6619647
273.418,82.5459,1.92935,345.376,0.0144975,5177855
501.455,82.3539,1.90307,357.311,0.0186356,4194815
424.764,83.916,2.2071,178.477,0.0347225,14942719
258.139,84.7136,1.93543,119.611,0.0155951,5439999
803.16,84.7293,1.91821,256.908,0.0470973,4784639
797.961,85.9486,2.00022,261.759,0.0494052,7799295
797.961,85.9486,2.00022,65.6878,0.0494052,7799295
256.977,87.6819,2.27203,123.408,0.0200483,328447
37.8922,88.5728,2.07556,306.946,0.0582726,10486271
37.8922,88.5728,2.07556,46.3732,0.0582726,10486271
28.2099,89.6515,1.98613,57.9301,0.0439902,7275007
260.775,89.4081,2.11139,200.14,0.0156598,11731455
260.775,89.4081,2.11139,112.724,0.0156598,11731455
31.7466,90.5707,2.01869,257.402,0.0436829,8454655
31.7466,90.5707,2.01869,29.7307,0.0436829,8454655
219.028,90.5302,1.91223,350.129,0.0545537,4522495
24.0854,90.9449,1.82136,340.009,0.0276703,1049087
24.0854,90.9449,1.82136,314.755,0.0276703,1049087
24.0854,90.9449,1.82136,65.8604,0.0276703,1049087
24.0854,90.9449,1.82136,18.1146,0.0276703,1049087
184.087,91.8765,1.84099,179.994,0.0163298,1769983
16.4697,92.6001,1.8736,200.64,0.0182535,3080703
501.976,94.1593,1.89004,358.352,0.0187896,3670527
893.285,94.5519,2.17698,249.606,0.0328442,13894143
893.285,94.5519,2.17698,164.472,0.0328442,13894143
759.224,94.8568,1.98071,180.943,0.0162524,7078399
798.33,94.8762,2.05442,353.394,0.0586436,9699839
264.605,95.7095,2.0512,223.034,0.0172931,9634303
264.605,95.7095,2.0512,139.724,0.0172931,9634303
7.40641,95.0262,2.54817,53.955,0.0194855,8585983
518.982,96.0106,1.83595,243.271,0.0155732,1573375
518.982,96.0106,1.83595,82.0688,0.0155732,1573375
740.949,96.1797,2.05331,352.628,0.0149848,9699839
28.0114,96.9989,1.81569,77.2759,0.027477,786943
13.6787,97.3037,2.11984,136.265,0.0296974,11993599
177.868,97.4943,1.86357,216.447,0.0584251,2687487
10.6225,97.8538,2.00085,315.091,0.0522269,7799295
10.6225,97.8538,2.00085,132.396,0.0522269,7799295
260.081,98.0704,1.80081,332.113,0.0242202,197119
260.081,98.0704,1.80081,174.565,0.0242202,197119
743.923,97.997,2.21602,351.784,0.0197031,15204863
501.95,98.3416,2.08746,355.92,0.0178146,10879487
2.99301,98.7892,2.08462,219.49,0.0172729,10813951
428.375,98.9107,2.01449,177.615,0.018283,8323583
42.3527,100.039,1.86,117.833,0.0320358,2556415
246.099,99.8164,1.86451,181.918,0.0146495,2687487
343.514,101.394,1.92694,180.042,0.0357333,5112319
202.152,102.128,2.04896,176.822,0.0136895,9503231
257.703,102.15,1.92089,22.6981,0.0158907,4850175
428.48,102.562,1.89349,177.176,0.0170226,3801599
7.13374,103.081,1.99401,214.66,0.0182543,7537151
541.442,102.783,2.1107,175.402,0.0166853,11665919
798.253,103.342,2.34125,71.6696,0.0625112,2491135
265.684,103.933,1.93994,188.295,0.0167876,5571071
425.864,104.168,2.1215,176.802,0.0337335,12059135
398.741,104.602,2.43146,358.223,0.0197951,5178111
745.074,104.679,1.88915,352.455,0.0183785,3670527
218.013,104.92,1.80246,249.549,0.0478955,262655
782.499,106.097,1.98636,82.5655,0.0443477,7275007
880.667,105.888,1.98249,261.193,0.0189692,7143935
343.417,106.968,1.95019,179.488,0.0360256,5964287
208.579,107.52,1.83694,238.171,0.0402645,1638911
425.993,107.636,2.21853,359.379,0.0373378,15270399
425.993,107.636,2.21853,175.205,0.0373378,15270399
775.203,107.352,2.01604,87.6788,0.0427561,8389119
47.9359,107.808,2.13228,168.533,0.0183469,12386815
77.547,110.128,2.12248,352.668,0.0315747,12059135
743.432,109.994,2.25986,350.638,0.0146891,16646655
853.911,110.091,1.87559,262.926,0.0230624,3146239
246.136,110.351,1.84837,183.761,0.0166712,2097663
256.562,110.504,1.98033,194.812,0.0168336,7078399
256.562,110.504,1.98033,45.7408,0.0168336,7078399
399.117,111.096,2.17134,359.57,0.0214241,13697535
542.001,110.783,1.9176,143.061,0.0226771,4719103
263.036,112.299,1.81947,200.618,0.0180828,918015
428.897,112.576,1.89283,176.945,0.0177856,3801599
193.218,115.129,1.82531,242.456,0.0415952,1180159
343.376,114.912,2.05308,175.177,0.0377072,9699839
756.399,115.655,2.11051,69.2076,0.0176221,11665919
772.75,115.479,1.98419,263.67,0.0390158,7209471
83.5693,116.635,2.10473,174.767,0.0180231,11469311
744.093,116.908,2.15067,55.1125,0.0207273,13042175
806.107,117.346,2.16364,260.631,0.0234852,13500927
343.731,118.206,1.9927,356.826,0.0354366,7537151
343.731,118.206,1.9927,175.098,0.0354366,7537151
14.434,119.055,1.83822,356.43,0.0247449,1704447
346.303,119.101,1.85233,176.678,0.0181181,2228735
429.572,118.94,2.19529,177.434,0.0168105,14549503
265.211,119.477,2.045,235.434,0.0147058,9372159
17.3659,119.841,2.00163,354.887,0.0161985,7864831
258.345,119.935,2.0429,182.262,0.0207071,9306623
539.549,120.028,1.88669,178.137,0.0232736,3539455
343.871,120.377,2.09014,357.711,0.0352592,10945023
343.871,120.377,2.09014,176.79,0.0352592,10945023
426.9,121.133,2.16791,176.124,0.0340608,13631999
783.344,121.139,2.14429,259.31,0.0247246,12845567
346.535,121.995,1.94986,173.493,0.0180289,5964287
30.177,122.226,2.08832,298.622,0.0179624,10879487
130.957,122.544,1.84145,298.19,0.018179,1835519
31.5917,125.283,1.89389,294.548,0.0306593,3867135
734.96,126.107,2.07695,359.14,0.0144911,10486271
427.177,127.534,1.97176,7.66431,0.0211018,6750719
344.515,129.342,1.93157,356.838,0.035013,5243391
344.515,129.342,1.93157,175.731,0.035013,5243391
735.514,129.371,1.83774,357.65,0.0149151,1638911
45.7521,130.047,2.13188,237.968,0.0288606,12386815
759.508,130.852,1.99839,81.0364,0.0170016,7733759
36.4775,134.116,2.22897,307.414,0.0335812,15598079
41.4567,135.391,1.87227,227.734,0.0186598,3015167
347.38,136.439,1.79906,179.184,0.0175601,131583
44.2055,138.135,2.057,292.158,0.0327663,9830911
44.2055,138.135,2.057,159.152,0.0327663,9830911
344.943,137.654,2.10362,179.079,0.0343931,11469311
738.834,137.84,1.90704,357.125,0.025926,4325887
40.9015,138.393,1.91856,159.572,0.0312119,4784639
532.159,139.445,2.03484,351.943,0.0223183,9044479
48.0711,142.109,2.11954,226.944,0.0191715,11993599
48.0711,142.109,2.11954,185.265,0.0191715,11993599
533.41,143.271,2.72478,350.604,0.0217851,13435647
88.1833,143.777,1.97713,173.636,0.0163902,6947327
345.443,143.517,1.83897,172.755,0.0358046,1704447
15.3841,144.317,2.16516,150.479,0.0193904,13500927
15.3841,144.317,2.16516,78.4724,0.0193904,13500927
15.3841,144.317,2.16516,33.9366,0.0193904,13500927
18.9155,145.099,2.03344,152.653,0.0162218,8978943
18.9155,145.099,2.03344,114.558,0.0162218,8978943
738.951,144.926,1.85054,358.041,0.0243848,2163199
272.915,145.908,1.8811,106.818,0.0146474,3342847
230.082,147.577,1.98567,178.007,0.019335,7275007
236.235,149.096,1.80889,178.919,0.0154704,524799
348.401,150.483,1.9489,178.646,0.0159703,5898751
79.6499,152.112,1.88512,2.64557,0.0139897,3473919
345.991,152.034,1.81972,356.129,0.034581,983551
345.991,152.034,1.81972,176.79,0.034581,983551
739.083,151.911,1.9485,354.198,0.0264288,5898751
86.4699,153.915,2.09791,176.418,0.0182582,11272703
205.904,157.034,1.79701,178.132,0.0167676,66047
736.374,157.406,1.97112,359.297,0.0162735,6750719
228.407,157.917,2.10116,179.386,0.0157206,11338239
639.59,158.209,2.12328,106.827,0.0138758,12124671
739.558,159.198,1.99301,357.081,0.0277945,7537151
851.421,159.206,1.81664,265.096,0.0141952,852479
851.421,159.206,1.81664,68.3308,0.0141952,852479
368.474,160.92,1.83599,62.1453,0.0235032,1573375
896.022,161.195,1.86728,83.8378,0.0153989,2818559
739.756,161.95,2.02041,355.738,0.0215817,8520191
263.396,164.405,1.96848,238.02,0.0152673,6619647
736.566,164.725,2.01554,356.958,0.0147991,8323583
246.381,165.106,2.0732,237.57,0.0319601,10355199
271.238,169.893,2.04896,135.696,0.0168918,9503231
348.387,168.955,1.99054,168.171,0.0343079,7471615
628.317,169.444,1.96463,274.126,0.0143318,6488575
628.317,169.444,1.96463,89.6876,0.0143318,6488575
271.297,169.953,2.08526,135.189,0.0166542,10813951
622.376,170.416,1.88515,149.325,0.0159584,3539455
622.376,170.416,1.88515,97.1642,0.0159584,3539455
647.055,170.435,1.95001,150.539,0.0273516,5964287
90.3863,171.702,1.89139,179.388,0.0157514,3736063
615.419,171.852,1.99584,99.1274,0.013575,7602687
627.589,171.974,1.96295,90.973,0.0164192,6423039
751.568,172.042,1.81153,80.6491,0.0159939,655871
175.926,172.364,1.84892,359.115,0.0328573,2097663
634.817,172.793,1.96444,144.473,0.0159446,6488575
634.817,172.793,1.96444,21.4521,0.0159446,6488575
739.934,173.172,2.03452,356.41,0.023509,9044479
620.799,174.906,1.97186,271.539,0.0194538,6750719
632.505,174.837,1.96717,264.514,0.0204026,6619647
632.505,174.837,1.96717,93.0778,0.0204026,6619647
648.382,174.924,2.22529,271.057,0.0310274,15532543
648.382,174.924,2.22529,157.154,0.0310274,15532543
607.212,175.306,2.18028,42.8048,0.0208045,14025215
544.409,175.799,2.14225,175.765,0.0228222,12780031
183.101,177.851,1.8916,7.53964,0.0265755,3736063
737.149,178.729,1.8177,358.405,0.0150705,852479
186.437,180.126,1.90109,167.795,0.0178726,4129279
740.049,180.294,1.87681,1.78583,0.0210446,3211775
338.146,182.23,1.84781,241.323,0.0170186,2032127
229.535,182.681,1.84105,236.286,0.0566727,1769983
229.535,182.681,1.84105,40.2885,0.0566727,1769983
740.038,183.012,2.0106,358.119,0.0211693,8192511
892.166,183.6,2.23571,90.8589,0.0172062,15860223
135.408,184.027,2.02387,88.1583,0.0194396,8651263
816.461,184.122,1.84417,88.0387,0.0134771,1901055
877.634,185,2.02888,88.6326,0.0169528,8847871
881.438,184.809,1.93655,86.5429,0.0147029,5439999
317.292,185.263,2.31217,55.5536,0.0307906,1573631
317.292,185.263,2.31217,8.20282,0.0307906,1573631
212.939,186.163,2.17858,247.026,0.0218334,13959679
864.103,186.041,2.15155,90.9302,0.0157105,13042175
849.781,187.459,1.86165,86.894,0.0167193,2621951
76.6625,188.299,1.85783,349.722,0.0150396,2425343
833.357,188.67,1.95645,85.6379,0.0162062,6160895
838.029,188.371,1.84331,86.0735,0.0165795,1901055
824.978,189.254,1.86464,81.8716,0.0161597,2687487
83.3828,190,2.21418,0.907593,0.0242292,15139327
808.212,190.681,1.85962,84.3367,0.017662,2490879
801.101,191.146,2.00463,85.4846,0.0178729,7930367
796.371,191.729,1.94613,82.243,0.01655,5833215
275.967,192.706,2.10198,352.759,0.0265651,11403775
784.342,192.648,1.95574,80.132,0.0154675,6160895
776.998,193.086,1.82137,90.5593,0.0134125,1049087
772.795,193.598,1.86606,85.0568,0.0162681,2753023
539.476,193.993,2.12381,350.169,0.0240493,12124671
765.872,194.132,1.91992,89.6103,0.0148505,4850175
896.715,193.888,2.31013,266.739,0.0148869,1508095
740.359,194.438,1.92652,4.92065,0.0196466,5046783
892.45,194.358,1.98252,262.035,0.015588,7143935
177.991,195.909,1.94248,354.754,0.0295359,5702143
92.6359,197.119,2.10901,173.658,0.0156941,11600383
889.169,197.179,2.23897,268.297,0.013542,15925759
734.116,203.514,2.11164,9.96811,0.0167435,11731455
754.921,204.053,2.07077,270.663,0.014649,10289663
168.566,207.433,2.03456,250.631,0.0272011,9044479
165.449,208.848,2.05084,251.589,0.0254029,9568767
165.449,208.848,2.05084,57.2172,0.0254029,9568767
277.807,209.497,2.19395,268.735,0.0249016,14483967
881.787,209.869,1.96178,98.1297,0.0169848,6357503
276.579,212.185,2.01956,270.051,0.0145921,8520191
239.975,213.11,2.02059,269.774,0.0153451,8520191
231.135,213.41,2.07623,268.808,0.0154681,10486271
205.193,214.14,2.20607,269.365,0.0133425,14877183
543.907,214.867,1.84123,4.36145,0.0382364,1769983
543.907,214.867,1.84123,177.651,0.0382364,1769983
187.725,216.034,1.9506,239.201,0.0181778,5964287
764.64,217.865,2.21488,66.9393,0.0154658,15139327
839.077,218.088,2.12837,278.189,0.0210877,12255743
91.9667,218.794,2.05983,261.111,0.0136657,9896447
91.9667,218.794,2.05983,170.436,0.0136657,9896447
737.107,218.999,1.91432,0.440735,0.0218487,4588031
847.436,219.37,2.19898,278.304,0.0228689,14615039
798.748,221.405,2.26068,253.136,0.0271277,16646655
792.984,223.439,2.21618,249.396,0.0253812,15204863
830.344,223.971,2.03605,101.109,0.0279217,9044479
737.693,229.927,2.06536,357.666,0.0196352,10093055
877.168,241.857,2.1438,104.959,0.0139547,12780031
19.6147,261.476,1.86554,53.7885,0.0192574,2753023
477.63,262.386,2.16533,318.727,0.0227313,13500927
835.375,264.516,1.93606,176.608,0.0365709,5439999
23.4241,265.659,1.83606,138.416,0.0167212,1573375
684.524,270.567,2.13276,119.807,0.0136622,12452351
741.921,270.678,1.8407,359.395,0.0245273,1769983
810.682,272.046,1.89058,90.1998,0.0155958,3736063
652.07,274.018,1.86325,115.714,0.0165867,2687487
40.2675,274.658,1.87402,96.5686,0.042268,3080703
848.46,275.57,2.08431,276.553,0.0462603,10748415
648.626,276.065,1.87998,95.2016,0.0150566,3277311
778.198,276.527,1.8815,279.739,0.0185509,3342847
642.517,279.858,1.83597,350.72,0.0143665,1573375
61.8834,281.541,1.81697,266.421,0.0142021,852479
885.369,284.802,3.13124,86.3216,0.0451002,6816767
782.06,285.937,2.03893,89.6326,0.0454917,9175551
466.185,286.568,2.10119,132.783,0.0205259,11338239
826.027,287.2,2.21145,89.5754,0.0630759,15073791
518.276,288.516,2.10721,311.086,0.0185149,11534847
762.37,290.624,1.80415,295.742,0.0703464,328191
762.37,290.624,1.80415,6.33972,0.0703464,328191
835.481,291.019,1.90986,285.599,0.03773,4456959
823.435,291.913,2.11008,269.39,0.0604475,11665919
869.408,292.465,2.18513,282.905,0.0431744,14156287
869.408,292.465,2.18513,237.555,0.0431744,14156287
761.511,293.175,2.02051,308.4,0.0323119,8520191
780.164,293.108,2.00569,269.552,0.039873,7995903
809.476,294.014,2.03799,270.708,0.0375035,9175551
498.837,294.564,2.17315,289.588,0.0168316,13763071
506.078,296.34,1.95658,301.635,0.0160199,6226431
153.911,297.166,2.16123,303.21,0.0327863,13369855
755.01,297.496,1.98175,179.548,0.0227507,7143935
828.516,297.957,2.06283,233.87,0.0213649,10027519
828.516,297.957,2.06283,139.349,0.0213649,10027519
852.352,298.65,2.08967,272.479,0.022306,10945023
531.59,299.411,1.95397,275.584,0.0159547,6095359
814.227,299.919,1.964,95.8664,0.0202267,6488575
865.028,300.261,1.90526,346.664,0.0208618,4260351
833.599,301.362,1.9013,214.828,0.0273304,4129279
836.463,302.502,1.96484,214.537,0.0210268,6488575
836.463,302.502,1.96484,58.0099,0.0210268,6488575
845.446,302.878,2.02385,231.21,0.0269502,8651263
810.707,303.946,1.86157,284.052,0.017165,2621951
204.3,304.869,1.87957,227.974,0.0639389,3277311
764.025,305.717,2.04571,358.474,0.0211851,9437695
874.978,305.433,1.94612,10.494,0.0176156,5833215
856.533,306.413,2.08922,41.5571,0.0176218,10945023
861.512,306.264,2.08845,109.979,0.0185051,10945023
889.566,307.42,1.97598,97.5363,0.0194529,6881791
889.566,307.42,1.97598,31.3817,0.0194529,6881791
799.04,309.579,1.91259,311.515,0.0185233,4522495
799.04,309.579,1.91259,259.051,0.0185233,4522495
821.494,310.982,2.04006,124.622,0.0161471,9241087
859.482,311.427,1.94138,293.628,0.0156426,5636607
809.319,311.808,2.13419,71.3129,0.0219892,12452351
774.982,312.529,2.08242,121.3,0.0168376,10682879
880.309,312.928,1.85945,270.965,0.0232279,2490879
880.309,312.928,1.85945,171.374,0.0232279,2490879
895.587,313.061,1.96268,342.686,0.0221222,6423039
895.587,313.061,1.96268,182.678,0.0221222,6423039
869.587,313.618,1.95876,197.706,0.0223375,6291967
796.636,313.937,1.98955,81.8208,0.0136615,7406079
580.666,314.966,1.84782,260.468,0.0145809,2032127
861.623,315.532,1.95996,147.71,0.0163866,6291967
861.623,315.532,1.95996,37.0591,0.0163866,6291967
885.966,315.974,1.91476,38.6556,0.0181997,4653567
828.802,316.419,2.04612,57.8515,0.0157418,9437695
835.474,317.515,1.81382,267.878,0.019865,721407
835.474,317.515,1.81382,158.255,0.019865,721407
774.083,317.819,1.97081,259.105,0.0191097,6750719
891.97,318.704,2.14714,183.22,0.0141378,12911103
852.193,319.501,1.87468,295.636,0.0135494,3080703
806.535,319.91,2.12564,138.237,0.0224245,12190207
282.294,322.552,1.94232,264.646,0.0197313,5636607
836.983,322.673,2.08226,242.904,0.0349188,10682879
859.493,322.292,1.92984,308.481,0.0198098,5177855
232.928,323.147,1.96938,305.703,0.0193481,6685183
232.928,323.147,1.96938,109.039,0.0193481,6685183
784.49,322.974,1.92157,263.938,0.0350014,4915711
784.49,322.974,1.92157,113.747,0.0350014,4915711
279.089,323.501,1.97629,280.156,0.0166501,6947327
796.16,324.322,1.8576,310.171,0.0182598,2425343
796.16,324.322,1.8576,271.553,0.0182598,2425343
796.16,324.322,1.8576,233.646,0.0182598,2425343
811.932,325.22,1.89697,8.69351,0.0175112,3932671
819.55,325.053,2.02673,93.7933,0.0175183,8716799
775.882,326.234,1.98101,263.676,0.0357305,7078399
869.489,326.522,1.86118,303.309,0.0165347,2556415
843.967,328.845,2.19686,26.1243,0.0196721,14549503
874.45,329.077,2.12954,290.372,0.0154408,12321279
846.364,330.308,1.82375,272.908,0.0225494,1114623
846.364,330.308,1.82375,25.0323,0.0225494,1114623
853.585,330.414,2.0225,202.579,0.0154933,8585727
853.585,330.414,2.0225,51.9203,0.0154933,8585727
860.693,331.491,1.82649,264.083,0.0328906,1245695
855.501,333.186,2.22129,55.1155,0.0157139,15401471
769.181,334.469,2.0787,1.18433,0.0140956,10551807
869.919,334.945,2.00881,317.783,0.0214983,8126975
885.62,339.283,1.94413,6.31024,0.0161852,5767679
890.538,340.638,1.8963,292.74,0.0179848,3932671
890.538,340.638,1.8963,204.003,0.0179848,3932671
802.079,340.801,1.85124,310.509,0.0339396,2163199
802.079,340.801,1.85124,103.774,0.0339396,2163199
868.944,342.361,1.91615,40.2832,0.0143316,4719103
503.358,343.326,2.14971,151.063,0.0192478,12976639
825.308,343.964,2.17087,79.6345,0.0139231,13697535
878.917,343.921,1.94559,18.061,0.0192191,5767679
867.676,345.162,1.8831,175.375,0.0177162,3408383
881.534,345.414,2.02452,18.2022,0.0241679,8651263
777.082,345.923,1.84788,231.488,0.0152661,2032127
853.65,345.957,2.15801,275.896,0.042846,13304319
853.65,345.957,2.15801,58.3448,0.042846,13304319
505.125,346.395,2.13413,312.39,0.0168174,12452351
803.472,346.572,1.8999,215.378,0.0189581,4063743
499.857,347.152,1.91889,305.574,0.0181015,4784639
859.288,347.115,2.03244,192.106,0.0171189,8978943
859.288,347.115,2.03244,106.574,0.0171189,8978943
873.555,347.198,1.86783,200.941,0.0204957,2818559
845.211,349.009,1.8066,200.089,0.0147814,459263
845.211,349.009,1.8066,69.0915,0.0147814,459263
800.896,349.706,2.03387,248.444,0.0143173,8978943
848.129,350.159,2.22107,199.695,0.0177263,15335935
848.129,350.159,2.22107,105.893,0.0177263,15335935
848.129,350.159,2.22107,63.0576,0.0177263,15335935
831.86,351.825,1.9373,84.0558,0.0233286,5505535
861.822,352.104,2.00413,319.832,0.0205768,7930367
861.822,352.104,2.00413,189.635,0.0205768,7930367
861.822,352.104,2.00413,143.578,0.0205768,7930367
693.155,353.502,1.96833,351.676,0.0186978,6619647
833.175,354.963,2.08994,268.049,0.0301195,10945023
833.175,354.963,2.08994,244.363,0.0301195,10945023
833.175,354.963,2.08994,83.7418,0.0301195,10945023
504.624,358.326,2.02705,285.841,0.0216322,8782335
191.381,360.856,2.22385,340.575,0.0141222,15467007
191.381,360.856,2.22385,80.6942,0.0141222,15467007
791.173,360.673,2.13774,60.6112,0.020321,12583423
837.034,361.518,1.92973,58.5842,0.0162767,5177855
847.143,361.601,1.80509,4.54456,0.0251473,393727
808.946,364.111,2.00607,289.069,0.0441019,7995903
808.946,364.111,2.00607,92.0268,0.0441019,7995903
853.084,365.018,1.92017,232.95,0.0227469,4850175
530.907,367.584,2.03546,90.5218,0.0202882,9044479
530.907,367.584,2.03546,54.3523,0.0202882,9044479
870.9,367.31,2.06503,315.205,0.0289086,10093055
870.9,367.31,2.06503,198.069,0.0289086,10093055
858.042,368.958,2.01755,227.676,0.0181441,8389119
532.959,369.88,1.81119,97.4719,0.0143806,590335
830.594,370.068,2.00622,210.512,0.0223059,7995903
837.434,370.822,2.21791,49.7579,0.020469,15270399
819.884,371.657,2.17108,168.288,0.0165223,13697535
819.884,371.657,2.17108,48.4727,0.0165223,13697535
787.87,372.689,1.95268,225.88,0.0194622,6029823
531.953,373.015,2.21603,274.327,0.0241439,15204863
531.953,373.015,2.21603,86.8684,0.0241439,15204863
531.953,373.015,2.21603,54.1035,0.0241439,15204863
848.647,372.834,1.91305,247.735,0.0186464,4588031
530.736,376.038,1.86924,80.3374,0.0158549,2884095
843.131,376.082,1.87834,179.939,0.020488,3277311
789.31,376.867,2.09015,20.5857,0.0170713,10945023
804.609,378.827,1.91394,242.982,0.0387606,4588031
800.955,380.758,2.09262,217.085,0.0222958,11076095
809.123,380.38,1.94614,240.21,0.014082,5833215
838.2,381.793,2.21445,332.273,0.0168423,15139327
201.292,382.785,1.84685,42.5622,0.0172832,2032127
477.112,386.035,2.1933,269.48,0.0146695,14483967
477.112,386.035,2.1933,223.492,0.0146695,14483967
592.822,400.146,1.97825,133.546,0.0138244,7012863
237.499,413.865,2.15717,230.326,0.0176033,13238783
237.499,413.865,2.15717,128.709,0.0176033,13238783
237.499,413.865,2.15717,25.407,0.0176033,13238783
277.894,415.282,2.36866,252.56,0.0150343,3277567
328.103,464.447,2.18309,168.423,0.0214918,14090751
332.297,478.693,1.87686,332.928,0.017648,3211775
332.297,478.693,1.87686,169.402,0.017648,3211775
306.066,3.01404,2.30302,351.488,0.0208051,1245951
306.066,3.01404,2.30302,218.25,0.0208051,1245951
387.598,5.61123,2.249,60.7597,0.028171,16253439
477.508,5.64276,2.43462,297.813,0.0309354,5309183
731.042,5.31958,2.40246,351.419,0.0155519,4326143
56.8105,7.72169,2.7906,352.871,0.0144053,15139583
482.533,8.52212,2.39628,302.823,0.0238876,4129535
330.32,10.2856,2.44647,16.7256,0.024784,5636863
47.5534,10.89,2.70229,358.941,0.0149016,12845823
47.5534,10.89,2.70229,175.594,0.0149016,12845823
68.97,10.9486,2.79202,355.666,0.0259055,15205119
249.449,11.7432,2.44322,207.229,0.0158071,5571327
376.28,11.8731,2.33768,63.3335,0.0298725,2360063
730.418,17.709,2.13068,6.53668,0.0241215,12386815
868.628,18.8055,2.38574,83.5889,0.0467055,3801855
58.4928,19.6976,2.38515,351.231,0.0176121,3801855
9.49181,20.978,2.44192,137.193,0.0271031,5505791
727.586,20.7649,2.27577,356.523,0.0150739,393983
836.433,22.0701,2.41726,165.499,0.0555101,4784895
836.433,22.0701,2.41726,95.2492,0.0555101,4784895
313.133,26.1539,2.66015,210.865,0.0134368,11731711
840.047,26.6686,2.61438,166.858,0.0472073,10420991
766.858,26.8427,2.28723,358.912,0.0621469,787199
361.863,27.8559,2.62389,232.811,0.0278895,10683135
537.789,28.6983,2.17009,175.737,0.0179799,13697535
359.488,29.1322,2.62035,242.28,0.0266652,10617599
359.488,29.1322,2.62035,59.0154,0.0266652,10617599
315.713,29.8677,2.49767,58.1398,0.015538,7144191
327.868,30.449,2.28196,209.64,0.0170888,590591
872.891,31.9485,2.50619,258.087,0.030596,7406335
872.891,31.9485,2.50619,195.139,0.030596,7406335
894.185,32.1765,2.27954,201.823,0.0264019,525055
894.185,32.1765,2.27954,142.656,0.0264019,525055
241.015,33.0839,2.44725,196.862,0.0400882,5702399
847.159,35.4623,2.61054,350.517,0.0349744,10355455
869.402,35.4415,2.33728,84.0853,0.0483631,2360063
367.188,39.9937,2.63577,264.335,0.0154063,11010815
730.098,41.0589,2.36107,347.208,0.0157979,3080959
302.755,41.5887,2.51579,328.804,0.0242005,7668479
773.861,41.2874,2.58153,83.6389,0.0374376,9503487
80.5532,42.0847,2.4977,178.053,0.0149495,7144191
238.534,41.7871,2.44623,230.991,0.043648,5636863
178.667,43.8831,2.42538,50.1188,0.0178947,5047039
781.116,45.73,2.54671,355.976,0.0342733,8520447
774.44,47.246,2.68178,250.317,0.0335049,12321535
282.544,47.2613,2.43132,193.026,0.0162599,5178111
285.82,48.8321,2.5914,193.52,0.014907,9831167
316.18,50.1635,2.32344,22.1878,0.0191521,1901311
258.853,53.6172,2.2842,54.4833,0.0208726,656127
784.858,53.5382,2.59821,350.759,0.0339369,10027775
385.977,53.961,2.2852,319.094,0.0165745,721663
203.632,54.5262,2.355,177.901,0.0166833,2884351
229.97,56.7617,2.33657,174.895,0.0170155,2294527
785.131,59.6145,2.56771,8.34277,0.0319995,9175807
158.688,60.8323,2.66624,0.516479,0.0209588,11862783
734.116,61.937,2.46709,349.331,0.0152784,6226687
302.023,68.1193,2.62195,30.2752,0.0257912,10683135
320.133,67.7712,2.58068,41.2794,0.0156016,9503487
874.796,68.3884,2.55158,259.558,0.0311635,8717055
874.796,68.3884,2.55158,191.647,0.0311635,8717055
66.3741,69.0192,2.77556,349.816,0.0270709,14746367
62.9767,70.2101,2.61736,348.029,0.0173774,10552063
870.727,71.8614,2.50337,258.186,0.0478756,7340799
870.727,71.8614,2.50337,89.6501,0.0478756,7340799
736.001,72.3187,2.33728,350.063,0.0148661,2360063
14.9402,73.0111,2.51755,220.157,0.0258814,7734015
775.457,73.8308,2.55177,82.0991,0.0323773,8717055
300.012,76.2084,2.4003,13.7488,0.0211796,4260607
213.625,76.2783,2.80301,246.836,0.0701194,15467263
213.625,76.2783,2.80301,59.3535,0.0701194,15467263
782.346,78.5997,2.68325,354.925,0.0303054,12321535
424.673,80.4069,2.41982,2.1799,0.034463,4850431
424.673,80.4069,2.41982,179.432,0.034463,4850431
870.503,82.1389,2.68366,251.923,0.0533846,12321535
870.503,82.1389,2.68366,187.585,0.0533846,12321535
864.402,83.0399,2.45326,349.791,0.0598338,5833471
864.402,83.0399,2.45326,266.011,0.0598338,5833471
540.941,86.1661,2.28438,174.612,0.0170247,721663
786.042,85.8738,2.57238,347.118,0.0337889,9306879
31.135,87.0815,2.38264,40.4965,0.0452778,3736319
424.834,87.6535,2.41447,178.174,0.0353224,4719359
828.073,89.614,2.52227,0.119934,0.0694796,7865087
828.073,89.614,2.52227,268.283,0.0694796,7865087
892.657,89.8204,2.69496,82.0401,0.0634115,12649215
234.915,90.6693,2.42026,18.5013,0.0383566,4850431
870.728,90.7079,2.61594,84.574,0.06638,10486527
35.2925,91.9555,2.58972,16.2531,0.0257416,9765631
896.018,91.8966,2.41242,173.415,0.0372979,4653823
425.332,94.6873,2.76875,359.524,0.0359101,14615295
425.332,94.6873,2.76875,176.943,0.0359101,14615295
541.534,94.543,2.74353,176.722,0.0185426,13959935
824.584,94.8735,2.49202,34.6866,0.0368575,7013119
541.515,98.811,2.2786,178.938,0.0161293,525055
218.827,100.934,2.60102,170.591,0.053303,10093311
218.827,100.934,2.60102,30.4373,0.053303,10093311
425.696,100.837,2.49281,356.92,0.0324072,7013119
425.696,100.837,2.49281,178.318,0.0324072,7013119
804.147,102.353,2.63885,89.4653,0.0594673,11141887
896.565,102.91,2.68267,259.079,0.0306612,12321535
214.729,103.344,2.40885,249.672,0.0454632,4522751
162.115,104.325,2.22988,357.027,0.0173019,15663615
867.559,107.623,2.50585,264.171,0.0219496,7406335
859.312,108.905,2.40446,257.56,0.022694,4391679
847.874,110.586,2.38294,260.048,0.0178226,3736319
83.0242,110.97,2.3859,174.391,0.0186927,3801855
842.241,111.385,2.30481,260.532,0.025487,1311487
836.676,112.433,2.33794,258.903,0.022528,2360063
831.698,113.036,2.47846,259.728,0.0213568,6554367
827.151,113.548,2.65618,261.388,0.0187571,11600639
426.43,114.616,2.31545,179.17,0.0351227,1639167
187.986,114.925,2.48993,358.056,0.0355701,6947583
862.878,115.045,2.53729,80.4714,0.0193103,8258303
816.213,115.33,2.44569,259.548,0.0234144,5636863
429.315,115.987,2.11032,179.289,0.0172525,11665919
426.556,117.509,2.5157,352.955,0.0333826,7668479
426.556,117.509,2.5157,179.204,0.0333826,7668479
542.049,118.567,2.43044,182.578,0.0297541,5178111
774.171,118.734,2.80038,262.054,0.020779,15401727
797.648,118.41,2.42008,258.896,0.0218879,4850431
25.609,118.893,2.68991,311.726,0.0176394,12518143
21.6394,119.459,2.8481,315.606,0.0229611,16646911
86.4317,119.588,2.25501,175.046,0.0153825,16450047
318.867,118.934,2.9335,21.174,0.04247,2098175
505.377,121.221,2.34439,37.9352,0.0272756,2556671
814.466,122.459,2.62986,80.6672,0.0201643,10879743
399.964,124.011,2.47892,356.524,0.0209881,6619903
310.381,125.755,2.60723,1.71115,0.017563,10224383
430.353,126.265,2.56114,94.2196,0.0302867,8979199
758.672,127.947,2.54976,253.41,0.0506842,8651519
129.034,129.125,2.79407,270.689,0.0186887,15270655
39.7101,132.129,2.8112,306.02,0.0330425,15729407
433.492,133.726,2.96534,246.901,0.0195624,2819071
257.889,133.976,2.66084,193.994,0.0178127,11731711
257.889,133.976,2.66084,31.7757,0.0178127,11731711
49.1206,134.608,2.65142,163.095,0.0217902,11469567
76.0727,134.419,2.76421,6.95715,0.0137203,14484223
45.9624,135.528,2.3028,162.962,0.031822,1245951
735.669,139.639,2.25346,358.672,0.0182913,16384511
38.1457,141.867,2.71372,301.618,0.0142733,13173503
47.9166,147.61,2.44683,169.581,0.0143494,5636863
380.637,151.494,2.52272,60.1356,0.0174313,7865087
247.927,151.788,2.62826,164.725,0.0309064,10814207
265.196,151.765,2.44848,166.322,0.0185954,5702399
265.196,151.765,2.44848,64.8966,0.0185954,5702399
735.884,153.939,2.62097,355.276,0.0162434,10617599
374.568,154.807,2.54444,59.9469,0.0216804,8454911
254.964,157.962,2.83116,185.149,0.0220171,16188159
254.964,157.962,2.83116,67.7318,0.0220171,16188159
266.598,158.007,2.32833,191.179,0.0178371,2097919
279.367,157.893,2.5407,276.757,0.0159613,8389375
339.404,160.884,2.42721,159.481,0.0230418,5047039
736.304,160.892,2.35995,358.206,0.017179,3015423
266.073,162.419,2.61109,198.636,0.0152044,10355455
261.418,166.775,2.65152,167.585,0.0180422,11469567
261.418,166.775,2.65152,123.612,0.0180422,11469567
251.664,168.426,2.43581,123.249,0.0205159,5309183
367.121,169.423,2.72724,244.757,0.0184638,13501183
81.5391,169.975,2.61832,352.282,0.0234029,10552063
617.805,172.011,2.40593,96.6984,0.0134649,4457215
640.973,171.874,2.29756,90.1529,0.0184553,1114879
183.276,174.483,2.38882,183.838,0.0265487,3932927
211.749,174.371,2.38255,179.555,0.0155704,3736319
613.355,175.103,2.74655,98.031,0.0146351,14025471
638.629,174.902,2.50149,276.149,0.0209583,7275263
638.629,174.902,2.50149,90.241,0.0209583,7275263
736.501,175.1,2.70466,356.099,0.0150655,12911359
186.015,176.294,2.35961,176.229,0.0148761,3015423
245.301,177.41,2.72789,357.823,0.0420143,13501183
316.627,178.116,2.46407,303.991,0.0348717,6161151
183.696,181.1,2.17314,164.053,0.0458271,13763071
244.936,181.891,2.35404,348.907,0.0364636,2884351
323.233,182.203,2.77368,350.594,0.0253443,14746367
215.913,183.762,2.6357,356.384,0.0320462,11010815
245.109,184.843,2.80001,349.129,0.0346212,15401727
245.109,184.843,2.80001,269.972,0.0346212,15401727
324.456,188.933,2.75115,240.67,0.0169192,14156543
212.144,189.49,2.40892,242.962,0.0182536,4522751
153.101,191.693,2.41092,350.051,0.0175059,4588287
153.101,191.693,2.41092,173.94,0.0175059,4588287
542.507,195.478,2.65312,347.693,0.0492717,11535103
542.507,195.478,2.65312,183.473,0.0492717,11535103
545.523,198.034,2.33119,185.705,0.0204389,2163455
739.708,199.344,2.63103,38.1306,0.0223811,10879743
283.776,202.376,2.80372,176.394,0.03563,15532799
767.464,202.71,2.50516,263.571,0.0186398,7340799
879.912,203.01,2.70616,60.1618,0.0185724,12976895
288.577,208.83,2.6847,258.27,0.0184491,12387071
106.156,209.222,2.3636,98.5007,0.0156407,3146495
737.293,212.224,2.58986,358.249,0.0169336,9765631
888.926,211.981,2.63994,108.377,0.0193059,11141887
854.043,220.277,3.00286,284.724,0.024673,3736575
778.869,229.097,2.47643,240.377,0.0217437,6554367
94.5888,229.886,2.47569,230.765,0.0541917,6488831
94.5888,229.886,2.47569,46.3846,0.0541917,6488831
93.0972,258.474,2.74983,61.1237,0.0204397,14091007
13.7486,265.265,2.62627,159.371,0.0138582,10748671
743.701,267.604,2.38783,285.013,0.0140725,3867391
96.7174,271.945,2.52466,235.974,0.0159519,7930623
74.8261,273.56,2.5897,65.7316,0.0214841,9765631
507.742,276.57,2.5615,320.529,0.015198,8979199
296.169,277.041,2.60955,86.6666,0.0140619,10289919
29.6886,278.97,2.7162,321.723,0.0359485,13239039
77.0807,280.537,2.54826,262.912,0.0170747,8585983
767.04,282.804,2.66011,95.5219,0.0490113,11731711
777.8,286.115,2.3691,95.7624,0.0435088,3343103
831.03,287.474,2.42283,332.647,0.0418032,4915967
831.03,287.474,2.42283,291.236,0.0418032,4915967
278.163,289.328,2.33079,62.7084,0.0146641,2163455
754.528,293.367,2.33761,176.384,0.0218398,2360063
873.252,293.507,2.78708,266.492,0.0441883,15074047
866.455,294.643,2.59516,274.069,0.0470842,9896703
878.048,295.876,2.40869,273.697,0.0205981,4522751
733.612,300.493,2.66717,308.63,0.0217209,11862783
733.612,300.493,2.66717,163.909,0.0217209,11862783
734.648,307.292,2.26755,169.709,0.0158716,131839
546.303,311.654,2.83699,269.841,0.0170179,16384767
546.303,311.654,2.83699,140.429,0.0170179,16384767
836.769,311.778,2.63719,106.822,0.0144669,11076351
594.331,313.589,2.5498,283.026,0.0135962,8651519
547.001,317.171,2.76442,141.197,0.0199169,14484223
832.252,318.988,2.63371,340.528,0.018333,11010815
310.848,320.636,2.60142,296.7,0.0143319,10093311
310.848,320.636,2.60142,272.677,0.0143319,10093311
523.248,321.514,2.71106,314.126,0.0200115,13042431
523.248,321.514,2.71106,103.955,0.0200115,13042431
856.648,324.439,2.76485,305.292,0.0213146,14484223
856.648,324.439,2.76485,136.03,0.0213146,14484223
863.848,324.47,2.29778,280.597,0.0208367,1114879
883.963,325.179,2.54147,297.836,0.014939,8389375
883.963,325.179,2.54147,74.2489,0.014939,8389375
838.294,325.853,2.75091,244.657,0.0191851,14156543
179.052,328.275,2.52113,212.764,0.0373511,7799551
179.052,328.275,2.52113,20.4508,0.0373511,7799551
791.393,331.299,2.40849,58.1489,0.0193742,4522751
834.188,331.518,2.30977,212.029,0.0165177,1508095
779.153,332.423,2.6798,295.176,0.0172307,12255999
828.404,333.091,2.65165,219.304,0.0224915,11469567
861.367,335.156,2.71993,268.742,0.0179719,13304575
880.198,337.93,2.65531,238.412,0.0157578,11600639
851.99,343.021,2.27839,49.203,0.0251126,525055
491.571,345.043,2.34323,179.868,0.0219226,2556671
864.617,345.826,2.28168,169.895,0.0162851,590591
895.21,350.504,2.45917,260.094,0.015717,6030079
255.84,351.188,2.76895,269.783,0.0207109,14615295
700.031,352.916,2.46293,166.077,0.01782,6161151
852.035,353.496,2.60605,231.239,0.0247428,10224383
871.749,354.326,2.552,178.469,0.015017,8717055
871.749,354.326,2.552,50.746,0.015017,8717055
786.041,354.939,2.3947,220.192,0.0154727,4129535
853.801,356.414,2.33832,231.07,0.024794,2360063
693.836,357.346,2.2147,345.91,0.0167996,15139327
790.091,357.208,2.904,10.6492,0.0163304,1311743
193.554,358.433,2.63768,5.40543,0.0280344,11076351
871.097,359.041,2.38479,219.727,0.0179837,3801855
850.055,366.547,2.35537,252.179,0.0259031,2884351
790.869,369.407,2.38227,217.772,0.0245409,3736319
804.921,374.83,2.62932,126.419,0.0206293,10879743
792.674,377.029,2.33647,18.7225,0.0225349,2294527
535.397,377.613,2.59862,251.603,0.0193081,10027775
535.397,377.613,2.59862,182.611,0.0193081,10027775
531.178,378.701,2.29581,275.224,0.0189127,1049343
488.063,384.357,2.71639,262.011,0.0134271,13239039
272.39,419.007,2.60211,261.074,0.0153302,10093311
566.905,592.281,2.35349,273.602,0.0272048,2818815
566.905,592.281,2.35349,154.595,0.0272048,2818815
276.579,3.45802,2.8828,249.238,0.0139122,787455
195.091,4.97924,3.4878,52.463,0.0457368,14615551
321.552,5.03759,2.96249,242.221,0.0146201,2753535
8.90523,6.61653,3.48606,312.709,0.0258158,14550015
8.90523,6.61653,3.48606,6.98886,0.0258158,14550015
189.547,10.0948,3.11152,49.7481,0.0200189,6358015
304.827,10.3939,2.93859,37.2491,0.0199673,2163711
295.22,14.2578,3.55092,214.825,0.0173598,15860735
295.22,14.2578,3.55092,99.9968,0.0173598,15860735
295.22,14.2578,3.55092,62.4762,0.0173598,15860735
403.271,21.8149,3.25966,259.62,0.020759,9700351
837.101,29.9078,3.24037,174.597,0.0301574,9241599
327.999,35.0371,3.00348,188.759,0.0162308,3802111
293.189,36.7086,3.26948,171.816,0.0170166,9896959
187.114,37.2003,2.83192,48.2618,0.0200401,16253695
242.503,38.549,2.98995,199.52,0.0198755,3474431
508.498,38.7403,3.2163,351.219,0.015621,8717311
774.315,40.5561,3.18563,80.2632,0.0365863,8061951
847.904,42.4531,3.46216,5.74811,0.0314234,14025727
236.6,46.5705,3.03074,359.704,0.0310159,4457471
133.115,47.8984,3.09164,272.919,0.0157544,5833727
298.662,47.8355,2.94472,246.18,0.0211274,2360319
142.103,48.6006,3.18964,270.602,0.016608,8127487
809.18,49.4329,3.52362,217.095,0.0417762,15336447
809.18,49.4329,3.52362,39.2591,0.0417762,15336447
293.992,55.2359,3.24544,219.711,0.0146123,9372671
4.56872,57.0286,3.48561,56.2789,0.024742,14550015
239.797,60.0072,3.35256,209.351,0.0793813,11731967
331.316,60.3892,3.32738,52.7417,0.0307982,11207679
331.316,60.3892,3.32738,11.873,0.0307982,11207679
273.19,64.1278,2.87319,279.257,0.0156097,590847
837.877,64.7084,3.03054,180.547,0.0245055,4391935
6.86265,66.5459,3.22183,303.785,0.0285893,8848383
245.335,70.5607,2.91578,162.145,0.0199565,1639423
849.146,70.2756,3.3235,345.063,0.0330813,11076607
284.103,71.0896,3.25094,318.423,0.0205226,9503743
292.468,71.051,3.07913,300.836,0.0160365,5571583
877.997,71.158,3.52083,302.951,0.0376483,15270911
877.997,71.158,3.52083,230.034,0.0376483,15270911
221.673,71.1924,2.83808,219.617,0.0698188,16384767
10.5137,71.8133,2.92114,330.192,0.0488709,1770495
22.9599,71.7735,2.83944,309.602,0.0339402,16450303
22.9599,71.7735,2.83944,267.295,0.0339402,16450303
891.298,73.9833,3.5517,257.829,0.04894,15926271
23.3325,76.8873,2.94694,337.58,0.022857,2425855
776.127,80.1331,3.11609,251.454,0.0286646,6423551
776.127,80.1331,3.11609,234.628,0.0286646,6423551
776.127,80.1331,3.11609,187.061,0.0286646,6423551
810.553,82.9539,3.26763,218.849,0.0423387,9896959
230.982,84.4878,3.02357,173.889,0.0152157,4260863
786.427,85.0022,3.35936,348.767,0.0331599,11863039
71.6262,86.875,3.45358,6.48138,0.0213197,13894655
242.266,89.2491,3.33082,213.148,0.0488026,11273215
416.148,90.0639,3.40818,173.759,0.0189414,12911615
864.127,91.5573,3.20683,71.8624,0.0591586,8520703
804.438,94.5931,3.28169,249.936,0.0517046,10159103
23.0475,95.0119,3.44332,80.4993,0.0295137,13632511
233.607,95.1181,3.15223,240.678,0.035381,7275519
416.535,96.4638,3.35473,178.483,0.0233517,11797503
776.505,96.7653,3.44536,180.789,0.017398,13698047
827.961,97.6621,3.39718,0.090332,0.0562905,12649471
40.5276,98.6357,3.01998,246.09,0.0325498,4195327
40.5276,98.6357,3.01998,126.607,0.0325498,4195327
242.959,98.6147,3.24404,178.195,0.0199143,9372671
21.0643,98.9806,2.93231,82.0981,0.0471918,2032639
253.613,98.872,3.16208,326.963,0.0157729,7472127
253.613,98.872,3.16208,205.894,0.0157729,7472127
398.704,98.7988,3.20294,357.937,0.0216927,8455167
887.007,99.9174,3.36037,261.934,0.0208093,11863039
882.477,100.807,3.31956,261.04,0.021151,11011071
172.967,101.438,3.08441,2.15851,0.0556243,5702655
172.967,101.438,3.08441,241.731,0.0556243,5702655
877.912,101.679,3.59156,260.658,0.0206651,16712703
247.682,102.042,3.40844,181.225,0.0137535,12911615
788.23,104.531,3.26803,83.4823,0.0468055,9896959
399.06,105.127,3.24526,359.171,0.0197443,9372671
14.2577,105.979,2.86033,314.781,0.048425,263167
247.159,106.523,3.111,178.193,0.0150081,6292479
838.886,107.915,3.33268,260.104,0.0246928,11273215
743.337,109.978,2.36854,350.982,0.0147004,3277567
417.398,116.773,3.413,179.15,0.0215631,13042687
521.989,117.997,3.19057,71.821,0.0184906,8127487
759.094,118.363,3.14477,128.373,0.0327025,7078911
311.728,120.656,3.05104,20.5525,0.0215876,4916223
744.388,120.853,3.14443,50.3505,0.0173033,7078911
648.78,123.347,3.37178,359.258,0.0179764,12125183
756.467,124.822,2.96063,253.086,0.029517,2753535
738.704,125.128,3.54556,1.84006,0.0263762,15795199
738.704,125.128,3.54556,49.8061,0.0263762,15795199
319.067,125.654,3.08292,349.276,0.0411837,5637119
738.883,132.926,3.08022,1.50284,0.0202236,5571583
433.324,133.85,3.0621,246.717,0.0194361,5178367
319.504,135.594,2.96264,78.7105,0.0573332,2753535
401.145,138.072,3.41192,359.283,0.02097,12977151
238.613,138.737,3.24687,0.354584,0.0413031,9438207
250.051,138.728,3.45169,179.564,0.0308433,13829119
412.667,140.693,3.17302,241.197,0.0179311,7734271
320.453,144.839,3.29021,249.3,0.055464,10355711
739.272,146.178,3.17133,359.018,0.0220856,7734271
321.082,154.418,3.08459,13.5664,0.0436905,5702655
342.775,157.945,3.28922,162.769,0.0388788,10355711
321.59,161.687,3.4145,349.667,0.0445031,13042687
321.59,161.687,3.4145,218.222,0.0445031,13042687
345.54,162.604,3.02673,199.025,0.0447908,4326399
740.06,167.515,3.15153,359.675,0.0191431,7275519
241.145,175.065,3.03491,2.24597,0.0332817,4523007
241.145,175.065,3.03491,171.571,0.0332817,4523007
222.941,180.855,3.21427,255.7,0.0544046,8651775
241.361,182.675,3.06362,346.732,0.0303497,5178367
178.434,183.594,3.21548,357.167,0.056011,8717311
133.689,187.074,3.22792,270.17,0.0216534,8979455
133.689,187.074,3.22792,87.5069,0.0216534,8979455
143.552,186.87,3.47005,264.107,0.0224579,14222335
279.122,190.926,3.42242,1.08209,0.0505002,13239295
52.054,190.842,3.12457,177.869,0.0155966,6620159
818.663,192.915,3.32777,84.9353,0.0142528,11207679
799.686,194.636,3.42366,85.9088,0.015219,13239295
785.338,195.756,3.48768,84.1906,0.0148593,14615551
736.801,196.921,3.23432,33.1659,0.0257162,9110527
894.328,197.547,3.37621,264.432,0.018558,12256255
172.553,204.709,3.32485,248.45,0.0282459,11142143
276.574,205.35,3.3552,352.19,0.0261827,11797503
883.258,206.333,3.02873,66.5528,0.0135385,4391935
733.864,208.549,3.22949,350.666,0.0231942,9044991
154.668,211.419,3.13036,344.04,0.0139731,6751231
141.529,216.602,3.05136,141.261,0.0139052,4916223
738.425,234.028,3.04141,359.64,0.0203426,4654079
738.918,240.082,3.29781,0.0289612,0.021702,10552319
734.919,242.012,3.46388,359.427,0.0202673,14091263
874.054,243.975,3.29767,102.408,0.0158875,10552319
892.991,250.61,3.52316,109.479,0.0142778,15336447
9.21829,260.897,3.07186,99.3933,0.0136137,5374975
81.483,269.957,3.14072,60.8868,0.0154918,7013375
12.9814,270.971,3.12676,223.344,0.013824,6685695
22.117,273.024,3.08453,32.3761,0.0201592,5702655
508.395,276.821,2.99394,318.805,0.0150258,3539967
12.1278,278.108,3.19989,153.81,0.0205022,8324095
12.1278,278.108,3.19989,73.6977,0.0205022,8324095
31.7824,283.91,3.55611,262.576,0.0221549,15991807
31.7824,283.91,3.55611,79.4543,0.0221549,15991807
893.635,284.884,3.23223,94.0333,0.0455038,9110527
473.332,294.731,3.28327,132.734,0.0235141,10224639
859.437,295.326,3.40518,265.395,0.045282,12846079
822.035,295.696,3.58515,266.455,0.0433783,16581631
754.377,305.47,3.22298,180.117,0.0335655,8848383
315.153,319.272,3.32308,295.465,0.0178115,11076607
552.221,322.381,3.20653,288.539,0.0185187,8520703
552.221,322.381,3.20653,143.141,0.0185187,8520703
877.964,330.627,3.12083,252.363,0.0202457,6554623
877.964,330.627,3.12083,145.268,0.0202457,6554623
874.518,333.467,3.06796,322.341,0.0286849,5309439
874.518,333.467,3.06796,143.941,0.0286849,5309439
831.363,336.542,3.08733,218.333,0.0206577,5768191
819.825,337.391,3.20737,246.963,0.0189829,8520703
708.85,342.436,3.52283,2.66351,0.0209683,15336447
855.32,350.061,2.91334,266.179,0.0170433,1573887
263.896,350.605,3.48117,278.539,0.0209289,14418943
868.576,351.349,3.21458,199.834,0.0136457,8717311
876.531,354.165,2.88888,239.219,0.0149896,984063
876.531,354.165,2.88888,176.485,0.0149896,984063
876.531,354.165,2.88888,79.0075,0.0149896,984063
859.699,355.695,3.13252,268.609,0.0219402,6816767
859.699,355.695,3.13252,159.472,0.0219402,6816767
733.761,358.942,3.14503,256.005,0.0187179,7078911
733.761,358.942,3.14503,82.8041,0.0187179,7078911
850.425,362.223,2.93542,243.123,0.0342593,2098175
715.289,362.304,2.89716,261.715,0.0147474,1180671
710.332,363.264,3.09775,265.407,0.0155356,6030335
796.957,364.181,3.39233,219.705,0.0202095,12583935
822.572,367.296,3.22254,20.5701,0.0168943,8848383
794.328,372.619,3.34212,25.8387,0.0158971,11469823
833.563,379.864,3.10089,279.351,0.0138352,6095871
815.964,381.384,3.07387,266.738,0.0143458,5440511
259.93,384.083,2.90997,80.8792,0.0178677,1508351
762.03,399.487,3.23933,292.021,0.0137493,9241599
762.03,399.487,3.23933,90.4734,0.0137493,9241599
288.759,457.076,3.1924,67.3684,0.0163677,8193023
282.193,460.426,3.08224,70.1991,0.0175806,5637119
313.675,7.31991,3.7519,234.643,0.0162693,3145984
313.675,7.31991,3.7519,100.588,0.0162693,3145984
12.2532,10.0184,4.19649,314.553,0.0290327,11272448
12.2532,10.0184,4.19649,264.582,0.0290327,11272448
23.7868,11.3557,3.88301,325.898,0.0206227,5636352
840.585,11.0179,3.79271,253.083,0.0340438,3932416
480.818,12.0957,3.88589,306.439,0.0214472,5701888
179.15,18.3224,3.9857,43.7148,0.0390041,7536896
205.919,22.4504,4.14744,50.9565,0.019396,10420480
533.385,25.8733,4.45992,176.632,0.019886,15663360
57.9301,27.1678,4.09901,351.843,0.019584,9568512
8.41036,32.7965,4.10202,307.687,0.0328132,9634048
8.41036,32.7965,4.10202,70.8021,0.0328132,9634048
876.179,34.3782,3.85972,221.814,0.038658,5177600
876.179,34.3782,3.85972,46.5929,0.038658,5177600
237.147,37.7597,4.00181,200.553,0.0525185,7799040
237.147,37.7597,4.00181,9.18945,0.0525185,7799040
335.878,45.6219,4.29989,20.4386,0.0278705,13041920
736.663,55.2853,3.90409,350.403,0.0149671,6029568
283.874,58.7642,3.98964,320.226,0.0140135,7602432
283.874,58.7642,3.98964,207.451,0.0140135,7602432
504.351,60.3588,4.5483,356.167,0.0172939,393728
786.175,61.0542,4.35391,4.39868,0.0304516,13893888
9.7224,61.9623,4.69544,306.323,0.0263813,2687488
330.62,66.2828,4.17331,51.3623,0.0182868,10879232
504.594,67.9037,4.30754,352.964,0.0212961,13172992
757.071,67.5729,4.09238,178.119,0.0145805,9437440
208.183,74.9114,3.78735,350.682,0.0312319,3801344
208.183,74.9114,3.78735,180.134,0.0312319,3801344
315.756,75.043,3.7308,35.3912,0.0260455,2752768
541.078,74.7632,3.95649,177.146,0.0170312,7012608
883.168,75.1821,4.25232,261.79,0.0511859,12189952
874.252,76.44,4.07964,248.38,0.0465427,9240832
269.8,80.359,3.92869,241.358,0.0155808,6488320
505.106,82.6454,4.28096,0.115356,0.0201801,12714240
787.042,83.7493,4.45529,347.812,0.032773,15597824
742.935,84.9722,4.45545,350.217,0.0160367,15597824
24.6685,85.9919,3.75909,38.4393,0.0206396,3277056
737.7,86.0326,4.37222,350.041,0.0143498,14221568
806.43,88.7171,4.15502,247.739,0.0466164,10551552
743.952,92.0513,3.75918,349.72,0.0145509,3277056
787.993,92.5629,4.15761,264.991,0.055323,10551552
72.1086,95.3567,3.99877,348.663,0.0174063,7733504
757.919,96.3365,4.05596,179.289,0.0143414,8782080
318.078,104.126,3.78634,356.92,0.0260978,3801344
506.149,106.952,4.06067,356.994,0.0247374,8847616
19.2791,114.244,3.85826,3.76736,0.0289816,5177600
249.571,114.522,4.19069,177.705,0.0179151,11141376
543.108,120.02,4.19631,179.554,0.0289935,11272448
26.4895,124.174,3.91671,303.973,0.0173793,6291712
44.9541,123.136,5.57259,180.941,0.0382058,15073792
125.562,124.033,4.08466,274.547,0.0175952,9306368
132.143,124.251,4.29067,282.743,0.0151836,12845312
143.112,124.543,4.44285,268.413,0.0244975,15401216
20.6364,126.779,4.26685,319.052,0.0172861,12452096
243.147,126.67,3.83747,177.778,0.0168564,4784384
422.704,127.891,3.94831,171.579,0.0383401,6816000
500.388,127.916,4.66086,37.6641,0.0540102,2163200
148.106,129.241,3.9658,270.786,0.0171227,7143680
423.54,134.348,3.96069,239.86,0.0274824,7078144
366.067,158.032,4.23455,71.9245,0.0222911,11927808
316.865,158.865,3.99613,0.213593,0.0460276,7733504
310.856,163.4,4.42621,350.005,0.0181518,15139072
321.61,162.637,3.6716,358.461,0.0437191,1573120
350.134,166.42,4.00334,196.677,0.0390736,7864576
350.134,166.42,4.00334,69.2499,0.0390736,7864576
371.934,167.855,4.01738,240.521,0.0170181,8126720
236.983,178.144,3.81092,177.558,0.0152039,4260096
147.563,181.769,4.28383,102.042,0.0203479,12714240
127.667,187.184,3.62448,84.3142,0.0205065,655616
147.942,191.898,4.22695,258.594,0.0198765,11796736
811.26,193.846,3.87283,85.8865,0.0135733,5439744
82.2473,197.591,4.45291,350.518,0.0270008,15532288
153.374,198.846,3.83174,179.721,0.0146752,4653312
148.816,203.316,4.07499,350.153,0.0145384,9109760
738.471,203.972,4.938,353.587,0.0352326,6291968
738.471,203.972,4.938,25.8931,0.0352326,6291968
275.989,204.594,3.90923,351.534,0.0260693,6095104
83.0574,208.116,4.39074,352.404,0.0236749,14549248
149.337,212.424,3.64314,343.911,0.0150992,1048832
283.474,213.437,4.76735,269.058,0.0156978,3736064
95.4012,214.404,4.4256,181.36,0.0161661,15073536
854.715,219.885,4.13575,285.59,0.0244178,10223872
829.546,221.516,4.40195,269.745,0.0396763,14680320
739.028,232.838,4.19306,359.863,0.0198537,11206912
836.413,235.291,4.74911,173.895,0.0409264,3473920
823.771,237.766,4.49077,3.56503,0.0457844,16187648
849.165,241.204,4.22628,85.4393,0.020754,11796736
849.165,241.204,4.22628,6.64151,0.020754,11796736
755.363,247.837,4.52356,206.579,0.0248667,16711936
849.302,257.668,4.29611,355.324,0.015511,12976384
752.087,261.853,4.42126,192.92,0.0322709,15008000
8.0545,266.193,4.18746,100.906,0.0302647,11075840
8.0545,266.193,4.18746,63.1039,0.0302647,11075840
757.928,265.797,4.48055,2.45084,0.0433929,15991040
749.714,267.736,3.60689,255.06,0.0231024,327936
345.425,270.609,3.82873,283.841,0.013337,4587776
345.425,270.609,3.82873,90.5731,0.013337,4587776
6.86571,272.572,3.9161,112.606,0.015596,6226176
33.7952,272.551,3.91529,111.118,0.0410835,6226176
768.024,282.015,3.70369,98.9528,0.0466667,2228480
32.085,283.894,3.60334,261.362,0.0220738,262400
32.085,283.894,3.60334,78.611,0.0220738,262400
753.166,284.984,3.98359,173.405,0.0183825,7471360
841.03,294.167,4.23053,288.038,0.0373303,11862272
884.447,295.29,4.65933,272.877,0.0396498,2097664
746.348,295.907,4.05377,319.498,0.0325409,8782080
815.526,296.221,4.15533,264.671,0.0499781,10551552
821.97,295.763,3.66858,262.705,0.0429371,1507584
742.99,300.035,3.93589,318.235,0.0190395,6619392
816.313,302.112,4.46857,264.475,0.0245897,15794432
823.1,301.563,4.08267,254.599,0.0196667,9240832
820.805,307.353,3.88202,255.247,0.0168764,5636352
786.421,308.77,3.75095,259.17,0.0208993,3145984
774.376,310.532,4.21591,277.052,0.0172427,11600128
295.743,317.714,4.17488,269.072,0.0144069,10879232
524.242,321.963,3.9847,303.418,0.0192223,7536896
524.242,321.963,3.9847,104.831,0.0192223,7536896
774.964,342.897,3.61991,339.591,0.024352,590080
848.186,344.019,3.98095,280.445,0.0171286,7471360
848.186,344.019,3.98095,17.5772,0.0171286,7471360
709.994,351.585,4.26718,344.096,0.0194203,12452096
700.102,354.706,3.62055,256.02,0.0177733,590080
700.102,354.706,3.62055,180.322,0.0177733,590080
785.488,370.149,3.88021,14.3253,0.0223663,5570816
504.574,381.183,3.64795,258.379,0.0134436,1114368
262.545,388.003,4.12447,95.2338,0.0354818,10027264
354.9,7.26999,5.46908,241.614,0.0152406,13697536
67.9042,12.3669,4.86789,176.118,0.026407,5243392
5.02821,13.6156,5.3939,308.46,0.0162026,12714496
402.128,15.243,5.65314,266.818,0.026512,16122368
402.128,15.243,5.65314,59.991,0.026512,16122368
533.109,16.9489,4.70405,179.525,0.018107,2818560
28.8581,19.4016,5.18764,55.7497,0.0439932,9896448
243.367,25.8727,5.58493,208.987,0.0238493,15204864
824.814,28.6264,4.84624,18.7321,0.0437803,4981248
774.926,30.041,5.33225,249.814,0.0403158,11862528
10.5962,32.1897,4.89816,83.3709,0.0340076,5702144
533.949,33.5434,4.85363,178.138,0.01897,5046784
768.146,35.8616,5.19171,359.696,0.039657,9961984
533.647,42.1419,5.36118,176.984,0.0157952,12255744
10.1447,43.9108,4.63529,322.039,0.0356765,1704448
10.1447,43.9108,4.63529,51.6625,0.0356765,1704448
174.051,49.9992,5.07727,50.4751,0.0195317,8323584
534.375,50.022,5.14327,176.279,0.0174947,9241088
243.121,52.0117,5.43659,187.187,0.0146755,13238784
243.121,52.0117,5.43659,151.472,0.0146755,13238784
76.8258,53.001,5.44759,170.422,0.0245977,13435392
535.106,67.1129,4.52832,180.804,0.017256,66048
740.331,70.8203,5.15094,349.572,0.0160068,9372160
29.8906,72.6471,5.54617,308.097,0.0217239,14680576
239.685,74.9627,4.83604,173.631,0.0349308,4784640
536.021,77.0704,4.5481,177.773,0.0175919,393728
541.93,83.0022,5.03913,179.39,0.0164845,7799296
816.245,86.7828,5.02247,263.333,0.0503156,7537152
506.035,89.9338,5.0776,359.79,0.0195628,8323584
42.6506,91.3586,5.67122,181.248,0.03804,16318976
800.065,90.6996,5.10292,250.798,0.040668,8716800
248.368,92.12,5.1941,192.602,0.0172137,9961984
20.5959,93.6044,5.32945,64.88,0.0289315,11796992
322.329,96.7957,5.66202,348.367,0.020051,16187904
242.186,101.128,4.93892,177.933,0.0187409,6291968
764.537,113.794,5.20957,1.11954,0.0431489,10158592
147.417,118.151,4.49413,177.282,0.0165557,16187648
500.791,119.19,5.16319,36.8792,0.0314962,9503232
429.441,130.464,4.95742,239.444,0.0370713,6619648
733.801,131.341,4.95757,1.1225,0.0154163,6619648
244.343,141.168,5.33242,183.293,0.0554079,11862528
315.041,141.403,4.84362,17.1836,0.087899,4915712
395.794,141.038,5.19744,3.27206,0.0281706,10027520
77.6793,146.82,4.95651,356.49,0.0150764,6554112
245.616,158.387,5.49768,172.729,0.0555819,14090752
252.96,157.623,4.92316,176.344,0.0260014,6095360
249.58,166.828,5.20307,214.584,0.0186151,10093056
95.1477,202.337,4.98299,178.213,0.0212167,6947328
134.864,218.614,4.82975,260.617,0.0169512,4719104
134.864,218.614,4.82975,48.8863,0.0169512,4719104
27.3535,261.954,4.83665,156.5,0.0185419,4784640
27.3535,261.954,4.83665,68.1939,0.0185419,4784640
549.883,264.775,4.96338,89.9181,0.0151004,6685184
830.724,280.119,5.27013,349.398,0.0702952,11010560
830.724,280.119,5.27013,184.501,0.0702952,11010560
839.171,281.136,6.22861,186.295,0.0671455,6423296
522.264,285.68,5.44365,314.33,0.0299258,13369856
888.745,289.422,5.65464,89.581,0.0728905,16122368
759.37,293.855,5.46253,329.445,0.0403929,13632000
759.37,293.855,5.46253,182.555,0.0403929,13632000
168.364,295.455,4.91239,138.056,0.0145571,5964288
850.926,297.248,5.09101,269.703,0.0353517,8520192
759.658,301.681,5.22417,353.414,0.0314494,10355200
759.658,301.681,5.22417,186.726,0.0314494,10355200
326.744,320.858,5.0512,298.329,0.0157831,7930368
525.745,322.838,5.51582,293.139,0.0195913,14287360
659.043,325.801,5.12607,297.728,0.0207696,9044480
337.259,329.566,5.30333,313.682,0.018336,11469312
275.003,343.874,5.71805,77.5502,0.0134704,197376
815.239,375.445,5.10067,266.921,0.0210524,8651264
494.192,381.86,5.21669,262.113,0.0150783,10289664
205.569,382.518,4.95661,49.2274,0.0150722,6554112
266.654,415.196,5.2673,262.193,0.0141177,11010560
728.95,8.3804,6.23447,3.18784,0.0180743,6488832
859.195,7.87755,6.25838,254.598,0.0319998,6750976
24.3208,8.60681,6.51437,291.739,0.0207961,9634560
329.042,11.0877,5.98391,356.892,0.018073,3474176
35.7731,13.274,6.02751,179.838,0.0312534,3998464
61.033,18.7826,5.74542,338.605,0.0241441,525056
237.216,19.6123,6.88541,208.876,0.0165748,13632256
850.098,30.7103,6.89808,69.1191,0.0406422,13763328
195.917,32.6009,6.00208,47.4214,0.0231879,3736320
336.365,36.7084,6.23002,11.0498,0.0248167,6423296
842.183,37.5787,6.48761,180.634,0.0524829,9372416
769.454,44.5262,6.57812,359.94,0.0394706,10355456
777.828,51.1227,6.94818,352.635,0.037509,14287616
842.539,56.7855,6.26475,1.63364,0.0501823,6816512
842.539,56.7855,6.26475,175.291,0.0501823,6816512
164.011,60.1405,6.1108,5.6337,0.0238261,4981504
413.244,66.0377,6.70966,182.997,0.0169252,11797248
246.415,69.4426,6.22262,175.148,0.0195163,6292224
541.638,74.5633,5.2165,178.602,0.016792,10289664
20.1825,75.0338,7.00876,290.825,0.0308028,14942976
770.615,76.717,6.72456,359.766,0.0349757,11928320
866.662,78.0906,5.94778,243.198,0.0444893,3080960
851.841,79.8365,5.89972,263.489,0.0567759,2491136
779.561,82.3695,6.39682,341.888,0.0320764,8323840
544.022,108.148,6.16212,167.261,0.0215455,5636864
52.006,116.16,6.77788,171.265,0.0255048,12518144
759.294,121.122,6.02266,249.859,0.0349524,3932928
14.7362,148.513,6.53534,291.348,0.0207753,9896704
363.506,165.099,6.71165,239.966,0.0361227,11797248
315.607,182.129,6.21949,338.917,0.0367899,6292224
739.077,203.6,5.7572,354.177,0.0350389,721664
739.077,203.6,5.7572,25.6813,0.0350389,721664
865.522,221.511,6.40322,287.452,0.0276168,8389376
829.719,230.017,5.90713,168.892,0.09285,2556672
829.719,230.017,5.90713,6.23285,0.09285,2556672
12.3755,258.754,5.8417,110.235,0.0146886,1770240
12.3755,258.754,5.8417,35.4705,0.0146886,1770240
57.6016,269.95,6.34817,82.0827,0.0194123,7799552
43.6672,281.038,5.98874,93.618,0.0247087,3539712
822.625,280.955,6.12601,346.348,0.0761576,5178112
822.625,280.955,6.12601,88.5103,0.0761576,5178112
22.2986,283.52,6.33928,69.4857,0.0174052,7668480
738.602,284.211,6.52638,354.79,0.0277167,9765632
6.57277,286.273,5.77924,80.8833,0.0134218,983808
766.432,287.926,6.61768,101.737,0.0646013,10748672
819.926,289.162,6.02037,90.5713,0.0754933,3932928
541.847,299.159,6.43165,329.905,0.0166771,8717056
767.02,302.742,5.94365,343.218,0.0202683,3015424
777.6,303.988,6.01857,268.399,0.0160891,3932928
808.593,309.167,6.29242,259.803,0.0153231,7144192
568.197,311.038,6.19004,292.89,0.0228195,5964544
553.328,313.828,6.58029,267.88,0.0147977,10355456
277.12,320.476,6.2792,251.716,0.0259374,6947584
277.12,320.476,6.2792,15.0204,0.0259374,6947584
696.945,355.276,6.55813,266.569,0.0173811,10093312
384.23,378.2,6.92042,261.351,0.014249,14025472
376.475,416.233,6.8306,308.987,0.0161348,13042432
376.475,416.233,6.8306,108.327,0.0161348,13042432
271.085,421.128,6.12099,264.321,0.0137123,5112576
532.201,31.2594,7.70748,179.076,0.017465,5112065
815.88,39.1754,7.20895,69.3862,0.0343279,262401
887.128,43.2678,9.33435,173.564,0.0322061,2228737
788.381,45.9873,8.76699,66.8726,0.0429891,14418177
327.467,60.1394,7.74571,39.533,0.0255851,5439745
887.497,62.5426,9.26057,185.435,0.0333961,1638913
778.746,67.6927,7.38154,7.03925,0.0374815,1966337
193.867,70.8139,9.0433,177.294,0.0455472,16646401
206.291,71.2963,8.062,179.052,0.0316866,8323329
40.2623,80.0283,8.02035,180.065,0.0406033,7995649
77.8881,88.7734,7.82835,353.292,0.0334357,6226177
77.8881,88.7734,7.82835,174.927,0.0334357,6226177
858.519,88.6643,8.72561,264.96,0.0806056,14090497
858.519,88.6643,8.72561,77.1033,0.0806056,14090497
887.077,93.6415,7.99073,81.7047,0.0715266,7667969
792.408,100.19,8.12053,272.63,0.0773062,8847617
792.408,100.19,8.12053,79.4983,0.0773062,8847617
802.119,108.025,7.71917,259.899,0.0672444,5177601
802.119,108.025,7.71917,80.2557,0.0672444,5177601
863.974,109.801,8.94455,260.061,0.0358486,15859969
739.839,113.554,8.73504,2.08694,0.0204332,14156033
739.839,113.554,8.73504,29.0776,0.0204332,14156033
170.243,136.081,7.42155,358.682,0.0233084,2359553
393.68,139.215,8.02507,2.48572,0.0278685,7995649
307.917,149.486,8.27598,351.039,0.0238367,10223873
171.897,151.876,8.74123,349.787,0.0214975,14221569
199.817,159.121,8.45397,358.92,0.0405684,11796737
199.817,159.121,8.45397,175.902,0.0405684,11796737
202.289,184.729,9.47663,242.954,0.0429876,3342849
887.102,190.892,8.53737,86.6884,0.020716,12517633
182.924,195.944,8.09068,246.913,0.0356012,8585473
878.597,201.969,7.7125,268.766,0.0246261,5112065
770.194,209.164,7.6366,72.0008,0.0326598,4391169
852.743,244.317,8.5599,89.4565,0.0205794,12648705
37.8717,265.586,7.81664,106.096,0.0183187,6095105
31.017,275.847,7.58321,107.706,0.039918,3932417
746.388,277.381,8.20879,355.65,0.0362686,9634049
841.033,280.02,7.88314,181.188,0.0643535,6750465
841.033,280.02,7.88314,91.3276,0.0643535,6750465
587.271,317.943,7.63136,248.817,0.0192263,4391169
575.329,350.071,8.80575,169.293,0.0216128,14745857
795.788,377.71,8.23522,262.679,0.0162397,9896193
270.8,422.074,7.28748,264.495,0.0135824,1048833
714.797,493.726,7.63329,100.777,0.0151918,4391169
885.849,22.8059,9.84889,81.4499,0.0474259,6095361
865.609,26.2401,9.36838,72.9097,0.0369744,2490881
216.656,56.637,10.3514,181.345,0.0495342,9699841
216.656,56.637,10.3514,9.96448,0.0495342,9699841
76.2504,69.2538,9.00359,174.316,0.0286951,16318721
207.907,83.1631,10.1177,181.166,0.0294419,8061441
848.857,89.6534,10.557,266.588,0.0747271,11141633
848.857,89.6534,10.557,187.316,0.0747271,11141633
848.857,89.6534,10.557,85.7618,0.0747271,11141633
251.161,99.6227,9.19697,179.243,0.0154865,1180161
195.583,101.813,9.55207,345.083,0.0304287,3867137
195.583,101.813,9.55207,183.599,0.0304287,3867137
777.828,112.446,9.28406,262.976,0.0630409,1835521
777.828,112.446,9.28406,94.835,0.0630409,1835521
524.199,138.672,10.0583,279.384,0.0363282,7602689
223.111,152.676,10.3556,175.524,0.0439472,9765377
267.352,189.768,11.3023,4.4245,0.0134667,16056833
296.028,189.28,9.94978,168.806,0.0234255,6816257
296.028,189.28,9.94978,73.2882,0.0234255,6816257
729.969,214.896,10.1455,357.658,0.0226301,8258049
841.516,262.339,9.60887,179.784,0.041451,4325889
103.479,275.276,10.0058,234.84,0.0199617,7275009
103.479,275.276,10.0058,92.7676,0.0199617,7275009
650.194,281.753,9.22487,345.698,0.0227961,1376769
748.399,294.53,9.10884,349.65,0.0354823,459265
748.399,294.53,9.10884,321.565,0.0354823,459265
654.633,300.027,9.24484,331.416,0.0166886,1507841
739.347,304.38,9.68398,309.787,0.0134363,4915713
786.207,313.079,10.5131,267.829,0.0162407,10813953
332.984,320.124,10.9895,302.991,0.015666,14025217
326.782,332.946,10.1031,302.749,0.0193983,7930369
232.354,359.512,10.7222,112.153,0.0138528,12255745
411.17,372.947,9.46274,264.425,0.0290518,3211777
411.17,372.947,9.46274,101.721,0.0290518,3211777
264.577,388.456,9.82801,114.999,0.0360423,5964289
277.51,408.966,11.0724,167.32,0.027258,14549505
846.996,16.8163,13.6474,249.532,0.0521269,12976897
846.996,16.8163,13.6474,70.506,0.0521269,12976897
783.416,32.2683,12.1263,259.048,0.0486798,4457217
783.416,32.2683,12.1263,62.3796,0.0486798,4457217
350.469,37.2529,13.7899,18.4754,0.0311921,13763329
317.426,63.9691,11.487,45.4129,0.0275132,525057
215.264,194.129,13.659,249.96,0.024806,13042433
284.008,201.899,13.8678,260.697,0.0293104,14156545
864.316,217.046,12.6788,289.34,0.0290519,7668481
746.729,255.317,12.9517,351.022,0.0452559,9241345
792.825,261.83,12.2722,60.1194,0.0147436,5309185
635.934,273.451,14.0964,278.905,0.0141795,15336193
492.785,378.279,14.0137,268.376,0.0149007,14877441
18.7678,83.3651,16.3081,303.452,0.0375641,9175298
57.6665,103.036,18.1056,176.504,0.0353939,514
236.062,118.407,17.3766,172.132,0.0162152,13762818
155.436,140.713,17.8259,352.865,0.0196942,15597826
328.435,175.293,15.8335,357.77,0.0540764,7012610
328.435,175.293,15.8335,244.919,0.0540764,7012610
810.395,233.139,17.652,256.656,0.047403,14876930
847.281,231.311,15.9155,284.384,0.0462443,7405826
727.163,266.148,18.5245,352.296,0.0285421,1638914
291.976,347.308,15.1389,273.282,0.0182938,3801346
825.268,390.517,15.2664,265.769,0.0135078,4391170
126.551,20.4931,19.613,158.701,0.015945,5767682
148.159,69.5671,22.6991,357.266,0.0217522,16384514
794.938,74.7403,19.5933,0.409576,0.0418499,5702146
794.938,74.7403,19.5933,273.512,0.0418499,5702146
328.168,83.6962,20.1265,186.843,0.0406195,7668226
132.244,108.221,19.1598,357.873,0.0181801,4129282
32.5673,112.908,21.9685,176.994,0.0630243,14025218
410.984,127.071,21.2456,357.842,0.040318,11600386
324.924,138.151,21.589,3.52374,0.0408738,12714498
749.93,148.085,21.7752,3.41565,0.0202539,13369858
302.932,163.379,19.5455,358.005,0.0250615,5571074
159.556,169.276,18.6571,355.678,0.0195037,2163202
727.027,183.844,20.1398,7.48001,0.0252002,7733762
791.15,212.281,20.9654,249.065,0.0278457,10617346
749.442,243.047,19.6035,356.358,0.0453418,5767682
702.8,285.129,20.7929,287.389,0.0204338,10027522
702.8,285.129,20.7929,108.837,0.0204338,10027522
26.7302,54.2864,24.007,181.466,0.0494031,3736322
522.676,117.555,26.8183,359.281,0.0455953,11731714
522.676,117.555,26.8183,172.52,0.0455953,11731714
298.567,301.314,27.0457,264.502,0.0261831,12321538
298.567,301.314,27.0457,39.8862,0.0261831,12321538
262.283,396.569,25.0463,264.432,0.0352096,6750978
262.283,396.569,25.0463,114.847,0.0352096,6750978
280.533,474.438,25.7565,75.4538,0.0217176,8782594
371.046,76.9112,32.1905,341.464,0.0374297,8192259
371.046,76.9112,32.1905,185.816,0.0374297,8192259
149.699,150.369,31.4714,351.923,0.0201943,6553859
746.471,325.487,30.758,301.622,0.0160473,4915459
239.015,444.359,34.7341,268.013,0.0195304,13697283
811.634,64.6578,39.0808,353.874,0.0433523,5505539
281.51,111.608,45.2357,177.582,0.0326129,16122371
556.316,291.877,43.3547,275.811,0.0184618,13042179
117.69,394.776,41.8006,88.6292,0.0166674,10420739
186.315,453.083,42.1096,268.408,0.0203096,10945027
464.09,54.5635,48.8554,343.456,0.0355323,4981507
464.09,54.5635,48.8554,198.334,0.0355323,4981507
720.676,94.78,46.7775,359.782,0.0210787,1835779
210.516,152.829,56.6203,348.572,0.0425675,15663875
210.516,152.829,56.6203,181.417,0.0425675,15663875
698.428,386.928,109.397,304.525,0.015816,13107972
